absolute_path,file_name,file_size_bytes,file_md5,女性人物形象描述,场景和剧情推测,提取关键词,存在的标签有
/Users/firewell/Library/CloudStorage/OneDrive-个人/bioinfo/视频分析/“很爽吗阿姨，爽就叫出来啊，你也太闷骚了”.mp4,“很爽吗阿姨，爽就叫出来啊，你也太闷骚了”.mp4,54312500,f385a649f8201d4ba94ec937bb572680,"- 外貌特征：年龄约30 - 40岁（熟女区间），身材丰满，曲线明显；发型为黑色长发，发丝柔顺；妆容为淡妆风格，突出面部精致感与身材表现力。
- 服装穿着：身着银灰色带亮片的紧身上衣（性感风格服饰），搭配黑色丝袜；无眼镜、眼罩等配饰，鞋子未在画面中呈现（场景为室内床铺，穿着丝袜可替代）。
- 是否穿着丝袜以及丝袜的颜色：穿着黑色丝袜。
- 整体气质和风格：整体气质偏向成熟性感，风格为情色题材中的熟女角色，互动时展现出开放且媚态十足的姿态，风格成熟且富有魅力。","- 女性职业：推测为情色影视演员，饰演熟女类剧情角色。
- 场景环境描述：场景为室内私密空间，设有床铺，布置简洁，光线柔和，属于封闭的私人环境（如酒店房间、私人住宅卧室等），环境氛围私密，适合亲密行为演绎。
- 可能的剧情情节：剧情围绕亲密互动展开，属于情色影视题材，角色间进行亲密身体接触、性相关互动等表演行为，属于情节化的表演内容。
- 人物关系和互动：女性与其他角色（如男性等）存在亲密互动关系，属于配合演出的演员合作互动，关系为表演性的亲密协作，互动形式为肢体接触、性相关动作等。",提取能够描述人物和场景的关键词（重点关注人物特征、服装、场景、动作等）：熟女、银灰色服装、黑色丝袜、室内床、亲密互动、性感、丰满、巨乳、阿姨、少妇、丝袜、情趣装、御姐、姐姐、约炮、出轨、床上、淫妻、漂亮、高颜值、媚、丝袜、奶子、情趣装、姐姐、床上、性感。,阿姨、熟女、少妇、巨乳、丰满、黑丝、丝袜、性感、御姐、姐姐、约炮、出轨、床上、情趣装、淫妻、漂亮、高颜值、奶子、丝袜、御姐、情趣装、姐姐、床上、性感
/Users/firewell/Library/CloudStorage/OneDrive-个人/bioinfo/视频分析/两黑丝TS和直男3P.mp4,两黑丝TS和直男3P.mp4,49333995,d0d88b821cde31f85b01fe37deb4859b,"- 外貌特征：年龄呈现成熟感，推测约30 - 40岁，身材高挑且曲线优美，发型为黑色长卷发（或直发），妆容为浓妆，突出红唇、眼妆等，面部精致，凸显魅惑气质。
- 服装穿着：身着黑色性感服饰，包含黑色吊带式内衣、带有蕾丝装饰的短款上衣，风格为情趣装、媚惑装；搭配黑色长筒丝袜（黑丝），无眼镜、眼罩等配饰；服装以黑色为主，搭配黑色蕾丝与网纱，风格性感、风情。
- 是否穿着丝袜以及丝袜的颜色：穿着黑色丝袜（黑丝），丝袜颜色为黑色。
- 整体气质和风格：气质成熟、性感，带有主导性魅力，风格偏向媚惑、风情，属于TS（跨性别/变性）角色风格，整体呈现魅惑、魅力的成熟女性形象。","- 女性职业：推测为情色行业从业者，如TS（跨性别表演者）、情色模特或女技师等，在成人影片中饰演具有魅惑气质的女性角色。
- 场景环境描述：场景为室内私密空间，具体为卧室或酒店房间，空间内有床、镜子、装饰画、窗帘等布置，光线柔和，属于私密、舒适的性互动场景。
- 可能的剧情情节：围绕“两女性与一名男性”的三人互动性剧情，包含亲密接吻、性爱接触、性爱等成人影片常见的情色场景，属于性爱/情色表演类剧情，强调角色间的性互动与搭配。
- 人物关系和互动：两女性为表演搭档（或闺蜜、同行关系），与男性为性互动对象，关系为性伴侣关系，互动包含亲密亲昵、性接触、性爱等动作，呈现多人性互动的剧情走向。",提取能够描述人物和场景的关键词，重点关注人物特征、服装、场景、动作等，标签包括：黑丝、熟女、性感、成熟、长发、浓妆、情趣装、黑色、蕾丝、室内、卧室、床、性互动、亲密、一男两女、媚惑、媚娘等。,黑丝、人妖、一男两女、性感、内射、口交、床上、调教、熟女、熟妇、媚惑、御姐、漂亮、约炮、出轨、女技师、秘书、姐姐、多人、群交、酒店、丝袜、奶子、高颜值、自慰、淫妻、强奸、迷奸、长发、浓妆、丰满、红唇
/Users/firewell/Library/CloudStorage/OneDrive-个人/bioinfo/视频分析/露脸做爱！巨乳人妻！网袜真的很诱人.mp4,露脸做爱！巨乳人妻！网袜真的很诱人.mp4,168099742,3fd68e55b53c8983ca47a57866ea5626,"- 外貌特征：年龄属于成熟女性（约30 - 40岁），身材丰满，胸部硕大呈现“巨乳”特征；发型为黑色长发，妆容为浓妆（眼妆、唇妆突出），整体给人成熟且性感的视觉效果。
- 服装穿着：身着黑色连体网袜（或网状情趣装），无其他外露衣物；未佩戴眼镜、眼罩等配饰。
- 是否穿着丝袜以及丝袜的颜色：穿着丝袜，丝袜颜色为黑色（网袜属于丝袜范畴，故为黑丝）。
- 整体气质和风格：气质性感、成熟，风格偏向成人影视中情色角色的呈现，整体风格带有亲密、性感的特质。","- 女性职业：推测为成人影视演员，饰演情色/性爱互动类角色，属于情色影片中的女性表演者。
- 场景环境描述：场景为室内酒店房间，包含床、现代家具（如装饰隔断、紫色灯光）、私密居住空间，环境布置现代且具有私密性。
- 可能的剧情情节：呈现成人影视中的性爱互动情节，包含一对一、多人参与的亲密行为，属于情色影片的常规剧情，展现亲密、性爱类的互动场景。
- 人物关系和互动：存在男性角色，女性角色间存在亲密互动（性爱、身体接触等），多人参与时呈现群体性互动关系，属于成人影视中角色间的情色互动模式。",提取的关键特征标签有：巨乳、人妻、黑丝、网袜、熟女、酒店、床上、多人、群交、一男两女、性感、丝袜、情趣装、御姐、漂亮、约炮、出轨、淫荡、巨乳、黑丝、床上、酒店、丝袜、熟女、情趣装、姐姐、多人、群交、一男两女等。,少妇、人妻、巨乳、黑丝、熟女、酒店、床上、多人、群交、一男两女、性感、丝袜、情趣装、御姐、漂亮、约炮、出轨、淫荡、巨乳、黑丝、床上、酒店、丝袜、熟女、情趣装、姐姐、多人、群交、一男两女、高颜值、自慰、御姐、漂亮、出轨、熟女、淫妻、学妹、口交、情趣装、姐姐、强奸、迷奸、多人、群交、一男两女、OL、酒店、床上、丝袜、情趣装
/Users/firewell/影视/AV/#整理完成/#未知女优/MFCW-055 MFCW-055 あさみ/MFCW-055.mp4,MFCW-055.mp4,1964797422,68afe85c4867df0c2d95cb72b35a2baa,"- 外貌特征：年龄约30岁左右，身材丰满，留着棕色长卷发，妆容为浓妆，有红唇、眼妆等精致妆容，面容精致，五官立体。
- 服装穿着：前期穿着白色一字肩长袖上衣搭配格纹半身裙；后期穿着黑色丝袜、紫色蕾丝内衣，搭配白色短款上衣。未佩戴眼镜或眼罩，可见黑色丝袜，鞋子未明确显示。
- 是否穿着丝袜以及丝袜的颜色：穿着丝袜，颜色为黑色。
- 整体气质和风格：前期在咖啡店时气质相对温和，后期在车内、酒店等场景中展现出主动、挑逗的性感风格，整体风格偏向成人影片中的挑逗性、性感化呈现。","- 女性职业：推测为OL（办公室职员），服装风格兼具职业装与性感元素，契合成人题材中职业女性角色设定。
- 场景环境描述：场景涵盖咖啡店（室内，设有桌椅、砖墙装饰）、车内（驾驶座与副驾区域，呈现汽车内饰）、酒店房间（配备床、浴室等，为现代装修）等。
- 可能的剧情情节：剧情围绕女性与男性在咖啡店相识后，逐步发展亲密关系，从车内互动延伸至酒店房间内的亲密行为，属于成人题材中“约炮”“出轨”类情节，女性角色或担当主动追求或被挑逗的角色。
- 人物关系和互动：女性与男性间为亲密关系，互动包含挑逗、亲昵动作（如亲昵互动、肢体接触等），关系偏向亲密甚至暧昧，整体互动以亲密行为为主。",长发、浓妆、丝袜、轿车、酒店、白色上衣、格纹裙、紫色内衣、挑逗动作、亲密互动、车内场景、酒店场景、性感风格、办公室风格、耳环、红唇、丰满身材,少妇、人妻、熟女、丝袜、车内、酒店、内射、口交、出轨、约炮、浓妆、性感、高颜值、OL、职业装、丰满、巨乳、御姐、姐姐、奶子、床上、口交、情趣装、已婚、对白、骚话、丝袜、奶子、高颜值、御姐、约炮、出轨、内射、口交、车内、酒店、OL、职业装、性感、丰满、黑丝、浓妆、红唇、长发、卷发、巨乳
"/Users/firewell/影视/AV/#整理完成/安藤季世,釜谷明日華,天野結慈,飯島稚由里/SDJS-329 SDJS-329 洗脳リングに侵食されていく…フリを命じられ、ド変態フランス人の言いなり雌玩具として肉便器業務/SDJS-329.mp4",SDJS-329.mp4,10034705919,9dbc6165d8ff1f93fed8520627c48383,"- 外貌特征：年龄推测为20 - 30岁，身材中等（部分画面显示丰满），发型有齐刘海短发、黑色长发等，妆容为淡妆至浓妆（如红唇），部分画面佩戴金属边框眼镜，整体形象兼具职场专业感与性感风格。
- 服装穿着：衣物包含黑色西装外套、白色衬衫、灰色吊带背心、格纹内衣等，类型为职业装（OL制服）与休闲/性感装，颜色以黑色、白色、灰色为主，风格融合职场正式与性感化，鞋子为黑色高跟鞋，未佩戴眼罩，穿着黑色丝袜。
- 整体气质和风格：职场专业感与性感风格结合，后期通过脱衣、互动等动作展现出挑逗、魅惑的气质，属于制服情色风格的扮演角色。","- 女性职业：办公室职员（OL）或职场新人（学生/职场新人）。
- 场景环境描述：场景为办公室（含白板、办公桌、电脑、文件）、会议室、休息区域（有帐篷、餐食区域），环境布置有办公设备与装饰，属于办公场所及周边。
- 可能的剧情情节：围绕办公室职场展开，包含制服展示、团队互动、亲密互动（脱衣、身体接触等），属于职场情色类剧情，可能是制服诱惑或职场关系下的情感/性互动情节。
- 人物关系和互动：同事关系（多名穿制服女性）、上下级关系（男性参与互动），互动形式有合作交流、亲密互动（如脱衣、身体接触等）。",齐刘海、短发、眼镜、西装、制服、丝袜、办公室、OL、职业装、吊带、内衣、互动、脱衣、白板、同事、上级,丝袜、制服、办公室、OL、眼镜、学生、互动、脱衣、同事、办公室、OL、丝袜、眼镜、制服、学生、互动、脱衣、同事（筛选核心标签后综合输出，实际按存在标签列出）
/Users/firewell/影视/AV/#整理完成/岬ひかり/JUR-039-C 新人 岬ひかり 32歳 AV DEBUT 愛に飢えた起業家、100万ドルのイイオンナ。/JUR-039-C.mp4,JUR-039-C.mp4,6373902843,8b4cbf6f7a4c0f7ef932ff034d951ee8,"- 外貌特征：年龄约30 - 40岁，身材丰满，发型为黑色中长发；妆容以淡妆为主，有红唇，呈现成熟女性的韵味；面部皮肤状态良好，整体形象具有成熟性感特质。
- 服装穿着：在不同场景中穿着无袖浅色上衣（搭配橙色下装）、浅紫色蕾丝内衣（含内衣与内裤）、黑色无袖连衣裙、蕾丝风格内衣等；未穿着丝袜；无眼镜、眼罩等配饰。
- 整体气质和风格：整体气质成熟性感，风格偏向成人影片中熟女、人妻类角色，展现出热情、主动的特质。","- 女性职业：推测为成人影片演员，饰演熟女、人妻等角色。
- 场景环境描述：场景为私密室内环境，包含酒店房间（有床、床具、室内家具）与休闲室（有沙发、木质装饰等），环境温馨且私密。
- 可能的剧情情节：剧情围绕女性与男性的亲密互动展开，包含对话、身体接触、亲吻、性爱等情节，属于亲密关系与互动类剧情。
- 人物关系和互动：女性与男性为亲密关系（如情侣、熟人），互动时女性主动、热情，男性配合，关系亲近。",成熟、丰满、长发、红唇、性感、蕾丝内衣、无袖上衣、连衣裙、室内、酒店、亲密互动、接吻、性爱姿势、熟女、人妻、巨乳、床上、长发、红唇、蕾丝、酒店等。,少妇、人妻、熟女、女神、巨乳、身材、性感、御姐、漂亮、出轨、人妻、丰满、微胖、内衣、床上、酒店、亲密、长发、红唇、蕾丝、人妻、模特、高颜值、阿姨、颜值、巨乳、身材、性感、御姐、漂亮、熟女、丰满、微胖、蕾丝、内衣、床上、酒店、亲密、长发、红唇、人妻、少妇
/Users/firewell/影视/AV/#整理完成/待田もか/MFCW-010 MFCW-010 女優の夢を諦め専業主婦に……新婚ほやほやの新妻がマリッジブルーの寂しさを埋めるためチ○コを求めてマッチング！持参の電マで男子高○生ばりの性欲が大爆発！？純白のヴェールを捲って現れた美尻を打ち付けて眺望抜群のホテルで自宅のタワマンを眺めながらの背徳アクメ！【もか/25歳/結婚1ヶ月目】/MFCW-010.mp4,MFCW-010.mp4,4328798849,933a83e93ec4c775f8b05efeea6ce366,"- 外貌特征：年龄约30 - 40岁，身材丰满有曲线感；黑色齐肩短发搭配齐刘海，妆容为淡妆，呈现红唇效果，面部妆容自然亲切，显露出成熟气质。
- 服装穿着：身着蓝色无袖上衣，外搭白色宽松衬衫；下身穿黑色短裙或下装，未佩戴眼镜或眼罩；未明确穿着长筒丝袜，内裤为白色蕾丝款式；整体气质和风格：在互动场景中表现热情主动，整体风格偏向性感且带有职业女性的成熟韵味。
- 是否穿着丝袜以及丝袜的颜色：未明确穿着长筒丝袜，内裤为白色蕾丝款式。
- 整体气质和风格：在互动场景中表现热情主动，整体风格偏向性感且带有职业女性的成熟韵味。","- 女性职业：推测为白领职员（OL）或秘书类职业，服装风格融合职业装与休闲元素。
- 场景环境描述：涵盖户外（电梯、草地、河边步道、车内）与室内（现代办公空间、酒店房间等，有窗户和简约现代布置）。
- 可能的剧情情节：围绕婚外情感互动展开，包含亲密接触、调教等情节，属于成人题材内情感纠葛类剧情。
- 人物关系和互动：与男性存在亲密互动关系，可能为丈夫以外情感伙伴，互动呈现亲密且带情感冲突的状态。",提取的关键词有：齐肩短发、蓝色无袖上衣、白色外搭、蕾丝内裤、黑色下装、户外草地、车内、室内现代空间、亲密互动、抚摸、熟女、性感、职业装、办公室、内衣、丁字裤、野外、酒店、红唇、丰满、微胖、御姐、淡妆、口交、情趣装、姐姐、强奸、迷奸、内射、绿帽、人妻、女友、一男两女、OL、秘书等。,少妇、极品、偷情、老婆、人妻、熟女、性感、御姐、丰满、微胖、高颜值、颜值、红唇、内衣、车内、酒店、办公室、口交、情趣装、姐姐、强奸、迷奸、内射、绿帽、人妻、熟女、性感、女友、一男两女、OL、秘书、丁字裤、野外、酒店
/Users/firewell/影视/AV/#整理完成/愛才りあ/IPZZ-492-C IPZZ-492 FIRST IMPRESSION 178 天然美 NATURAL BEAUTY/IPZZ-492-C.mp4,IPZZ-492-C.mp4,9027371783,36c520b1a6e0f521cd148d609a7e4b85,"- 外貌特征：年龄约25 - 35岁（成熟女性）；身材丰满，胸部与臀部线条明显；发型为黑色长发，直发且长发披肩；妆容为淡妆，唇部有红唇或自然风格妆容。
- 服装穿着：衣物类型包含露肩连衣裙、无袖白色上衣、浅粉色长裙、内裤、裸体状态、黑色蕾丝短袖上衣搭配白色百褶裙等；颜色有浅蓝、白色、粉色、黑色、裸色等；鞋子未在画面中呈现（多为室内或无鞋场景）；无眼镜、眼罩。
- 是否穿着丝袜以及丝袜的颜色：未穿着丝袜。
- 整体气质和风格：作为演员，在剧情中呈现风情、娇媚、温柔的气质，风格为影视表演中的情感与情色类角色呈现。","- 女性职业：推测为影视演员（参演情色或情感类影视作品），也可能饰演角色为普通女性（如妻子、女友等）。
- 场景环境描述：包含室内环境（布置有绿植、灯光、床、沙发、椅子等，风格现代且温馨；也有影视布景的房间），部分场景为户外（有绿意环境）。
- 可能的剧情情节：围绕亲密关系展开，包含对话、互动、亲密行为（如亲昵交流、身体接触等），剧情可能涉及情感倾诉、亲密关系发展等，结合亲密动作推测为情色类剧情。
- 人物关系和互动：与男性角色有亲密互动，关系可能是伴侣（如夫妻、情侣），互动呈现亲密、亲昵、交流等行为，如牵手、身体接触、对话等。",长发、黑色长发、丰满身材、裸体、室内场景、亲密动作、白色上衣、黑色蕾丝上衣、床、沙发、绿植装饰、情色表演、演员、女性、男性互动、裸体、近距离接触,少妇、熟女、巨乳、身材、内射、后入、床上、性感、淫妻、已婚、女神、高颜值、御姐、漂亮
/Users/firewell/影视/AV/#整理完成/愛才りあ/IPZZ-497 IPZZ-497 革命的美少女がイクイク連発！！初体験絶頂4本番スペシャル 愛才りあ （ブルーレイディスク） 生写真3枚付き/IPZZ-497.mp4,IPZZ-497.mp4,9435578677,242423c6891094a5b4a90f9cdb6bc58f,"- 外貌特征：年龄约为25 - 30岁，身材丰满，发型多为黑色长发（部分画面带有齐刘海，整体发型自然且长度较长），妆容具有表演性，有浓妆（突出五官）、淡妆（自然感）与素颜（展现真实感）切换，面部有红唇妆容，整体形象偏向成熟且具有吸引力。
- 服装穿着：衣物类型多样，涵盖休闲（如白色泡泡袖上衣搭配灰紫色长裙、黄色背心）与性感（如裸体、白色蕾丝连衣裙）风格，颜色丰富；未佩戴眼镜、眼罩等配饰；未穿着丝袜。
- 是否穿着丝袜以及丝袜的颜色：未穿着丝袜。
- 整体气质和风格：气质热情且具有表演性，风格偏向性感、主动，通过亲密互动、性爱动作展现活力与魅力。","- 女性职业：推测为成人影视演员，从事具有亲密、性互动内容的演出工作。
- 场景环境描述：包含户外（草地、植被，第一张画面）与室内（卧室、客厅等生活化空间，多张画面），环境布置生活化，属于住宅类场景。
- 可能的剧情情节：围绕亲密关系与性互动展开，包含亲吻、抚摸、性爱姿势等情节，属于成人影视中的情感与性爱类剧情。
- 人物关系和互动：与男性演员有亲密互动关系，包含亲密接触、性爱动作等，关系偏向亲密且具有表演性。",丰满、裸体、性感、户外、室内、长裙、蕾丝连衣裙、背心、亲吻、抚摸、性爱、长发、浓妆、淡妆、素颜、红唇、丰满、微胖、酒店、室内、蕾丝、性爱、多人、一男两女、性感、熟女、巨乳、床上、女友、内射、口交、姐姐、长发、浓妆、淡妆、素颜、丰满、微胖、大奶、巨乳等（提取人物特征、服装、场景、动作等关键信息）。,少妇、熟女、女神、巨乳、奶子、性感、床上、女友、大奶、内射、口交、姐姐、长发、浓妆、淡妆、素颜、丰满、微胖、酒店、蕾丝、亲吻、抚摸、性爱、多人、一男两女、熟女、丰满、巨乳、床上、女友、内射、口交、姐姐、长发、浓妆、淡妆、素颜、丰满、微胖、大奶、巨乳
/Users/firewell/影视/AV/#整理完成/愛才りあ/IPZZ-520-C IPZZ-520 「初泡姫チャレンジします」 即尺即ハメ！！天然美少女のイチャイチャ御奉仕ソープ/IPZZ-520-C.mp4,IPZZ-520-C.mp4,6770298292,e29f01786b7b19418ba84ffa4994a152,"- 外貌特征：年龄约25 - 30岁，身材丰满，长发（部分场景为盘发），妆容为浓妆（眼妆、唇妆明显），整体给人性感成熟气质。
- 服装穿着：穿着白色蕾丝睡衣、白色或黑色丝袜，部分场景为裸露身体状态；无眼镜、眼罩等配饰。
- 是否穿着丝袜以及丝袜的颜色：穿着丝袜，颜色有黑色和白色。
- 整体气质和风格：性感、成熟，主动热情，风格偏向亲密互动与性感表现。","- 女性职业：成人影片演员（或类似亲密表演类演艺人员），饰演“人妻”“熟女”等角色。
- 场景环境描述：包含浴室（瓷砖墙面、浴缸、沐浴用品、花卉装饰等，光线柔和）和室内卧室（沙发、床，布置温馨，有花卉与柔和光线）等私密且舒适的场景。
- 可能的剧情情节：围绕亲密关系展开，包含接吻、爱抚、性爱等互动动作，呈现表演性质的亲密情节，推动人物间情感或性关系发展。
- 人物关系和互动：与男性角色存在亲密互动，关系为表演中的伴侣或合作演员，互动亲密且富有情节性。",熟女、女神、巨乳、黑丝、白丝、浴室、床上、人妻、性感、丝袜、奶子、蕾丝、沐浴、室内、亲密、互动,少妇、熟女、女神、巨乳、黑丝、白丝、浴室、床上、人妻、性感、丝袜、奶子、出轨、人妻、已婚
/Users/firewell/影视/AV/#整理完成/愛才りあ/IPZZ-565-C IPZZ-565 俺のことが昔から大好きな幼馴染に1ヶ月の禁欲をさせて彼女不在中にハメまくった甘くも切ない3日間 愛才りあ （ブルーレイディスク） 生写真3枚付き/IPZZ-565-C.mp4,IPZZ-565-C.mp4,5214962383,07b917ac5034dd7ebad3350e25383896,"- 外貌特征：年龄约30岁左右（成熟女性），身材丰满，长发（部分场景为披肩长发，部分为马尾造型），妆容以淡妆为主，面部精致，有红唇等妆容细节；
- 服装穿着：多种风格，包含白色泡泡袖短袖上衣搭配灰色格纹短裙（职场风格）、黄色短袖上衣、内裤、裸体等；无鞋子、眼镜、眼罩；
- 是否穿着丝袜以及丝袜的颜色：未穿着丝袜；
- 整体气质和风格：性感成熟，带有情色表演风格，动作和表情偏向亲密挑逗，气质优雅又充满诱惑。","- 女性职业：职场女性（OL）或家庭相关职业（如主妇），从服装的OL风格及场景推测；
- 场景环境描述：以室内环境为主，包含卧室（有床、窗帘等布置）、酒店房间、浴室（有浴缸、瓷砖墙面等设施）等，布置温馨且私密；
- 可能的剧情情节：涉及亲密关系互动，包含婚外情、性爱等情节，通过画面中的亲密动作（接吻、性姿势等）推测；
- 人物关系和互动：与男性角色为亲密关系（如夫妻、情人），互动包含亲密接吻、性爱等行为，关系偏向暧昧甚至亲密。",提取的关键词有：丰满、成熟、长发、马尾、OL、裸体、性感、亲密、室内、酒店、浴室、床、巨乳、内裤、情趣装、性感、熟女、老婆、人妻、少妇、偷情、床上、口交、裸体、巨乳、丝袜（若存在但此场景无则不列）、高颜值、御姐、姐姐、女友、大奶等。,丰满、熟女、性感、巨乳、内射、口交、床上、淫妻、老婆、人妻、少妇、偷情、出轨、高颜值、御姐、姐姐、女友、大奶、丝袜、高颜值、性感、熟女、老婆、人妻、少妇、偷情、淫荡、奶子、内射、口交、情趣装、姐姐、巨乳、裸体、酒店、浴室、OL、裸体、性感、淫妻、女友、大奶、床上、巨乳、熟女
/Users/firewell/影视/AV/#整理完成/愛才りあ/IPZZ-570-C IPZZ-570 革命的美少女の追い込みアクメ超覚醒 ポルチオ！追撃！激ピストン！マジイキ超連発SPECIAL 愛才りあ （ブルーレイディスク） 生写真3枚付き/IPZZ-570-C.mp4,IPZZ-570-C.mp4,7958499867,2f913441a52852e4de2dbc10be3f711e,"- 外貌特征：年龄约25 - 35岁，身材丰满，发型为长发（部分画面呈现长发披散，部分为扎发造型），妆容为浓妆（带有红唇等元素），面容精致。
- 服装穿着：身着带有蓝色花纹的白色露肩连衣裙，以及白色、蓝色的蕾丝内衣、内裤等；未佩戴眼镜、眼罩，也未穿着鞋子；未穿着丝袜（画面中未显示丝袜相关特征）。
- 是否穿着丝袜以及丝袜的颜色：未穿着丝袜，画面中未呈现丝袜，因此无法明确丝袜颜色。
- 整体气质和风格：整体气质具备成熟女性的性感魅力，风格偏向激情与媚态，展现出强烈的魅力与吸引力。","- 女性职业：推测为成人影视演员（或从事相关演艺职业）。
- 场景环境描述：场景为室内私密空间，布置有床、装饰性绿植、暖光与红光照明设施，属于私人居住类或类似私密场所，环境温馨且具有私人化氛围。
- 可能的剧情情节：剧情围绕亲密关系与激情互动展开，属于成人题材剧情，包含亲吻、身体接触、激情行为等情节，演员所饰演的角色为具有主动性与热情感的女性角色，剧情可能涉及婚外情、激情约会等亲密互动类情节。
- 人物关系和互动：与男性角色关系为亲密伴侣（如情人、情侣），二者互动频繁且亲密，包含亲吻、身体接触、激情行为等互动形式。",提取能够描述人物和场景的关键词，重点关注人物特征、服装、场景、动作等，关键特征标签为：性感、蕾丝、内衣、床上、成熟、长发、激情、亲密、室内、床、互动、巨乳、丝袜、媚态。,性感、熟女、巨乳、床上、丝袜、人妻、少妇、淫荡、御姐、高颜值、内射、强奸、性感、已婚、蕾丝、内衣、口交、情趣装、姐姐
/Users/firewell/影视/AV/#整理完成/愛才りあ/IPZZ-590-C IPZZ-590 出張先が記録的豪雨で童貞部下と突然相部屋に…雨で濡れた身体に興奮した部下に襲われ朝まで7発のびしょ濡れ絶倫性交/IPZZ-590-C.mp4,IPZZ-590-C.mp4,5194079369,338fa220aa357ac2cd830492225b7b88,"- 外貌特征：年龄约25 - 30岁，属于成熟女性；身材丰满，曲线优美；发型为黑色长发，部分场景为披肩长发，部分场景盘成发髻；妆容为淡妆，有自然红唇和精致面部妆容，显得优雅且性感。
- 服装穿着：衣物包含灰色西装外套、白色衬衫、灰色包臀裙、浅蓝色蕾丝内衣、黑色内裤、黑色丝袜；风格兼具职业装（西装、衬衫、裙子）与性感内衣风格；无眼镜和眼罩。
- 是否穿着丝袜以及丝袜的颜色：穿着丝袜，颜色为黑色。
- 整体气质和风格：成熟性感，兼具职业女性的干练与性感的特质，风格偏向熟女、御姐，气质自信且具有吸引力，整体形象兼具职业魅力与性感韵味。","- 女性职业：OL（办公室职员）。
- 场景环境描述：包含现代酒店房间（床、浴室、灯光布置）、办公场所（门、西装场景）等，环境具有现代商业与休闲结合的特点。
- 可能的剧情情节：推测为职场关系下的情感与亲密情节，从对话和互动来看，女性与男性为亲密关系（情侣或伴侣），剧情围绕两人情感发展与亲密互动展开，包含调情、身体接触、性关系等情节，属于浪漫/亲密向剧情。
- 人物关系和互动：女性与男性为亲密关系（情侣、伴侣），互动包含对话交流、调情、亲密身体接触（如触碰、性爱动作等），关系亲密且女性在互动中表现出主动、热情的态度。",提取的关键特征标签：熟女、OL、职业装、西装、衬衫、裙子、黑丝、内衣、酒店、浴室、亲密互动、性感、长发、成熟、丝袜、床、对话、御姐、姐姐、少妇、人妻、性感、御姐、姐姐、少妇、人妻、极品、偷情、老婆、女神、巨乳、身材、内射、绿帽、露脸、阿姨、颜值、淫荡、后入、小姐姐、骚货、良家、对白、骚话、丝袜、奶子、高颜值、打桩、出轨、老师、顶级、精液、床上、性感、闺蜜、已婚、肉丝、口交、情趣装、姐姐、强奸、迷奸、高挑美女、一男两女、OL、职业装、办公室、酒店、口交、情趣装等。,熟女、OL、职业装、黑丝、丝袜、酒店、性感、御姐、姐姐、少妇、人妻、极品、偷情、老婆、女神、巨乳、身材、内射、绿帽、露脸、阿姨、颜值、淫荡、后入、小姐姐、骚货、良家、对白、骚话、丝袜、奶子、高颜值、打桩、出轨、老师、顶级、精液、床上、性感、闺蜜、已婚、肉丝、口交、情趣装、姐姐、强奸、迷奸、高挑美女、一男两女、OL、办公室、酒店、口交、情趣装
/Users/firewell/影视/AV/#整理完成/愛才りあ/IPZZ-613-C IPZZ-613 携帯ナースコールで24時間口内射精OK！ 即尺超好きおしゃぶり痴女ナース/IPZZ-613-C.mp4,IPZZ-613-C.mp4,5471860108,9de31abeaa1423068cab59e563013c8d,"- 外貌特征：年龄处于青年至中年阶段，拥有长发（部分场景为披发，部分为扎马尾或保留刘海），脸部有淡妆，妆容自然柔和；身材丰满，体态匀称。
- 服装穿着：身着多种护士制服（如白色基础款、粉色外套、黑色外套等），均搭配护士帽；无眼镜与眼罩；穿着丝袜，颜色为白色。
- 是否穿着丝袜以及丝袜的颜色：穿着丝袜，颜色为白色。
- 整体气质和风格：整体气质偏向主动且性感的护士角色，风格具有挑逗性，通过制服呈现职业化特质，同时动作与气质结合呈现诱惑性演绎风格。","- 女性职业：推测为护士（依据制服、护士帽及护理场景特征判断）。
- 场景环境描述：场景为室内私密空间，布置温馨，存在床、窗帘、床铺等设施，类似酒店房间或私人护理场所，光线柔和，环境封闭。
- 可能的剧情情节：剧情围绕演员饰演的护士角色展开，包含与男性角色的亲密互动情节，属于影视化演绎，涉及护理场景下的互动与动作呈现。
- 人物关系和互动：女性（护士角色）与男性角色存在亲密互动关系，互动形式包含亲昵接触、服务性动作等，属于角色扮演类的剧情互动。",护士、护士服、丝袜、丰满、室内、床、亲密互动、挑逗、长发、淡妆、护士帽、酒店房间,护士、丝袜、熟女、丰满、床上、性感、职业装、口交、女技师、内射、酒店、白丝
/Users/firewell/影视/AV/#整理完成/愛才りあ/IPZZ-643 IPZZ-643 修学旅行の下見出張でセクハラ教師とまさかの相部屋に…軽蔑していたキモ教師に死ぬほどイカされまくった屈辱SEX 愛才りあ （ブルーレイディスク）/IPZZ-643.mp4,IPZZ-643.mp4,6448023885,b0f9b05cf3fd1e32e50c396d6a46dfe3,"- 外貌特征：年龄约为30岁左右，属于熟女范畴，身材丰满，长发（存在披散、马尾、盘发等多种发型），妆容为浓妆（红唇等突出妆容），面部呈现自然肤色。
- 服装穿着：衣物涵盖职业装（蓝色衬衫、黑色西装外套）、传统和服、浴池场景下的轻衣或裸体状态，未穿鞋子；部分画面中佩戴眼镜，无眼罩；未穿着丝袜。
- 整体气质和风格：兼具职业女性的干练专业感与私密场景下的性感媚态，风格多样且富有变化。","- 女性职业：推测为办公室职员（如秘书、白领），依据其穿着职业西装、处于办公环境等特征判断。
- 场景环境描述：包含室内办公空间（有窗帘、桌子、日式风格装饰房间）、私密休闲场所（浴池，类似温泉或按摩空间）、传统日式房间（榻榻米、推拉门等布置）。
- 可能的剧情情节：围绕职场关系或私人互动展开，情节包含亲密接触、调情、私密空间内的亲密行为等。
- 人物关系和互动：与男性角色存在亲密互动关系，可能是配偶、同事或服务对象，互动形式包括对话、肢体接触、浴池内亲密行为等，关系偏向亲密或暧昧。",- 提取的关键词：熟女、办公室、和服、浴池、丰满、眼镜、亲密互动、裸体、性感、少妇、人妻、职业装、裸体等。,少妇、熟女、身材、眼镜、办公室、浴池、和服、裸体、性感、人妻、OL、职业装
/Users/firewell/影视/AV/#整理完成/愛才りあ/OAE-272 OAE-272 ALL NUDE/OAE-272.mp4,OAE-272.mp4,6028166527,7372f4c86c6785d48bc5a4aeaf774a1a,"- 外貌特征：年龄约20 - 35岁，身材丰满，体态良好；发型包含长发、马尾、短发等多种样式；妆容有浓妆（红唇、眼妆等）、淡妆及素颜；颜值较高，面部精致。
- 服装穿着：身着浅色蕾丝比基尼、黑色蕾丝内衣、带有白色装饰的女仆制服（搭配白色丝袜）、浅色针织开衫等；未佩戴眼镜、眼罩；既有穿丝袜的情况（如白色、黑色蕾丝款丝袜），也有裸体等未穿丝袜的情况。
- 是否穿着丝袜以及丝袜的颜色：穿着丝袜，颜色涵盖白色、黑色蕾丝款等。
- 整体气质和风格：性感、成熟，带有情色题材特有的风情与媚态，通过比基尼、女仆装、裸体等多种服装造型展现性感与风情，气质偏向媚惑、诱惑。","- 女性职业：推测为成人影片演员，饰演情色题材角色。
- 场景环境描述：以室内场景为主，包含酒店房间、卧室（有床、床单、枕头等），部分场景有窗户透进自然光，环境布置私密、温馨，灯光营造性感氛围。
- 可能的剧情情节：围绕情色互动展开，包含角色扮演（如女仆）、性感展示、亲密情节等，属于成人影片常见的情色剧情。
- 人物关系和互动：以单女主为主，通过不同场景与造型展现自我，或隐含与男性角色的互动，人物关系偏向私密、性感的单线互动。",性感、比基尼、蕾丝、女仆装、丝袜、床、裸体、内衣、长发、高颜值、情趣装、丰满、御姐、漂亮、约炮、出轨、制服、酒店、黑丝、白丝、床上、内衣、女仆、情趣装、姐姐等。（提取人物特征、服装、场景、动作等关键词）,少妇、熟女、女神、巨乳、身材、黑丝、白丝、丝袜、性感、奶子、高颜值、御姐、漂亮、约炮、出轨、女仆、制服、酒店、内衣、裸体、情趣装、姐姐
"/Users/firewell/影视/AV/#整理完成/本田瞳,星あめり,武藤あやか/nask-254 NASK-254 義父に縛られた嫁 隷属の縄に悦び悶える痴態 緊縛調教に堕ちた美しき人妻たち 4人4時間/nask-254.mp4",nask-254.mp4,10849074008,9052e868ccc42e65f69cb8b152372159,"- 外貌特征：年龄约30岁左右（熟女范畴），身材丰满具曲线感；发型为中短棕色头发（部分画面为绑起造型）；妆容浓，眼妆、唇妆突出，整体造型成熟性感。
- 服装穿着：在情色/束缚场景多赤裸身体，仅部分画面穿着白色轻薄衣物、衬衫等；无鞋子、眼镜、眼罩等配件；未穿着丝袜（画面中未显示丝袜）。
- 整体气质和风格：在剧情中呈现性感与脆弱兼具的状态，风格偏向情色表演，情绪有抗拒、痛苦与配合交织，属于“被调教、凌辱”类角色风格。","- 女性职业：情色影片女演员（女优），饰演在束缚场景下经历性互动的角色。
- 场景环境描述：室内空间，以日式风格为主（有榻榻米、推拉门、木质装饰），光线柔和，布置私密，包含床铺、蜡烛等元素。
- 可能的剧情情节：女性被绳子束缚后，与多名男性（含年长男性）发生性关系，包含调教、内射、凌辱等情色情节，剧情围绕“束缚下的性互动”展开，隐含关系如出轨、家庭内情色等。
- 人物关系和互动：与多名男性有性互动（被束缚后形成控制关系），日常场景中与一名男性（如配偶）有互动，以情色场景下的多男性互动为核心关系模式。",熟女、裸体、束缚、绳结、情色、日式房间、男性互动、巨乳、性感、淫妻、凌辱、内射、露脸、高颜值、出轨、情色、束缚。,少妇、淫妻、熟女、巨乳、调教、身材、淫荡、内射、强暴、凌辱、淫妻、露脸、高颜值、性感、出轨、情色、束缚、绳结
/Users/firewell/影视/AV/#整理完成/栗山莉緒/JUR-289-C 人妻秘書、汗と接吻に満ちた社長室中出し性交 すべての社長が望む愛人秘書の理想郷。/JUR-289-C.mp4,JUR-289-C.mp4,6792539682,46485585c8e1b977a4ea86edaf9083fb,"- 外貌特征：年龄约30 - 40岁，为成熟女性；身材丰满，曲线明显；发型为长发（带有齐肩刘海，发色为棕色系，发型呈直发状态）；妆容为浓妆，包含红唇、眼妆等，整体妆容精致。
- 服装穿着：身着职业装风格白色宽松衬衫（领口较低）、黑色蕾丝内衣、白色短上衣搭配蕾丝内衣；未佩戴鞋子、眼镜、眼罩；穿着黑色丝袜。
- 是否穿着丝袜以及丝袜的颜色：穿着丝袜，丝袜颜色为黑色。
- 整体气质和风格：性感媚态，兼具职业女性的成熟感，风格偏向情色与挑逗，通过姿态、动作展现媚态与亲昵感。","- 女性职业：推测为办公室职员（OL、秘书等），依据场景中的办公室环境、职业装风格及职场互动元素判断。
- 场景环境描述：场景包含办公室（深色墙面、办公桌、西装着装人物）、酒店房间（沙发等软装、室内空间）、私人休息区域（沙发、床等亲密场景），环境风格现代，以室内空间为主，部分场景为私密性空间。
- 可能的剧情情节：剧情围绕办公室内的职场不伦关系展开，女性职员与公司长辈（如社长、主管）产生亲密和性关系，包含对话互动（如“社长”“小穴”“肉棒”等台词），情节涉及暧昧、偷情及亲密行为，属于成人题材下的职场情色剧情。
- 人物关系和互动：女性与老年男性角色为上下级关系（如职员与主管、社长），互动包含亲吻、性接触等亲密行为，关系不伦，对话体现角色身份与互动性质，属于职场外的不当亲密关系。",丰满、黑丝、OL、办公室、亲密、亲吻、浓妆、成熟、长发、职业装、性互动、室内、女性等；重点关注人物特征（丰满、长发、浓妆）、服装（职业装、蕾丝内衣、黑丝）、场景（办公室、室内）、动作（亲密、亲吻）,少妇、熟女、丰满、黑丝、丝袜、办公室、亲密、亲吻、浓妆、成熟、OL、老师、人妻、大奶、性感、已婚、奶子、御姐、漂亮、淫荡、出轨
/Users/firewell/影视/AV/#整理完成/桜空もも/IDBD-970 桜空ももと濃厚中出し121発 極上美女との生ハメSEXの快楽に心もカラダも奪われる31SEX8時間BEST/IDBD-970.mp4,IDBD-970.mp4,21682280984,de85d4d0f9e7cd218adb18d0ecde5c66,"- 外貌特征：年龄为年轻女性（约20 - 30岁），身材丰满，发型有马尾、披肩长发等，妆容包含浓妆与自然妆，面部呈现成熟女性气质。
- 服装穿着：涵盖裸体、内衣（蕾丝款、普通款）、校服（白衬衫搭配领结）、情趣装（黑丝袜、皮革制服装、绑带约束装置、长靴等），无眼镜、眼罩等特殊配饰。
- 是否穿着丝袜以及丝袜的颜色：穿着丝袜，颜色主要为黑色。
- 整体气质和风格：整体呈现出性感、成熟风，风格多样（包含学生风、御姐风、情趣装风格等），动作亲昵且富有表现力，气质偏向情色表演或亲密互动的成熟女性风格。","- 女性职业：推测为情色表演相关职业（如女艺员、女技师等），或剧情中扮演的学生、女性角色。
- 场景环境描述：包含多种私密空间，如浴室（带瓷砖、水温显示装置）、学校教室（有课桌、黑板、窗帘）、酒店房间（床、床头柜、台灯）、私人居住空间（床、沙发）等，环境风格从日常到私密情趣场所不等。
- 可能的剧情情节：多场景的情色互动情节，涵盖亲密接触、拘束下的互动、不同环境下的激情场景，属于系列情色短片，包含校园、酒店、私密房间等不同场景下的角色互动。
- 人物关系和互动：与男性角色进行亲密、激情互动，关系偏向情色表演中的配合，无明确现实生活关系，互动形式多样（一对一、多人互动等），呈现亲密、挑逗等动作。",丰满、黑丝、情趣装、浴室、教室、酒店、裸体、性感、学生、御姐、熟女、女神、绑带、亲密互动、校园、私密空间、情色表演,黑丝、丝袜、情趣装、丰满、巨乳、性感、浴室、教室、酒店、学生、御姐、熟女、女神、调教、淫荡、裸体、亲密、校园、私密空间、情趣装、绑带、凌辱、少妇、母狗、极品、偷情、老婆、人妻、真实、巨乳、调教、身材、黑丝、白丝、双飞、换妻、女友、大奶、内射、绿帽、露脸、阿姨、颜值、熟女、淫荡、大学生、后入、小姐姐、骚货、良家、对白、骚话、丝袜、奶子、高颜值、御姐、漂亮、约炮、打桩、出轨、老师、床上、性感、闺蜜、已婚、学生、淫妻、口交、情趣装、姐姐、足交、迷奸、多人、群交、一男两女、OL、职业装、办公室、浴室、酒店、学校、按摩、情趣装
/Users/firewell/影视/AV/#整理完成/桜空もも/IPZZ-502-C 精子ぶりゅぶりゅ中出し大乱交ノーカットSP 総勢16名20発オーバーの大ザーメン祭り！/IPZZ-502-C.mp4,IPZZ-502-C.mp4,7063984769,358fb736b062d5a435351421ef57df09,"- 外貌特征：年龄约为20 - 30岁，年轻女性；身材丰满，曲线优美；发型为黑色长发并带有齐刘海；妆容为淡妆，突出红唇，整体神态娇媚。
- 服装穿着：画面中可见穿着紫色蕾丝风格的内衣（含吊带与内裤），部分画面处于裸体状态；未穿戴鞋子、眼镜、眼罩等配饰；未穿着丝袜。
- 是否穿着丝袜以及丝袜的颜色：未穿着丝袜。
- 整体气质和风格：整体展现性感、娇媚的气质，符合成人影视中角色的风格，动作与表现偏向亲昵、亲密的互动模式。","- 女性职业：推测为成人影视演员，饰演参与多人互动等情节的角色，属于成人娱乐行业相关职业。
- 场景环境描述：场景多为室内私密空间，包含带有花纹的沙发、床、浴室（有瓷砖墙面与浴缸等设施），环境布置温馨且私密，灯光柔和，部分场景存在装饰性沙发与瓷砖墙。
- 可能的剧情情节：包含多人参与的亲密互动情节，如性爱动作、调教、互动等，情节偏向成人影片的亲密关系与性爱场景，涉及“偷情”“换妻”“多人”等元素。
- 人物关系和互动：与其他男性角色存在亲密互动关系，包括亲吻、性爱动作、肢体接触等，属于剧情设定下的亲密关系互动，可能是“老婆”“人妻”“女友”等关系下的情节，存在“出轨”“一男两女”等多人对女性的互动。",提取的关键词有：女性、年轻、紫色内衣、裸体、室内空间、多人互动、性爱动作、蕾丝内衣、长发、丰满身材、浴室、床、亲密互动、性感、内衣、裸体、多人等。重点关注人物特征（长发、丰满）、服装（紫色蕾丝内衣）、场景（室内沙发、浴室）、动作（亲密互动、性爱动作）。,少妇、母狗、极品、偷情、老婆、人妻、真实、女神、巨乳、调教、身材、露脸、颜值、熟女、淫荡、大学生、后入、小姐姐、骚货、对白、奶子、高颜值、口交、情趣装、姐姐、内射、绿帽、出轨、老师、顶级、精液、床上、性感、多人、群交、一男两女、女友、大奶、微胖、双飞、换妻、淫妻、学妹、模特、长发、红唇、丰满、内衣、口交、床上、丁字裤、会所、女技师、秘书、凌辱、屈辱、强暴、少女、成熟、素颜、红唇、丰满、微胖、情趣装、浴室、酒店、内射、口交、床上
/Users/firewell/影视/AV/#整理完成/桜空もも/IPZZ-524-C 乳首敏感ボーイズ必見！ にゃんにゃんアイドル乳首エステ/IPZZ-524-C.mp4,IPZZ-524-C.mp4,6907786540,23e8f3ad4b30d2692b74f5ab579f49d0,"- 外貌特征：年龄约20 - 30岁，身材丰满，面部有齐刘海，妆容为浓妆（红唇、粉色腮红等），发型有黑色长发（部分为盘发、马尾造型）。
- 服装穿着：衣物类型包含白色蕾丝无袖上衣（带有黑色装饰）、浅蓝色带紫色花纹的传统旗袍式服装、粉色比基尼；颜色涵盖白色、浅蓝、粉色等；风格为性感、情趣装；未显示鞋子；无眼镜或眼罩；未明确显示穿着丝袜（画面中部分场景着装暴露，无丝袜迹象）。
- 是否穿着丝袜以及丝袜的颜色：画面未清晰呈现是否穿着丝袜，若存在则为黑色或白色（但无明确视觉信息支持，推测为不穿或无丝袜场景）。
- 整体气质和风格：性感媚态，风情万种，带有成人影片常见的媚俗、热情表演风格，动作与表情偏向亲密互动的娱乐化呈现。","- 女性职业：推测为成人影片女演员，饰演服务类或亲密互动的角色（如女技师、情色场景中的服务人员）。
- 场景环境描述：室内环境，包含装饰华丽的房间、床、浴缸等，布置偏向私密、成人服务场所或拍摄场地，灯光柔和，背景有装饰元素，属于封闭的室内空间。
- 可能的剧情情节：围绕亲密互动、服务类情节展开，结合台词（如“涂抹精油到奶头上”“我们先熟悉一下吧”“摩擦着根部”等），属于成人影片中模拟服务场景下的情感与身体互动情节。
- 人物关系和互动：女性与男性角色为表演性的亲密关系，属于成人影片中演员间的角色互动，关系偏向服务与被服务、亲密接触，无真实生活关联，仅呈现表演性互动。",,少妇、熟女、性感、丝袜、情趣装、旗袍、比基尼、床上、女技师、情色、红唇、浓妆、浴室、御姐、漂亮、淫荡、口交、情趣装、姐姐、室内、亲密、媚态、蕾丝
/Users/firewell/影视/AV/#整理完成/桜空もも/IPZZ-546-C 「桜空もも」とお泊り中出し連発デートH 24時間止め処なく痴女られイキ続けた僕/IPZZ-546-C.mp4,IPZZ-546-C.mp4,5653557604,86cf2880baea10552c59fed0f7330d5d,"- 外貌特征：年龄约25 - 30岁，身材丰满，发型为黑色长发且带有齐刘海，妆容为淡妆，无眼镜、眼罩等配饰。
- 服装穿着：初期穿着浅黄色露肩针织毛衣（单侧露肩设计，长袖）、黑色短裤；后续搭配浅色丝袜与黑色厚底靴，也穿着淡色内裤；未穿着特殊衣物如制服、比基尼等。
- 是否穿着丝袜以及丝袜的颜色：穿着丝袜，丝袜颜色为浅色（如金色或肉色）。
- 整体气质和风格：成熟且性感，带有媚态与风情，属于熟女或人妻风格的演绎，互动时展现出亲密、亲昵的气质。","- 女性职业：推测为家庭主妇（人妻）或亲密关系中的伴侣角色。
- 场景环境描述：场景为室内，具体是一间酒店套房类高档私人空间，内有沙发、床、窗帘等家具，暖色调灯光营造温馨且私密的暧昧氛围。
- 可能的剧情情节：围绕一对男女的亲密关系展开，属于情色题材剧情，包含庆祝、调情、身体亲密互动（如亲吻、抚摸、性互动等）等情节，通过对话与亲密行为展现情感与身体互动。
- 人物关系和互动：男女间为亲密伴侣关系，互动亲昵，包含对话交流、身体接触、亲吻、性互动等行为，关系亲密且带有情色性质。",女子、长发、齐刘海、熟女、丰满、黄色露肩毛衣、黑色短裤、丝袜、厚底靴、酒店、沙发、床、亲密互动、调情、亲吻、内射、口交、熟女、性感、丝袜、床上、内射、口交、床上、性感,少妇、熟女、性感、丝袜、老婆、人妻、淫妻、出轨、酒店、成熟、丰满、高颜值、漂亮、约炮、御姐、丝袜、奶子、内射、露脸、颜值、熟女、淫荡、打桩、出轨、口交、情趣装、姐姐、床上、性感、淫妻、学妹、内射、口交、床上、情趣装、姐姐、丝袜、内射、口交、床上、性感
/Users/firewell/影视/AV/#整理完成/桜空もも/IPZZ-575-C 俺のことが昔から大好きな幼馴染に1ヶ月の禁欲をさせて彼女不在中にハメまくった甘くも切ない3日間/IPZZ-575-C.mp4,IPZZ-575-C.mp4,5863786485,a4bba7da3fbec3178f4899eecad428b9,"- 外貌特征：年龄约25 - 30岁，身材丰满，留着齐肩长发并带有齐刘海，妆容以淡妆为主，红唇明显，整体面容精致。
- 服装穿着：穿着风格多样，有浅棕色毛绒开衫、白色带黑点短裙、粉色毛绒毛衣、浅色系外套、白色内搭等；未佩戴眼镜或眼罩；未穿着丝袜。
- 是否穿着丝袜以及丝袜的颜色：未穿着丝袜。
- 整体气质和风格：气质偏向成熟女性，风格融合休闲居家与性感元素，整体呈现成人向的亲密互动风格。","- 女性职业：推测为家庭场景中的角色，或成人向剧情里的“人妻”“熟女”类角色，属于亲密关系中的女性角色。
- 场景环境描述：包含家庭卧室（床、沙发、浴室）、户外街道、家庭客厅等私密或居家环境，布置温馨，以室内场景为主。
- 可能的剧情情节：围绕亲密关系展开，包含情感交流与亲密互动（如亲吻、性接触等行为），剧情涉及情感沟通与亲密行为的发展。
- 人物关系和互动：女性与男性为亲密关系（如伴侣），互动亲昵，包含对话情节，展现情感交流与亲密互动。",长发、丰满、性感、浴室、沙发、亲密互动、对话、家庭场景、内衣、熟女、少妇。,少妇、熟女、丰满、性感、内衣、浴室、沙发、亲密互动、对话、人妻
/Users/firewell/影视/AV/#整理完成/桜空もも/IPZZ-586 日本よ、これがアイポケだー。 BEAUTY VENUS THE HARLEM もう絶対に揃わない夢の究極共演！！ 痴女プレイ全10コーナー330分！/IPZZ-586.mp4,IPZZ-586.mp4,15077209008,07a07d19cdebbd9b48d1960125488f7c,"- 外貌特征：多为青年女性（约20 - 30岁），身材多为丰满或匀称，发型有长发（直发、马尾等）、短发、双马尾等；妆容以淡妆、浓妆为主，部分有红唇，面部表情活泼。
- 服装穿着：穿着内衣（如黑色、红色、蓝色等款式）、白色职业衬衫、黑色丝袜（黑丝）、丁字裤等，鞋子多为赤脚；无眼镜、眼罩类配饰。
- 是否穿着丝袜以及丝袜的颜色：部分女性穿着丝袜，颜色包含黑色、白色等。
- 整体气质和风格：呈现性感、热情、活泼的气质，风格偏向挑逗、亲密互动，整体氛围较为热烈。","- 女性职业：推测为模特、女技师、主播或学生、上班族（因穿着职业衬衫等），属于成人影片中演绎情趣场景的角色。
- 场景环境描述：场景为室内环境，多为酒店房间或私人住宅，布置有床、沙发、灯光等设施，营造私密、舒适的氛围。
- 可能的剧情情节：围绕多人亲密互动、性接触等情节展开，属于成人影片常见的“多人性爱”“群体情趣互动”类剧情，呈现演员间演绎的亲密关系与互动情节。
- 人物关系和互动：角色之间多为朋友、同事或同类职业关系，互动呈现亲密、暧昧甚至性接触的状态，属于剧情设定下的互动关系。","- 提取的关键词：女性、多人、裸体、内衣、丝袜、白衬衫、酒店、亲密互动、长发、浓妆、性接触等；
- 重点关注的特征：人物特征（女性、多人）、服装（内衣、白衬衫、丝袜）、场景（酒店、室内、床）、动作（亲密互动、性接触）等。",多人、群交、黑丝、白丝、酒店、内衣、性感、闺蜜、熟女、御姐、漂亮、约炮、出轨、老师、OL、职业装、女技师、秘书、主播、模特、丰满、高颜值、丝袜、奶子、床上、性感、闺蜜、已婚、肉丝、口交、情趣装、姐姐、多人、群交、一男两女、黑丝、白丝
/Users/firewell/影视/AV/#整理完成/桜空もも/IPZZ-598-C 試着販売と囁き淫語と中出しで売上No.1巨乳ランジェリー販売員の営業術とエロテクが凄い 全編エロ下着痴女プレイ！！/IPZZ-598-C.mp4,IPZZ-598-C.mp4,6350530046,015673d3b384f5bf11c81adf27108f5e,"- 外貌特征：年龄约28 - 35岁，长发（棕色，呈齐肩带刘海造型），发型为顺直长发；身材丰满，胸部较大且曲线明显；妆容为淡妆，有红唇，面部妆容自然柔和，无佩戴眼镜或眼罩。
- 服装穿着：身着多种情趣内衣，包括蓝色带花卉刺绣款胸罩、红色蕾丝款胸罩、黑色蕾丝款内衣套装等；搭配黑色丝袜；无外穿衣物，仅穿内衣类服饰，鞋子未在画面中显示。
- 是否穿着丝袜以及丝袜的颜色：穿着丝袜，丝袜颜色为黑色。
- 整体气质和风格：整体气质性感且主动，风格偏向情色表演，展现出挑逗、亲昵的姿态，带有熟女或御姐风格的魅力。","- 女性职业：推测为情色演员，饰演具有亲密互动情节的角色。
- 场景环境描述：场景为室内私密空间，如酒店房间，内有沙发、床等家具，环境布置温馨且私密，符合情色场景的设置。
- 可能的剧情情节：围绕女性与男性的亲密互动展开，包含抚摸、接吻、性接触等情节，属于表演性质的亲密关系剧情，涉及“调教”“约炮”“出轨”等元素。
- 人物关系和互动：女性与男性存在亲密、亲昵的互动关系，包括抚摸身体、亲密接吻、性接触等动作，关系偏向表演中的亲密或服务与顾客的互动模式。",长发、齐刘海、大胸、蕾丝内衣、黑丝、室内、沙发、床、亲密、性感、熟女、内衣、情趣装、御姐、酒店、床上、丝袜、巨乳、高颜值。,少妇、熟女、女神、巨乳、黑丝、性感、床上、丝袜、御姐、漂亮、约炮、出轨、内射、露脸、阿姨、颜值、淫荡、姐姐、巨乳、调教、身材、黑丝、床上、丝袜、情趣装、御姐、高颜值、已婚
/Users/firewell/影视/AV/#整理完成/桜空もも/MIMK-200-UC 40，000部突破の人気作堂々実写化！日間1位週間1位月間1位3冠獲得！ 早漏克服クリニック 実写版 何度も何度も射精させてチ○ポ耐久アップさせてくれるエロカワ女医さん/MIMK-200-UC.mp4,MIMK-200-UC.mp4,6500921329,7102f6634e4124b3aab272602db2e9cb,"- 外貌特征：年龄约28岁，身材丰满，长发（带有粉色大蝴蝶结，扎成马尾样式），妆容为淡妆搭配红唇，显得精致。
- 服装穿着：身着白色医生大褂，内搭粉色低胸上衣，穿着黑色短裤与丝袜，佩戴红色眼镜，无眼罩。
- 是否穿着丝袜以及丝袜的颜色：穿着丝袜，颜色为黑色。
- 整体气质和风格：整体气质主动热情，风格融合医生职业装的正式感与亲密互动的性感感，呈现御姐或熟女的魅力。","- 女性职业：医生（通过穿着白色医生大褂及医疗场景判断）。
- 场景环境描述：室内医疗环境，设有医疗床、桌子、电脑等设备，墙面为绿色与白色搭配，整体整洁明亮，属于诊所或医院的诊疗房间。
- 可能的剧情情节：剧情围绕医疗场景下的亲密互动展开，女性（医生角色）与男性发生亲密行为，融合医疗护理与情感情节，属于成人影视中的医疗题材类型，包含身体接触、亲密动作等情节。
- 人物关系和互动：女性与男性为亲密关系，互动超出常规医疗范围，呈现暧昧或亲密的互动模式，包含身体接触等互动行为。",提取的关键词及重点关注内容：医生、眼镜、丝袜、巨乳、大奶、医疗场景、亲密行为、粉色蝴蝶结、长发、淡妆、医生外套、医疗床、互动动作、性感、熟女、御姐、护士、黑丝等。,医生、丝袜、眼镜、巨乳、大奶、熟女、御姐、性感、护士、口交、情趣装、姐姐、床上、老师、已婚、丝袜、黑丝、医疗、亲密行为
/Users/firewell/影视/AV/#整理完成/桜空もも/OFES-025-C BEAUTY VENUS THE HARLEM-episode2- 最高峰巨乳美女たちが国賓並みにおもてなしご奉仕してくれる超高級ハーレム風俗ハシゴツアー/OFES-025-C.mp4,OFES-025-C.mp4,7948506568,8874bee5a53cc79550c3cf06b3f4c43c,"- 外貌特征：年龄约25 - 30岁，属于成熟女性；身材丰满，胸部与臀部线条突出；发型多为长发、盘发或扎发等造型，发色以黑色为主；妆容为浓妆，眼妆、唇妆精致。
- 服装穿着：身着各类情趣内衣（如蕾丝吊带、内裤、连体装等），颜色有红色、白色、黑色等；无鞋子类穿着；未佩戴眼镜、眼罩；穿着丝袜，颜色包含黑色、白色等。
- 是否穿着丝袜以及丝袜的颜色：穿着丝袜，颜色有黑色、白色等。
- 整体气质和风格：整体气质性感、暧昧，风格符合成人影视中激情、亲密的表现形式，给人充满诱惑与热情的感觉。","- 女性职业：推测为成人影视演员，饰演情色场景中的女性角色，承担情色表演与互动等职责。
- 场景环境描述：场景多为室内私密空间，如浴室（设有瓷砖、淋浴设施等）、酒店房间、情趣工作室等，环境布置暧昧，灯光柔和或色彩丰富，空间封闭且私密，适合亲密互动。
- 可能的剧情情节：围绕多人情色互动展开，包含抚摸、挑逗、亲密接触等情节，属于成人娱乐类剧情，涉及多角色互动与性爱场景等。
- 人物关系和互动：人物关系偏向亲密、暧昧，可能是闺蜜、朋友等关系，在私密环境中进行亲密互动行为，动作有轻抚、挑逗、配合等，关系围绕情色互动展开。",提取的关键特征标签：熟女、性感、丝袜、巨乳、多人、一男两女、黑丝、白丝、情趣内衣、浴室、亲密互动、浓妆、丰满、闺蜜、已婚、情趣装、床上、御姐、漂亮、约炮、出轨、高颜值。,熟女、性感、丝袜、巨乳、多人、一男两女、黑丝、白丝、情趣内衣、浴室、亲密互动、浓妆、丰满、闺蜜、已婚、情趣装、床上、御姐、漂亮、约炮、出轨、高颜值
"/Users/firewell/影视/AV/#整理完成/楓ふうあ,明日葉みつは/PFES-107-C 楓ふうあ170cm 明日葉みつは175cm 合計345cmの長身美女のWパンストで挟撃ロック！身動き出来ずにイカせられちゃう5コーナー/PFES-107-C.mp4",PFES-107-C.mp4,8917892448,e9bddce3f514fbe30ee3af9b1814eb07,"- 外貌特征：年龄约28 - 33岁，属于熟女范畴；身材丰满；发型为长发（包含黑色、棕色等款式，部分为马尾造型）；妆容为浓妆，红唇、眼妆等细节明显，整体状态健康且具有活力。
- 服装穿着：前期身着白色衬衫、条纹衬衫（属职业装/OL风格），搭配黑色短裙与黑色丝袜；后期穿着蕾丝内衣、黑色情趣装，搭配黑色丝袜、黑色高跟鞋等。未佩戴眼镜、眼罩，鞋子包含高跟鞋等款式。
- 是否穿着丝袜以及丝袜的颜色：穿着黑色丝袜。
- 整体气质和风格：成熟性感，兼具职场女性的干练特质与性感的熟女风格，动作和互动展现出主动且亲密的气质，整体风格偏向成人影视中熟女、御姐类角色。","- 女性职业：OL（职场女性/办公室职员）
- 场景环境描述：室内环境，包含办公室、酒店房间、按摩场所（设有按摩床、蜡烛等装饰元素），空间布置温馨且私密，适合多人互动场景。
- 可能的剧情情节：围绕职场关系展开的亲密/性互动情节，涉及换妻、出轨、多人互动等元素，呈现办公室内或私人场所中女性间及与男性间的亲密接触行为。
- 人物关系和互动：女性之间为闺蜜或同事关系，与男性为伴侣或暂时互动关系，互动亲密，存在性接触行为。",熟女、性感、黑丝、丝袜、眼镜、OL、职业装、办公室、蕾丝内衣、情趣装、一男两女、床上、酒店、御姐、丰满、闺蜜、出轨、性感、丝袜、情趣装、办公室、熟女、御姐、床上、酒店、互动、亲密,黑丝、丝袜、熟女、御姐、性感、OL、职业装、办公室、情趣装、一男两女、床上、酒店、眼镜、丰满、闺蜜、出轨、互动、亲密、少妇、极品、偷情、人妻、女神、巨乳、漂亮、淫荡、丰满、老师、熟女、情趣装、办公室、御姐、床上、酒店、黑丝、丝袜、眼镜
"/Users/firewell/影视/AV/#整理完成/橘メアリー,大槻ひびき/DASS-573 女性AV脚本家 Debut─ 付き合ったAV女優から、女優業を勧められて/DASS-573.mp4",DASS-573.mp4,6258079582,7dade9800ac1d3832a76838b90f3a1e1,"- 外貌特征：图中女性多为成年女性，年龄约25 - 35岁，身材多样（部分丰满、部分中等），发型有长发（含刘海）、马尾、短发等；妆容或为浓妆、淡妆，部分为素颜或红唇，面部五官精致，神态符合剧情角色需求。
- 服装穿着：服饰类型丰富，有正式职业装（如白色无袖连衣裙、黑色西装）、休闲装（牛仔裤、T恤）、情色装（蕾丝内衣、胸罩、丁字裤等）；鞋子有高跟鞋、休闲鞋等；部分人物戴眼镜，无眼罩；存在穿着丝袜的女性，丝袜颜色为黑色、白色等。
- 是否穿着丝袜以及丝袜的颜色：存在穿着丝袜的女性，丝袜颜色包含黑色、白色等。
- 整体气质和风格：整体气质偏向感性、主动，风格从职场正式过渡到私密亲密，展现成熟女性的魅力与情感互动的张力。","- 女性职业：推测为职场女性（如办公室职员、律师等），后期剧情转向情色角色（如“人妻”“熟女”），涉及情色互动相关职业角色。
- 场景环境描述：场景包含办公室（玻璃墙、办公桌、模特等，图2场景）、卧室（床、窗帘、床具等，后续多数场景）、酒店房间（私密空间），环境从正式职场空间向私密亲密空间过渡。
- 可能的剧情情节：剧情从职场同事交流（图2场景），发展为私密空间内的亲密互动，涉及情色情节，如“偷情”“出轨”“女同”或多人互动，展现女性间的情感与身体互动。
- 人物关系和互动：人物关系包含同事关系、亲密关系（如闺蜜、配偶、情妇等），互动形式有交流、接吻、抚摸、性互动等，体现亲密或情色关系的发展。",提取的关键词有：办公室、内衣、蕾丝、胸罩、丝袜、亲吻、抚摸、女性、眼镜、长发、熟女、性感、亲密、卧室、性互动、职业装、性装、私密空间、女同等。,少妇、人妻、熟女、丝袜、眼镜、办公室、女同、偷情、出轨、性感、闺蜜、内衣、巨乳、身材、高颜值、御姐、漂亮、约炮、女同
"/Users/firewell/影视/AV/#整理完成/波多野结衣,有岡みう/MIAB-503 町内会サンバカーニバル練習に付き合わされムチムチボディW爆乳セニョリータの魅惑の腰つき騎乗位で精子搾られたボク。 有岡みう 波多野結衣/MIAB-503.mp4",MIAB-503.mp4,5298992334,47335a78f31a963683705bda276d22ea,"- 外貌特征：年龄约为25 - 30岁，身材丰满，留着中长发并带有齐肩刘海，妆容为浓妆风格，包含红唇、眼妆等，面部表情随场景呈现出丰富的情感变化。
- 服装穿着：穿着多样，有红色宽松上衣、浅粉色无袖连衣裙，以及带有亮片装饰、羽毛头饰的性感表演服饰（涵盖比基尼式上衣、网袜等款式）；未展示特殊鞋子，多为赤脚或表演装无鞋；没有佩戴眼镜、眼罩类物品。
- 是否穿着丝袜以及丝袜的颜色：穿着丝袜，丝袜颜色包含黑色和粉色网袜。
- 整体气质和风格：性感成熟，风格偏向成人表演或角色扮演，具有舞台表演的沉浸感与亲密互动特质，整体风格性感且富有表现力。","- 女性职业：推测为成人影视演员或夜店、演出类表演者（依据服饰风格与场景互动性质判断）。
- 场景环境描述：为室内居家环境，布置有沙发、茶几、窗户等生活设施，光线柔和，呈现出生活化的空间氛围。
- 可能的剧情情节：围绕多人亲密互动、性爱或角色扮演的成人题材剧情展开，包含表演式互动与亲密接触等环节。
- 人物关系和互动：女性之间为工作搭档关系（表演或工作伙伴），与男性角色为互动对象（表演或剧情中的伴侣/对象），互动亲密且具有表演性质。",性感、网袜、浓妆、羽毛头饰、表演装、室内、亲密互动、成熟女性、亮片服饰、红唇、比基尼、鱼网袜、羽毛装饰、多人、一男两女、性感、闺蜜、已婚、丝袜、奶子、高颜值、口交、情趣装、姐姐、床上、熟女、丰满,性感、丝袜、熟女、巨乳、身材、黑丝、双飞、换妻、女友、大奶、内射、露脸、熟女、淫荡、御姐、漂亮、约炮、出轨、情趣装、姐姐、多人、一男两女、性感、闺蜜、已婚、丝袜、奶子、高颜值、口交、情趣装、姐姐、床上、淫妻、女技师、秘书、凌辱、强暴、模特、成熟、长发、浓妆、红唇、丰满
/Users/firewell/影视/AV/#整理完成/滝冬ひかり/HODV-21969 淫らな吐息と潤んだ瞳で、いっぱい舐めるから…いっぱい挿れて…トロ顔おねだりフェラチオ 巴ひかり/HODV-21969.mp4,HODV-21969.mp4,6436274034,48e206482bb732e36ec889730b380942,"- 外貌特征：年龄约为20 - 30岁，身材丰满，长发（发型包含编发、马尾造型等，装饰有白色花饰头带），妆容为浓妆（眼妆、红唇等精致妆容，带有假睫毛等点缀），整体面容精致。
- 服装穿着：身着红色礼服（搭配白色花饰头带）、红色吊带、青绿色吊带等衣物，风格偏向性感暴露；穿着黑色丝袜（包含长筒薄丝袜），无眼镜、眼罩；整体服装带有蕾丝、吊带等元素，风格时尚且突出性感。
- 是否穿着丝袜以及丝袜的颜色：穿着丝袜，丝袜颜色为黑色。
- 整体气质和风格：气质性感主动，带有表演性的热情特质，风格偏向成人影视中展现的亲密、性感互动风格。","- 女性职业：饰演成人影视中的“情色/亲密互动”角色，属于影视表演演员。
- 场景环境描述：室内私密空间，布置有床、装饰性窗帘（粉色、紫色、绿色等）、灯具、沙发、植物等，环境温馨且富有装饰性，类似酒店房间或私人居住空间。
- 可能的剧情情节：围绕亲密互动、性相关情节展开，包含亲吻、身体接触等表演性互动，属于成人影视中常见的亲密互动情节类型。
- 人物关系和互动：与男性演员存在亲密表演关系，互动行为包含亲吻、身体接触等，角色关系为表演搭档性质，属于影视场景下的亲密互动呈现。",提取的关键特征标签有：丝袜、吊带、蕾丝、性感、亲吻、床上、室内、长发、浓妆、女性、男性、亲密互动、装饰性头饰、室内布置等。,少妇、熟女、性感、丝袜、吊带、床上、室内、亲吻、蕾丝、浓妆、黑丝、床上、性感、丝袜、蕾丝、熟女、御姐、女性、男性、亲密
/Users/firewell/影视/AV/#整理完成/滝川すみれ/IPZZ-535-C 大嫌いな上司に媚薬を飲まされ卑猥下着を着せられ何度もイキまくる巨乳地味メガネOL 入社した会社は変態達の巣窟でした…。/IPZZ-535-C.mp4,IPZZ-535-C.mp4,5359944854,d2e90adfd313befe7b1017f03d0bfa82,"- 外貌特征：年龄约25 - 30岁，身材丰满，长发且带有齐刘海，佩戴圆形金属边框眼镜，妆容为浓妆（红唇等细节），面部有自然妆容与表演化妆容结合；
- 服装穿着：前期穿着条纹衬衫、黄色上衣，后期穿着多种服饰包括粉色内衣、黑色内衣、灰色内裤，搭配黑色丝袜，未明确显示鞋子；
- 是否穿着丝袜以及丝袜的颜色：穿着黑色丝袜；
- 整体气质和风格：具有性感与表演性气质，风格偏向成人题材角色演绎，整体呈现出诱惑与亲密感的演绎风格。","- 女性职业：推测为办公室职员（结合开头具有办公设备与办公环境的场景），或从事与情趣、服务相关职业（如女技师等）；
- 场景环境描述：场景包含办公室（配备电脑等办公设备，灯光为暖色调，营造办公氛围）与私密居住空间（房间内有床、柔和灯光，布置温馨且私密）；
- 可能的剧情情节：剧情围绕办公室女性与男性角色展开，从办公室互动后进入私密空间，发生亲密接触、身体互动等情节，属于成人题材的亲密、暧昧类剧情，包含表演性质的互动环节；
- 人物关系和互动：女性与男性角色之间为亲近关系（如同事、熟人），互动包含亲密接触、身体互动等，关系偏向暧昧或表演类亲密关联。",提取的关键词为：女性、长发、戴眼镜、黑丝、丰满身材、办公室、私密空间、丝袜、内衣、亲密互动、性感、熟女、眼镜、床上、情趣装等，核心关键特征标签为：黑丝、丝袜、眼镜、办公室、熟女、性感、内衣、床上、情趣装、御姐、姐姐、已婚、丝袜、高颜值、性感、熟女、巨乳、身材、床上、情趣装、女技师、办公室、丝袜、眼镜、熟女、御姐、姐姐、已婚等。,黑丝、丝袜、眼镜、办公室、熟女、性感、内衣、床上、情趣装、御姐、姐姐、已婚、丝袜、高颜值、性感、熟女、巨乳、身材、床上、情趣装、女技师、办公室、丝袜、眼镜、熟女、御姐、姐姐、已婚
"/Users/firewell/影视/AV/#整理完成/真木今日子,夕美しおん/MIAB-533-C MIAB-533 爆乳親子丼レ●プ 夫の借金のため絶倫極道の鬼ピス肉便器調教で13発中出しさせられた母娘たち…。 真木今日子 夕美しおん （BOD）/MIAB-533-C.mp4",MIAB-533-C.mp4,6181963530,90dd2413e40fc94e0185b09c2d182fe5,"- 外貌特征：年龄约30 - 35岁，属于成熟女性；身材丰满，曲线明显；发型为中长度卷发（或自然卷曲造型），发丝顺滑；妆容为浓妆，红唇、眼妆等细节体现，面部精致。
- 服装穿着：衣物包含白色长款风衣（宽松过膝）、深蓝色无袖上衣、白色蕾丝内搭、浅色蕾丝纹理半身裙；鞋子未明确显示但可能为高跟鞋；无眼镜、眼罩；穿着黑色过膝丝袜（如穿校服的女性角色）。
- 是否穿着丝袜以及丝袜的颜色：穿着丝袜，颜色为黑色（或存在白色过膝袜，依画面细节判断）。
- 整体气质和风格：兼具成熟性感的熟女气质与职业女性的干练，风格偏向性感妩媚，整体形象突出丰满曲线与精致妆容，展现成熟女性的魅力。","- 女性职业：推测为办公室职员（OL）或教师，从服装（风衣、校服）和场景（办公室、仓库）判断与职场或校园职业相关。
- 场景环境描述：包含老旧仓库/办公室（有木质楼梯、旧家具、大窗户、杂乱物品）、浴室（瓷砖墙面、洗手台、淋浴环境）等多场景，环境偏私密且老旧，充满生活气息与私密空间氛围。
- 可能的剧情情节：围绕职场或校园内的亲密关系展开，包含亲密互动（接吻、脱衣、亲密接触）、多人参与的身体互动等情节，剧情涉及暧昧、偷情或亲密行为。
- 人物关系和互动：存在同事、师生等关系，角色间互动亲密，包含接吻、身体接触、多人参与互动等，关系围绕亲密互动发展。",提取关键词：熟女、丝袜、黑丝、办公室、老师、性感、风衣、校服、亲密互动、浴室、丰满、蕾丝、过膝袜、浓妆、御姐、约炮、出轨、OL、职业装、办公室、丝袜、奶子、床上、自慰、情趣装、姐姐、强奸、迷奸、多人、群交、一男两女、OL、办公室、性感、丝袜、眼镜、学生、口交、情趣装等，重点关注人物特征（长发、丰满、浓妆）、服装（风衣、校服、蕾丝、过膝袜）、场景（办公室、仓库、浴室）、动作（亲密、脱衣、互动）。,熟女、丝袜、黑丝、办公室、老师、性感、风衣、校服、亲密、浴室、丰满、蕾丝、过膝袜、浓妆、御姐、约炮、出轨、OL、职业装、办公室、丝袜、奶子、床上、自慰、情趣装、姐姐、强奸、迷奸、多人、群交、一男两女、OL、办公室、性感、丝袜、眼镜、学生、口交、情趣装
/Users/firewell/影视/AV/#整理完成/真白りま/goul-014 GOUL-014 産休明けNTR 溢れ出る母乳、抑えられない欲求― 愛と快楽に溺れた中出し社内不倫。/goul-014.mp4,goul-014.mp4,5632075727,5305f3e5acb6cc283cb99e508e309583,"- 外貌特征：年龄约30 - 40岁的成熟女性，中长发（带有刘海），身材丰满（胸部和臀部较为圆润）；妆容以浓妆为主（红唇、眼妆明显），也有淡妆和素颜状态，面部有自然纹理，属于成熟女性特征。
- 服装穿着：衣物类型包含职业装（黑色西装外套、白色衬衫，搭配工牌，属于OL风格）和情趣装（黑色丝袜、吊带内衣等）；颜色以黑色为主，搭配白色衬衫；无特殊鞋子展示，风格前期为职场干练，后期转为性感暴露；无眼镜或眼罩。
- 是否穿着丝袜以及丝袜的颜色：穿着丝袜，颜色为黑色（黑丝）。
- 整体气质和风格：前期呈现职场女性的干练气质，后期转变为性感、媚惑的风格，整体风格随剧情发展从职业化转为亲密、暴露的表演风格。","- 女性职业：推测为办公室职员（如秘书、普通职员），属于职业女性（OL），穿着职业装符合职场身份。
- 场景环境描述：场景为室内环境，包含办公室（百叶窗、办公椅、工牌）和居住空间（沙发、浴室等），无户外场景。
- 可能的剧情情节：从职场对话逐步发展为亲密互动，推测剧情围绕办公室情感关系（如婚外情、出轨），女性角色在与男性角色（可能是长辈或上级）的互动中，从正常对话转为亲密、性接触，涉及出轨、亲密关系等情节。
- 人物关系和互动：女性与男性角色为职场上下级或熟人关系，前期有对话交流，后期发展为亲密、性接触的互动，关系从正常职场关系转为亲密、暧昧甚至出轨关系。",女性、黑丝、职业装、办公室、裸露、亲密动作、丰满身材、红唇、熟女、性感、人妻、内射、床、办公室环境、情趣装、御姐、巨乳、后入,少妇、人妻、熟女、巨乳、黑丝、后入、性感、身材、内射、丝袜、奶子、高颜值、御姐、出轨、人妻、已婚、口交、情趣装、办公室、秘书、床上、露脸、阿姨、颜值、微胖、长发、红唇、丰满、姐姐、会所、女技师、强奸、强暴、凌辱、对白、骚话、丝袜、奶子、高颜值、约炮、打桩、上级、屈辱、精液、巨乳、女神
/Users/firewell/影视/AV/#整理完成/綾美なな/APGH-041 APGH-041 放課後美少女H 腰使いエグっ！騎乗位マスターの無邪気っ娘に搾られた！セクササイズで締まった美スリムボディのアゲまん娘！【イチャLOVEハメ撮り姦淫デート】綾美なな/APGH-041.mp4,APGH-041.mp4,6183246024,61c46e89b3709cc93054e80f529fbe96,"- 外貌特征：年龄约20 - 25岁，身材丰满，发型为棕色中长发（带有刘海），妆容为淡妆，面部有少量雀斑，整体面部轮廓较为圆润。
- 服装穿着：身着白色短袖衬衫（类似校园制服），搭配灰色大格纹领结，下身穿格纹百褶短裙，部分场景下穿着白色短裤与黑色袜子；未佩戴眼镜或眼罩，鞋子未在画面中呈现。
- 是否穿着丝袜以及丝袜的颜色：从现有画面信息看，未明确显示穿着丝袜（或丝袜未清晰呈现），因此推测未穿着丝袜（或未展示丝袜）。
- 整体气质和风格：结合校园风格服装与剧情化互动场景，整体气质偏向青涩的学生感，风格带有情节性亲密互动特质，呈现出校园相关演绎的戏剧化氛围。","- 女性职业：推测为女学生（基于校园风格服装判断）。
- 场景环境描述：场景为室内私密空间，包含沙发、木质家具与窗户等元素，属于私人住宅或酒店房间类环境，光线偏暗，营造出私密氛围。
- 可能的剧情情节：结合画面中人物的手部互动、身体接触等动作，推测剧情为校园情节下的亲密互动或角色扮演类剧情，可能涉及同学、师生或亲密关系下的激情演绎，整体偏向情节性表演。
- 人物关系和互动：从互动行为（如手部抚摸、身体接触）推测，人物关系可能是亲密的同学、恋人或表演中的角色关系，互动带有情节性的亲密接触行为。",提取的关键词包括：女学生、校服、白色衬衫、灰领结、格纹短裙、淡妆、丰满身材、室内、私密空间、亲密互动、身体接触、校园、激情、学生服装、互动等。,学生、女学生、校服、丰满、黑丝、亲密、私密、校园、老师、激情、身体接触、学生服装、丝袜、淡妆、室内、私密空间
"/Users/firewell/影视/AV/#整理完成/美乃すずめ,桃尻かなめ,本郷愛/FCDSS-104 FCDSS-104 乳首が透けているノーブラ巨乳娘の超誘惑セックス4時間ベスト！【FALENO名作セレクション】/FCDSS-104.mp4",FCDSS-104.mp4,10943192909,22a6cb7bf16a4db1568942f81ef9ea8a,"- 外貌特征：年龄约30 - 40岁，身材丰满，曲线明显；发型多样，包含中短发、中长发、马尾等；妆容为淡妆或浓妆，有红唇，整体精致；面部有自然纹理，显得成熟。
- 服装穿着：衣物类型涵盖居家装（如粉色上衣）、衬衫（白色）、高领无袖衫（灰色）、T恤（浅色）、内裤（裸露等），颜色有粉色、白色、灰色、浅色等；风格结合居家休闲与情色表演；鞋子未在画面中明显显示；无眼镜、眼罩等配饰；穿着黑色丝袜。
- 是否穿着丝袜以及丝袜的颜色：穿着丝袜，颜色为黑色。
- 整体气质和风格：成熟妩媚，主动热情，具有情色表演的专业气质，风格偏向性感诱惑。","- 女性职业：情色演员（专业从事成人影视表演），或饰演“熟女”“人妻”等情色题材角色。
- 场景环境描述：以室内场景为主，涵盖卧室、客厅、酒店房间、类似办公室或居住空间等，布置温馨或居家，包含床、沙发、桌子、窗帘、家具等元素，光线柔和，营造私密氛围。
- 可能的剧情情节：围绕亲密互动与情色行为展开，包含亲吻、抚摸、性接触等动作，情节可能涉及婚外情、亲密关系、情色表演等，剧情节奏偏向亲密与挑逗。
- 人物关系和互动：与男性角色保持亲密互动，关系偏向情色合作或亲密伴侣，互动行为频繁且具有挑逗性，动作亲昵。",成熟、丰满、短发、长发、浓妆、淡妆、白色衬衫、黑色丝袜、粉色衣服、灰色高领、T恤、内裤、室内场景、亲密互动、性接触、情色表演、酒店、卧室、熟女、人妻、性感、丰满、丝袜、裸露、高颜值、御姐、性感、巨乳、床上、酒店、办公室、情趣装,熟女、人妻、黑丝、性感、巨乳、丝袜、床上、酒店、偷情、出轨、淫荡、骚货、奶子、高颜值、御姐、性感、丰满、丝袜、情趣装
"/Users/firewell/影视/AV/#整理完成/美乃すずめ,角奈保/DLDSS-419 DLDSS-419 スワッピングNTR マンネリ解消の夫婦交換で巨乳妻を総取りされた温泉旅行 美乃すずめ 角奈保 角奈保さんのパンティと写真付き/DLDSS-419.mp4",DLDSS-419.mp4,4695328023,d24dcf6fd579d5bd644dc76e07bff5a5,"- 外貌特征：年龄约为30 - 35岁，留着中短卷发（带有刘海），面部化有淡妆，神态成熟；身材体型丰满，胸部较为突出；面部皮肤状态良好，整体神态自然。
- 服装穿着：在不同场景中穿着多样服饰，如室内场景穿黑色V领长袖上衣，和服场景穿红色或带有图案的和服；在浴室、亲密互动等场景多为裸体状态；未佩戴眼镜、眼罩等配饰，未穿着丝袜（多数场景以裸体或和服呈现，无丝袜）。
- 是否穿着丝袜以及丝袜的颜色：未穿着丝袜，无丝袜颜色信息。
- 整体气质和风格：整体气质成熟性感，风格偏向熟女或御姐，展现出成熟自信且富有魅力的特质，在互动场景中呈现亲密、主动的状态。","- 女性职业：推测为人妻（人妻），结合场景包含家庭聚会、私密互动空间等，符合家庭相关职业特点。
- 场景环境描述：包含室内家庭环境（餐桌、和服聚会场景）、私密浴室（带热水浴缸、木质墙面）、酒店房间（床、日常家具）等，环境温馨且具有私密性，适合亲密互动行为。
- 可能的剧情情节：围绕亲密关系展开，包含家庭聚会后的私密互动、浴缸内接吻、多人亲密互动（如一男两女或换妻类情节）等，属于成人题材中常见的亲密、偷情、多人互动类剧情。
- 人物关系和互动：与配偶存在亲密互动（如接吻、床上场景），与其他男性或女性也有亲密互动（多人浴缸、床上的多人互动场景），关系偏向亲密伴侣或亲密伙伴，互动以亲密行为为主。",熟女、性感、人妻、中短卷发、丰满、裸体、和服、浴室、酒店、亲密互动、巨乳,熟女、性感、人妻、中短卷发、丰满、裸体、和服、浴室、酒店、亲密互动、巨乳
/Users/firewell/影视/AV/#整理完成/芦名ほのか/GVH-745 屈辱の接待宴会/GVH-745.mp4,GVH-745.mp4,7677850192,b2e3fef65d08960993cda93ef06b5835,"- 外貌特征：年龄约25 - 30岁，身材丰满，中长发带有齐刘海，妆容为浓妆风格，面部有红唇、眼妆等精致妆容。
- 服装穿着：包含灰色细条纹西装套装（搭配粉色褶皱衬衫、左臂有黄色袖标，属于职场正装风格）、粉色衬衫搭配黑色短裤的休闲职场风装束、裸露装、黑色蕾丝内衣与内裤等情趣装；未佩戴眼镜和眼罩；穿着黑色丝袜。
- 整体气质和风格：前期呈现职场干练的气质，穿着职业装时显得端庄；后期因场景转变为性感、表演化的风格，在裸露与互动场景中展现出性感、主动的气质，整体风格从职业装风格过渡到带有成人表演性质的互动角色风格，兼具端庄与性感特质。","- 女性职业：OL（办公室职员）。
- 场景环境描述：场景为日式风格的室内聚会空间，有推拉门、榻榻米地板与木质装饰，属于公司内部的聚会场所（如会议室、休息室等），场地内有桌子、饮料、气球等，布置适合聚会活动。
- 可能的剧情情节：剧情围绕职场聚会中的特殊互动展开，属于影视化场景，包含多人围观、肢体接触、角色扮演、裸露互动等情节，女性角色在剧情中是互动的核心，情节涉及角色间的表演与互动模式。
- 人物关系和互动：与其他男性角色（推测为同事群体）存在互动关系，呈现近距离接触、围观、参与互动等模式，人物关系偏向职场内的群体互动，剧情中体现特殊互动关系。",提取的关键词有：OL、职业装、办公室、裸露、多人、巨乳、性感、丝袜、黑丝、调教、情趣装、御姐、熟女、高颜值、聚会、日式房间、裸露、互动。,OL、职业装、办公室、调教、黑丝、裸露、多人、巨乳、性感、丝袜、御姐、熟女、高颜值、对白、情趣装、裸露、多人
/Users/firewell/影视/AV/#整理完成/花音うらら/MXGS-1381 超優良、リピート確実！天然剛毛美女があなたをおもてなす Special風俗◇/MXGS-1381.mp4,MXGS-1381.mp4,5607917511,ea9325b1c6a576fb4877cf7a73288853,"- 外貌特征：年龄约为25 - 30岁（青年），身材丰满；发型为黑色短发且带有齐刘海；妆容为浓妆，有红唇等表现，面部妆容具有表演效果。
- 服装穿着：包含黑色紧身连衣裙、黑色蕾丝吊带式内衣及内裤、带有兔耳发饰的深色上衣搭配牛仔裤（特定场景）、灰色蕾丝吊带等；颜色以黑色、深色系为主；未显示鞋子；无眼镜、眼罩。
- 是否穿着丝袜以及丝袜的颜色：穿着丝袜，丝袜颜色为黑色或灰色。
- 整体气质和风格：整体气质性感、主动，风格偏向情色表演类的挑逗与亲密互动，属于专业演员在表演中所呈现的媚态与主动型角色风格。","- 女性职业：成人影视演员（情色表演从业者）。
- 场景环境描述：室内私密空间，布置有床、衣柜、书桌、台灯等设施，属于酒店房间或类似公寓的卧室，墙面有现代装饰，灯光柔和，为私密且适合亲密互动的场景。
- 可能的剧情情节：围绕情色表演展开，包含两人间的亲密接触、挑逗互动、性爱等情节，属于成人影片中常见的亲密与性互动类剧情，强调角色间的表演性亲密行为。
- 人物关系和互动：与男性演员为职业搭档关系，在表演中呈现亲密、挑逗、性互动等互动模式，无真实生活关系，仅为表演中的角色互动。",提取的关键词有：短发、浓妆、性感、蕾丝内衣、丝袜、酒店房间、床、亲密互动、性挑逗、情色表演、丰满身材、黑色连衣裙等（重点关注人物特征、服装、场景、动作等方面）。,少妇、熟女、性感、黑丝、丝袜、酒店、床上、亲密、御姐、丰满、蕾丝内衣、情趣装、亲密互动、巨乳、奶子、高颜值、御姐、漂亮、约炮、出轨、床上、性感、闺蜜、已婚、丝袜、奶子、高颜值、自慰、姐姐、强奸、迷奸、多人、群交、一男两女、OL、职业装、熟女、丰满、性感、蕾丝内衣、情趣装、亲密互动、黑丝、丝袜
/Users/firewell/影视/AV/ABF-264.mp4/ABF-264.mp4,ABF-264.mp4,5412164653,c4e140647facc6f69066c5834fbd0df1,"- 外貌特征：年龄约为25 - 35岁，身材丰满，发型为黑色中长发（带有刘海），妆容为浓妆（红唇、面部精致），神态成熟且有神采。
- 服装穿着：身着深色西装外套（黑色系），内搭白色衬衫；穿着带有花纹的胸罩与内裤，搭配黑色丝袜（含蕾丝装饰细节），脚蹬黑色高跟鞋；佩戴耳饰与项链等配饰。
- 是否穿着丝袜以及丝袜的颜色：穿着丝袜，丝袜颜色为黑色。
- 整体气质和风格：融合职业化的干练（西装）与性感的挑逗（胸罩、丝袜等穿着），整体风格为熟女性感风，气质成熟且富有魅力。","- 女性职业：推测为职场女性（如办公室职员，即OL），或与特定情境相关的服务性角色（结合“射精管”袖标等元素，可能是特定职业化角色）。
- 场景环境描述：包含室内办公环境（如办公室、会议室，有桌椅、墙面装饰等）、室内私密空间（如房间、按摩场所等），光线有明暗对比，营造特定氛围。
- 可能的剧情情节：围绕职场关系或特定任务展开，女性与男性角色存在亲密、挑逗类的互动情节，可能涉及角色扮演或情境化的情感/职业关联互动。
- 人物关系和互动：女性与男性角色存在亲密互动关系，可能是同事、服务与被服务关系，互动中包含肢体接触、挑逗等情节，呈现较为亲密的剧情互动。",提取的关键词有：熟女、黑丝、西装、职业装、办公室、性感、蕾丝、胸罩、丝袜、亲密互动、室内场景、OL、职场、挑逗等。,少妇、熟女、黑丝、职业装、办公室、性感、丝袜、奶子、内射、口交、情趣装、姐姐、老师、已婚、OL、办公室、丝袜、淫妻、出轨、对白、骚话、丝袜、奶子、高颜值、自慰、御姐、漂亮、约炮、出轨、老师、精液、床上、性感、闺蜜、已婚、丝袜、眼镜、情趣装、姐姐、强奸、迷奸、多人、一男两女、OL、职业装、办公室、性感、淫妻、口交、情趣装、姐姐、屈辱、强暴、医生、秘书、办公室、丝袜、熟女、淫荡
/Users/firewell/影视/AV/ABF-266-UC/ABF-266-UC.mp4,ABF-266-UC.mp4,8156328180,bc289d151499842ccbc697291d714bb3,"- 外貌特征：年龄约25 - 30岁，身材丰满，胸部与臀部线条突出；长发（部分场景为披发、部分为马尾），有齐刘海；妆容为淡妆或浓妆，红唇，整体形象精致。
- 服装穿着：包含绿色、黑色等比基尼，背心、短裤；有多处裸体场景；无眼镜、眼罩等；未穿着丝袜，无法确定丝袜颜色。
- 整体气质和风格：形象性感，在场景中呈现主动、挑逗的姿态，风格偏向成人影片中的情色表现，气质成熟且富有吸引力。","- 女性职业：推测为成人影片演员（或类似情色内容相关职业），饰演主动参与亲密互动的女性角色。
- 场景环境描述：主要场景为浴室（带瓷砖墙面、喷头、镜子、黄色容器等设施）、桑拿房（木墙、黄色床铺）、更衣区域，属于私密或专业情色拍摄场地。
- 可能的剧情情节：围绕多男性亲密互动展开，包含一对一性爱、多人互动（如多男环绕、共同互动）等情节，属于成人影片典型情节。
- 人物关系和互动：与多名男性角色有亲密、性爱互动关系，呈现主动的追求与被互动状态，互动方式包含抚摸、性爱动作等，角色为情色表演中的配合关系。","- 人物特征：长发、丰满身材、巨乳、胸部、臀部、裸体、比基尼、背心、短裤；动作：亲密互动、性爱动作、抚摸、口交、后入等。
- 场景：浴室、桑拿房、更衣室、私密空间；服装：比基尼、内衣、裸体、背心、短裤。
- 动作：亲密接触、性爱、抚摸、口交、后入等。",性感、熟女、巨乳、身材、浴室、比基尼、性爱、多人、群交、一男两女、内射、口交、情趣装、姐姐、漂亮、奶子、高颜值、淫荡、后入、小姐姐、骚货、露脸、巨乳、熟女、淫妻、强奸、迷奸、床上、出轨、人妻、强奸、迷奸、淫荡、丰满、性感、巨乳、熟女、漂亮、高颜值、骚货、后入、小姐姐、奶子、口交、内射、情趣装、浴室、会所、女技师、模特、口交
/Users/firewell/影视/AV/ABF-266-UC/台 妹 子 線 上 現 場 直 播 各 式 花 式 表 演.mp4,台 妹 子 線 上 現 場 直 播 各 式 花 式 表 演.mp4,15837624,fd9536b2d1c7db6ef504e80646c60a66,"- 外貌特征：年龄约25 - 35岁，属于成熟女性；身材丰满，曲线明显；发型为黑色长发，发丝顺滑且长度较长；妆容为浓妆，以红唇、精致眼妆为主，整体妆容华丽，具备舞台表演感。
- 服装穿着：衣物包含黑色内衣、透明白色（带有黑色装饰）的服饰、浅灰色上衣等；穿着黑色丝袜；鞋子未在画面中显示（处于室内或床边场景，未穿着）；无眼镜、眼罩类配饰。
- 是否穿着丝袜以及丝袜的颜色：穿着丝袜，颜色为黑色。
- 整体气质和风格：性感成熟，风格具有强烈的表演性与吸引力，符合线上直播花式表演的特点，整体形象展现出魅力与表现力，属于具有观赏性的表演风格。","- 女性职业：线上直播主播（同时扮演提供花式表演的女技师角色）。
- 场景环境描述：场景为室内环境，包含酒店房间（有床、窗帘、床头柜等布置），同时结合线上直播平台界面（初始图显示直播网站界面），属于线上直播与实体表演空间结合的场景。
- 可能的剧情情节：演员（女性）在直播平台上进行各式花式表演，通过呈现不同姿态、动作、服饰与道具，与线上观众进行互动，实现表演效果与观众互动目的，剧情围绕“线上直播花式表演”展开。
- 人物关系和互动：主播（女性角色）与线上观众之间形成互动关系，以表演为载体与观众建立联系，无其他角色（如其他演员）的互动，互动模式为“表演 - 观看”型。",主播、性感、熟女、长发、浓妆、丝袜、酒店、床上、线上直播、花式表演、内衣、透视装、表演、黑丝、室内场景,主播、性感、丝袜、熟女、床上、酒店、线上、女技师、黑丝、内衣、透视装、表演
/Users/firewell/影视/AV/ABF-266-UC/社 區 最 新 情 報.mp4,社 區 最 新 情 報.mp4,15089802,7f94cd756e1883ac051da3198f2d449d,"- 外貌特征：年龄约25 - 30岁的青年女性，身材中等偏娇小；发型为齐肩棕色短发并带有齐刘海；妆容为淡妆，唇部为红色口红，眼神明亮有神。
- 服装穿着：前期穿着白色宽松V领短袖衬衫，搭配棕色下装；后期穿着黑色皮质外套，露出胸部等身体部位。未佩戴眼镜、眼罩等物品；未穿着丝袜。
- 整体气质和风格：前期呈现出可爱、诱惑的“小恶魔职员”风格，后期转为性感且带有剧情冲突感的风格，整体风格融合了职场职业感与情色表演特质。","- 女性职业：前期为办公室职员（属于OL，职业装范畴），后期为搜查官（依据剧情反转设定）。
- 场景环境描述：前期为现代办公场景，设有会议桌、文件等办公设施，光线明亮，属于正式办公空间；后期为私密、光线较暗的环境，可能是办公室的私人区域或单独房间，氛围私密。
- 可能的剧情情节：前期剧情围绕“小恶魔新职员用淫语诱惑”展开，属于职场中主动实施诱惑的情节；后期剧情“立场逆转！持续被压倒侵犯的搜查官”，呈现角色身份反转，从诱惑者转变为被侵犯者，情节充满冲突与反转。
- 人物关系和互动：前期与同事或上级存在诱惑性的互动关系，后期与侵犯方存在被动被侵犯的互动关系，人物关系从主动诱惑转为被动受侵犯，互动性质从暧昧诱惑转为强制侵犯（符合剧情设定）。",提取能够描述人物和场景的关键词为：齐肩短发、齐刘海、淡妆、红唇、白色衬衫、棕色下装、黑色皮衣、办公室、私密空间、诱惑、被侵犯、职员、搜查官、职场、情色表演、OL、熟女等（重点关注人物特征、服装、场景、动作）。,少妇、熟女、办公室、OL、职员、诱惑、女神、御姐、漂亮、约炮、出轨、性感、已婚、情趣装、姐姐、强奸、迷奸、强暴、秘书、凌辱、屈辱、职业装、淡妆、红唇、苗条、娇小、制服
/Users/firewell/影视/AV/DASS-460/hhd800.com@DASS-460.mp4,hhd800.com@DASS-460.mp4,6068865488,c1d6c0143e7d6add3a0f9b79023d9874,,,,少妇、熟女、人妻、老婆、巨乳、丝袜、情趣装、婚纱、床上、性感、出轨、调教、后入、白丝、黑丝、淫荡、骚货、奶子、高颜值、御姐、漂亮、约炮、出轨、强奸、迷奸、多人、群交、一男两女、会所、女技师、秘书、凌辱、上司、屈辱、强暴、丰满、微胖、制服、酒店、学校、内衣、长发、马尾、浓妆、红唇
/Users/firewell/影视/AV/DASS-764/DASS-764.mp4,DASS-764.mp4,5392348923,53e571b42012c4f3fcfb8f433364ecb5,"- 外貌特征：年龄约25 - 30岁，面容精致，发型为齐肩短发并带有刘海，妆容为淡妆（有红唇修饰），身材丰满，整体形象展现出成熟女性的韵味与性感气质。
- 服装穿着：初期穿着白色短袖衬衫搭配黑色无袖背心（风格偏向职业装，类似OL制服）；后期脱去上衣后仅着黑色下装；穿着黑色丝袜（黑丝），未显示鞋子（场景为室内环境）；佩戴红色装饰性围巾，整体服装融合职业干练与性感元素。
- 是否穿着丝袜以及丝袜的颜色：穿着黑色丝袜（黑丝），画面中清晰呈现黑色丝袜的穿着状态。
- 整体气质和风格：成熟性感，兼具职业女性的干练特质，同时通过服装、姿态展现出熟女风格的魅力，整体风格暧昧且富有吸引力。","- 女性职业：推测为酒店服务员、秘书（OL）等服务行业职业女性角色。
- 场景环境描述：室内环境，装饰华丽且档次较高，设有棕色皮质沙发、带有金色花纹的装饰墙壁，空间内灯光营造出暧昧氛围（如暖光、彩色灯光等），属于高档娱乐或服务场所（如酒店套房、私人会所房间）。
- 可能的剧情情节：围绕职业女性（熟女、人妻等）与男性的亲密互动展开，属于角色扮演类情节，呈现职场女性在特定场景下的互动关系，可能涉及服务性或情感、性相关元素。
- 人物关系和互动：女性与男性存在亲密的身体接触（如坐姿、身体抚触、近距离互动等），推测为服务与被服务关系，或角色扮演中的亲密互动，关系偏向暧昧、亲密。",熟女、职业装、黑丝、丝袜、酒店、性感、丰满、OL、暧昧、亲密互动、制服、房间、华丽装饰等。,少妇、熟女、黑丝、丝袜、职业装、酒店、性感、丰满、OL、人妻
/Users/firewell/影视/AV/DASS-764/台 妹 子 線 上 現 場 直 播 各 式 花 式 表 演.mp4,台 妹 子 線 上 現 場 直 播 各 式 花 式 表 演.mp4,15837624,fd9536b2d1c7db6ef504e80646c60a66,"- 外貌特征：年龄多为20 - 30岁，长发（部分为卷发、直发等），妆容为浓妆，身材丰腴或匀称。
- 服装穿着：穿着有情趣装、丝袜（黑丝、白丝等），也有裸露身体或穿简约露肤衣物；无眼镜、眼罩；穿着丝袜（黑丝、白丝等）；整体服装风格性感、表演化。
- 是否穿着丝袜以及丝袜的颜色：穿着丝袜，颜色包含黑色、白色等。
- 整体气质和风格：性感，风格为成人直播表演，神态和动作具有挑逗性和展示性。","- 女性职业：主播、女技师。
- 场景环境描述：室内环境，包含酒店房间（床、窗帘等）和直播界面场景（主播列表等）。
- 可能的剧情情节：线上直播花式表演，包含表演动作、观众互动等。
- 人物关系和互动：主播与观众互动，属于直播表演模式。",- 提取的关键词：主播、性感、丝袜、裸露、裸聊、表演、直播、花式、情趣装、室内、床、互动、女技师等。,主播、性感、丝袜、裸露、裸聊、女技师、情趣装、室内、床、花式表演、裸体、直播、少妇、母狗、极品、偷情、老婆、人妻、真实、女神、巨乳、调教、身材、黑丝、白丝、双飞、换妻、女友、大奶、内射、绿帽、露脸、阿姨、颜值、熟女、淫荡、大学生、后入、小姐姐、骚货、良家、对白、骚话、丝袜、奶子、高颜值、自慰、御姐、漂亮、约炮、清纯、打桩、出轨、老师、顶级、精液、床上、性感、闺蜜、已婚、肉丝、眼镜、学生、淫妻、学妹、口交、情趣装、姐姐、足交、强奸、迷奸、高挑美女、多人、群交、一男两女、空姐、OL、职业装、办公室、旗袍、孕妇、哺乳、乳汁、丁字裤、野外、选秀、会所、女技师、秘书、凌辱、上司、屈辱、强暴、护士、医生、律师、警察、教授、主播、模特、萝莉、少女、成熟、中年、长发、短发、卷发、马尾、双马尾、浓妆、淡妆、素颜、红唇、苗条、丰满、微胖、娇小、高大、人妖、制服、和服、比基尼、内衣、睡衣、运动装、浴室、厨房、车内、酒店、学校、医院、按摩、瑜伽、女同
/Users/firewell/影视/AV/DASS-764/社 區 最 新 情 報.mp4,社 區 最 新 情 報.mp4,15089802,7f94cd756e1883ac051da3198f2d449d,"- 外貌特征：该女性角色年龄约为25 - 30岁，留着齐肩短发并带有齐刘海，眉毛自然，眼妆为淡妆，整体妆容清新自然，皮肤白皙；身材体态匀称，呈现出娇小的特征。
- 服装穿着：前期穿着白色V领长袖衬衫（属于职业风格，衣物为白色，款式简洁），搭配深色下装；后期穿着黑色皮质上衣（属于性感风格，为皮革材质，展现出胸部等部位）。未佩戴眼镜、眼罩；未穿着丝袜。
- 整体气质和风格：前期呈现出温柔亲切、职业化的职场女性气质，穿着风格偏向正式职场装；后期转变为性感、主动，带有挑逗性的风格，呈现出更具诱惑力的形象。","- 女性职业：该女性可能从事办公室相关职业，属于职场岗位（如职员、秘书、助理等）。
- 场景环境描述：前期场景为办公室会议室，环境内有大型办公桌、文件、座椅等，光线明亮，属于办公场所；后期场景为室内私密空间（如房间），光线较暗，氛围私密。
- 可能的剧情情节：前期剧情围绕“新职员用淫语诱惑”展开，属于职场间的暧昧诱惑情节；后期“立场逆转”显示角色反转，从主动诱惑方转变为被侵犯方，属于情节反转类剧情。
- 人物关系和互动：前期为职场同事间的暧昧互动（新职员主动接近并诱惑）；后期为特定角色与女性的互动，互动方式随剧情反转而变化（如角色从被诱惑方变为被侵犯方）。",短发、白色衬衫、黑色皮衣、办公室、职场、诱惑、反转、女性、性感、挑逗、职业装、私密空间、会议室、淡妆、红唇等。,熟女、御姐、性感、办公室、职业装、少妇、颜值、淡妆、红唇、丰满、娇小、偷情、老婆、巨乳、调教、身材、露脸、阿姨、淫荡、约炮、出轨、淫妻、情趣装、姐姐、强奸、凌辱、御姐、漂亮、高颜值、骚货、对白、骚话、奶子、床上、性感、已婚、OL、职业装、办公室、女技师、秘书、强奸、凌辱
/Users/firewell/影视/AV/DLDSS-419.mp4/DLDSS-419.mp4,DLDSS-419.mp4,4695328023,d24dcf6fd579d5bd644dc76e07bff5a5,"- 外貌特征：年龄约30岁，属于成熟女性；身材丰满，曲线明显；发型为中短发，发色深棕，发型自然有层次；妆容以淡妆为主，唇部有红唇妆，整体显得精致。
- 服装穿着：曾穿黑色V领长袖上衣、红色和服、带有图案的和服等；无眼镜、眼罩等特殊配饰；从画面呈现来看未穿着丝袜。
- 是否穿着丝袜以及丝袜的颜色：未穿着丝袜。
- 整体气质和风格：整体气质成熟性感，风格偏向情色题材中的挑逗、亲密风格，展现出诱惑与浪漫结合的气质。","- 女性职业：推测为情色题材中的“人妻”或“熟女”角色。
- 场景环境描述：场景包含温馨餐厅、私密浴室（含浴缸）、和式房间、酒店房间等多种室内环境，环境具有私密性和生活化特点。
- 可能的剧情情节：剧情围绕情色互动展开，包含与男性（或多人）的亲密接触、性互动、偷情等情节，属于成人题材的浪漫与激情结合。
- 人物关系和互动：与男性角色存在亲密、性关系互动，关系可能为配偶或伴侣，互动频繁且亲密，包含多人参与的性互动场景。",提取的关键特征标签有：熟女、中短发、红唇、丰满身材、和服、浴室、裸体、亲密互动、性接触、温泉、性感、多人、一男两女、偷情、裸体、浴室、和服、性感、熟女、丰满、裸体、床上、淫荡、淫妻、口交、情趣装、姐姐等（根据画面实际呈现内容提取）。,少妇、熟女、人妻、和服、丰满、裸体、性感、多人、一男两女、偷情、内射、淫荡、淫妻、口交、情趣装、姐姐、床上、高颜值、御姐、性感、已婚、裸体、浴室、偷情、调教、淫妻、口交、情趣装、姐姐、床上、多人、一男两女、巨乳、淫荡、高颜值、裸体、床上、性感、多人
/Users/firewell/影视/AV/DLDSS-428.mp4/DLDSS-428.mp4,DLDSS-428.mp4,3799201713,689c043b81c57adc8f944b566bef0435,"- 外貌特征：年龄约30 - 40岁，身材丰满，中长发（棕色），妆容为浓妆（红唇、眼妆等），面部精致，整体形象成熟。
- 服装穿着：穿着多种情趣内衣，如紫色吊带式上衣搭配黄色内裤、黄色网袜；黑色吊带（带有金色装饰）；蓝色吊带式内衣；粉色蕾丝质感的情趣内衣等。未穿着鞋子。无眼镜、眼罩。穿着丝袜：画面中第三张图显示穿着黄色网袜（属于丝袜范畴），颜色为黄色。
- 整体气质和风格：性感挑逗，呈现成人影片中情色风格，气质成熟妩媚，通过动作和神态展现出情色表演的妩媚感。","- 女性职业：推测为成人影视演员（情色演员），饰演与亲密互动、性爱表演相关的剧情角色。
- 场景环境描述：包含卧室（有床、枕头、毛巾等家具）和浴室（有瓷砖墙面、淋浴设施）等私密空间，推测为酒店房间或私人住宅，环境布置具有私密性。
- 可能的剧情情节：围绕与男性演员的亲密接触、性爱动作展开，呈现成人影视常见的亲密互动与性爱表演场景。
- 人物关系和互动：与男性演员为表演关系，呈现亲密互动、性爱动作等表演性互动，无现实生活场景下的自然关系，属于影视表演中的角色互动关系。",丰满、成熟女性、中长发、浓妆、情趣内衣、网袜、吊带、卧室、浴室、亲密互动、性爱动作、丝袜、内衣、酒店房间、性感、丰满身材、情趣装,少妇、母狗、极品、偷情、老婆、人妻、女神、巨乳、调教、身材、丝袜、白丝、双飞、换妻、女友、大奶、内射、露脸、阿姨、颜值、熟女、淫荡、淫妻、口交、情趣装、姐姐、床上、性感、闺蜜、已婚、高颜值、打桩、出轨、老师、顶级、精液、多人、一男两女、空姐、OL、会所、女技师、秘书、凌辱、上司、屈辱、强暴、模特、成熟、长发、浓妆、红唇、丰满、微胖、高颜值、御姐、口交、床上、性感、闺蜜、已婚、丝袜、奶子、情趣装、姐姐、酒店、内衣
/Users/firewell/影视/AV/JUR-413-C/JUR-413-C.mp4,JUR-413-C.mp4,5988166128,c727e769b4cce1dcd558773516259240,"- 外貌特征：年龄约为25 - 35岁的成熟女性，身材丰满，留着齐肩红棕色短发，妆容为淡妆（带有红唇等元素），皮肤白皙，整体神态从职场干练转为私密场景的性感。
- 服装穿着：初始穿着黑色西装外套搭配白色衬衫（呈现职业装风格）；后续出现白色衬衫、白色蕾丝内衣、蕾丝胸罩等；无眼镜、眼罩，未穿着丝袜（画面中未显示丝袜元素）。
- 整体气质和风格：前期展现出职场女性的干练与专业感，后期转变为展现性感、主动的私密互动风格，整体风格带有成熟女性的魅力与暧昧氛围。","- 女性职业：推测为办公室职员、秘书或职场女性（依据西装、办公环境等元素判断）。
- 场景环境描述：包含办公室（有电脑、办公桌等办公设备）、走廊、沙发区域、床铺等室内环境，光线从明亮办公环境转为昏暗私密空间，氛围从正式职场转为暧昧私密。
- 可能的剧情情节：从职场日常（办公、与男性同事交流）逐步发展为私密空间内的亲密互动，涉及亲吻、性接触等行为，推测剧情围绕职场关系下的情感与亲密关系展开，包含“出轨”“婚外情”类情节。
- 人物关系和互动：与男性（可能是上司或同事）存在从普通职场交流到亲密、性接触的关系，关系带有暧昧感，推测为已婚女性与男性（如丈夫、同事）的互动，属于暧昧或职权下的亲密关系。",红发、齐肩、西装、衬衫、蕾丝内衣、办公室、沙发、床、亲密互动、亲吻、性接触、熟女、性感、职场、女性、男性、暧昧、私密空间、巨乳、内射、后入、少妇、人妻,少妇、人妻、熟女、性感、巨乳、出轨、老婆、内射、后入、办公室
/Users/firewell/影视/AV/JUR-413-C/台 妹 子 線 上 現 場 直 播 各 式 花 式 表 演.mp4,台 妹 子 線 上 現 場 直 播 各 式 花 式 表 演.mp4,15837624,fd9536b2d1c7db6ef504e80646c60a66,"- 外貌特征：年龄约为20 - 30多岁，身材偏向丰满；发型以长发为主，部分为卷发或马尾造型；妆容为浓妆，眼妆和唇妆较为突出，整体呈现成熟女性的特征。
- 服装穿着：穿着包括内衣、睡衣、丝袜（部分画面显示穿着丝袜）、带有职业装风格的上衣等；衣物颜色有白色、黑色、灰色等；未穿着鞋子，也无眼镜、眼罩等配饰；整体服装风格偏向性感暴露，符合线上表演的穿着需求。
- 是否穿着丝袜以及丝袜的颜色：穿着丝袜，丝袜颜色为肉色或白色（画面中可见腿部覆盖的丝袜为常见肤色或白色丝袜）。
- 整体气质和风格：整体气质充满性感与表演感，以热情、诱惑的风格呈现，属于具有职业表演特质的直播主播，动作和表情带有强烈的表演性，风格偏向成人表演类型的直播内容。","- 女性职业：直播主播，职业为提供线上花式表演服务的直播主播，通过线上直播平台进行表演展示。
- 场景环境描述：包含线上直播界面（显示主播列表、APP下载信息、主播状态等，属于线上直播平台场景）和线下室内表演场景（如酒店房间，有床、窗帘等布置，属于私人或表演空间，是实际表演的场所）。
- 可能的剧情情节：围绕线上直播的花式表演展开，主播通过更换不同服装、摆出多样姿势、使用道具（如画面中手持的黑色物体）等方式进行表演，以吸引观众互动，剧情以表演动作和风格为主，无复杂叙事，属于表演性质的直播内容，重点展示花式表演。
- 人物关系和互动：主播与观众之间以直播互动形式存在（主播进行表演，观众观看并互动）；部分画面中可能存在主播间的表演互动（如多人表演场景），但主要互动关系为主播与观众的直播互动，主播通过表演与观众建立互动关系。",主播、直播、花式表演、丝袜、内衣、酒店、表演、浓妆、长发、丰满、室内、性感、道具、暴露、线上、线下、互动。,主播、性感、丝袜、内衣、酒店、表演、女同、直播间、浓妆、长发、丰满、花式表演、室内、道具、暴露
/Users/firewell/影视/AV/JUR-413-C/社 區 最 新 情 報.mp4,社 區 最 新 情 報.mp4,15089802,7f94cd756e1883ac051da3198f2d449d,"- 外貌特征：年龄约为20 - 30岁，属于年轻女性；发型为齐肩短发并带有刘海，发型利落；身材娇小，脸部妆容为淡妆，以红唇和眼妆为主，眼神明亮，面部线条柔和。
- 服装穿着：在办公室场景中穿着白色V领宽松衬衫，搭配深色半身裙，未佩戴眼镜、眼罩等配饰；在私密场景中穿着黑色皮革材质的上衣，未穿着丝袜。
- 是否穿着丝袜以及丝袜的颜色：未穿着丝袜，画面中未出现丝袜。
- 整体气质和风格：在办公室场景呈现职场女性的亲切与专业感，结合剧情带有诱惑性；在私密场景转为性感、挑衅风格，展现出成熟女性的魅力与角色立场的反转感。","- 女性职业：推测为办公室职员（如OL、秘书等职场女性），结合文字“小恶魔新职员”可判断为新入职的职场女性角色。
- 场景环境描述：第一个场景为明亮整洁的办公室，设有办公桌、文件、办公椅等办公设施，环境正式；第二个场景为光线较暗的室内私密空间（如酒店房间），氛围暧昧且带有冲突感。
- 可能的剧情情节：剧情围绕职场女性以“小恶魔”般的方式（用淫语诱惑）接近主角展开，随后场景转换至角色立场逆转，该女性（搜查官角色）持续被侵犯，呈现剧情反转与冲突感。
- 人物关系和互动：第一个场景中女性与主角为职场上下级或同事关系，互动带有诱惑、亲近感；第二个场景中角色关系转变为在冲突下的亲密/侵犯互动，体现立场的反转与剧情的戏剧性。",提取的关键词有：职场女性、办公室、职员、OL、职业装、皮革服装、诱惑、近距离互动、白色衬衫、短发、女性、搜查官、私密空间、性感、立场的反转、成熟女性、黑色皮衣、近距离互动、职场场景等（对应标签表中的OL、职业装、办公室、熟女、姐姐、小姐姐、性感、高颜值等）。,OL、职业装、办公室、熟女、姐姐、小姐姐、性感、高颜值、人妻、出轨、偷情、淫荡、漂亮、约炮、御姐、巨乳、奶子、情趣装、已婚
/Users/firewell/影视/AV/JUR-432/18+游戏大全(996gg.cc)-七龍珠H版-三國志H版-三國群淫傳等.mp4,18+游戏大全(996gg.cc)-七龍珠H版-三國志H版-三國群淫傳等.mp4,2001226,e87502151edee89633409f10108f2781,"- 外貌特征：年龄呈现成熟阶段（约25 - 35岁），身材丰满，拥有圆润的身材曲线。发型有不同风格，第一张图是金色长卷发，第二张图是白色长发扎成马尾（且带有精灵耳，属于奇幻设定），第三张图是金色双麻花辫；妆容精致，眼妆和唇妆突出，整体面容精致。
- 服装穿着：第一张图穿着白色蕾丝内衣，搭配白色丝袜，风格性感优雅；第二张图穿着红色绑带内衣，无特殊服饰；第三张图穿着金色系带内衣，无丝袜。服饰风格偏向性感内衣，有蕾丝、系带等设计。
- 是否穿着丝袜以及丝袜的颜色：第一张图穿着白色丝袜；第二张图未穿着丝袜；第三张图未穿着丝袜。
- 整体气质和风格：整体呈现性感、成熟、诱惑的气质，风格偏向情色插画或游戏角色演绎，姿态具有吸引力，结合服饰与场景营造出性感氛围。","- 女性职业：属于情色题材中的女性角色（无现实职业指向）。
- 场景环境描述：以室内私人空间（如卧室）为主，包含床、窗户、装饰植物、花束等，环境布置温馨精致。
- 可能的剧情情节：围绕性情境展开，演绎角色与男性角色之间的互动，属于情色题材的表演或情节表现。
- 人物关系和互动：角色互动偏向一对一或多人性情境，人物关系围绕性互动展开，无明确现实生活关系，属于情节设定下的角色互动。",,少妇、母狗、极品、偷情、老婆、人妻、女神、巨乳、调教、身材、黑丝、白丝、丝袜、淫荡、大奶、露脸、阿姨、颜值、熟女、骚货、奶子、高颜值、御姐、漂亮、淫妻、性感、丝袜、巨乳、姐姐、淫荡、熟女、打桩、出轨、老师、精液、床上、性感、淫妻、姐姐、凌辱、屈辱、强暴
/Users/firewell/影视/AV/JUR-432/hhd800.com@JUR-432.mp4,hhd800.com@JUR-432.mp4,6810886668,974f68129193dddd49ecd6805398b17c,"- 外貌特征：年龄为成熟阶段（熟女），身材丰满，拥有较大的胸部与臀部，发型为棕色短发（齐肩）；妆容为淡妆，面部表情带有表演特质，整体面容柔和。
- 服装穿着：初始穿着浅色上衣与长裙，后期逐渐脱去衣物，呈现裸露状态（仅剩内裤或无服饰，无丝袜、眼镜、眼罩等配饰，也无鞋子展示）。
- 是否穿着丝袜以及丝袜的颜色：未穿着丝袜，无此特征。
- 整体气质和风格：在场景中呈现被多人互动的形象，气质带有表演性的挣扎与配合感，风格偏向成人影片的情色表演风格，整体为性感熟女形象。","- 女性职业：推测为成人演艺领域的演员，饰演在特殊场合（如聚会）中参与性互动的“目标女性”角色，设定可能为秘书、朋友等（结合与多人互动场景）。
- 场景环境描述：场景为室内私人空间，包含沙发、桌子、窗户等家居元素，属于住宅类场景（可能是私人住宅客厅或酒店房间），环境布置具有生活化气息，后期为私密性较强的空间（如沙发附近区域）。
- 可能的剧情情节：起始为多人聚会交流，随后逐渐发展为性互动情节，女性角色在众人围绕下参与多人性互动，剧情围绕性关系、多人参与的亲密行为展开，属于成人影片典型剧情。
- 人物关系和互动：女性与多名男性存在亲密/性互动关系，男性之间为朋友、同事或同伴关系，女性角色与男性角色关系为表演性互动（演员与角色配合），互动形式为多人性亲密行为（如亲吻、抚摸、性交等）。",女性、熟女、丰满、裸露、室内、多人、性互动、衬衫、裙子、沙发、亲吻、抚摸、内裤、短发、高颜值、性感、骚货、淫妻、姐姐、阿姨、后入、内射、口交、床上、偷情、换妻、淫荡、老师、秘书、女技师,少妇、熟女、丰满、性感、多人、一男两女、后入、内射、口交、床上、淫妻、姐姐、阿姨、高颜值、骚货、淫荡、偷情、换妻、出轨、老师、秘书、女技师
/Users/firewell/影视/AV/JUR-448-C/JUR-448-C.mp4,JUR-448-C.mp4,6092410143,46d49fb9151c2f9ff8ad5ea56a82f8b4,"- 外貌特征：年龄约30 - 40岁，为成熟女性；身材丰满，体态优美；发型为黑色长发，自然垂落；妆容为淡妆，妆容自然清透，无浓妆或夸张修饰。
- 服装穿着：身着白色针织上衣、灰色衬衫、带有花纹的半身裙、黑色上衣等；未穿着丝袜；未佩戴眼镜、眼罩类物品。
- 整体气质和风格：整体气质成熟性感，风格呈现出亲密互动的情境感，展现出成熟女性的魅力与互动时的自然状态，带有性感的氛围设定。","- 女性职业：推测为成人题材表演者（如模特、演员等，参与亲密场景演绎相关工作）。
- 场景环境描述：场景为室内环境，包含沙发、桌子、窗帘、木质家具等元素，光线有明暗变化，属于住宅或酒店类私密空间，布置温馨且具有私密互动场景的功能性。
- 可能的剧情情节：围绕女性胸部装饰（金色链条、装饰吊坠等）展开，情节包含装饰过程、亲密互动等环节，属于情境表演类的亲密接触与装饰展示情节。
- 人物关系和互动：存在男性角色与女性角色，二者互动亲密，推测为合作演员或伴侣关系，互动行为包含装饰协助、亲密接触等，关系亲近且带有表演属性。",长发、丰满、胸部装饰、室内、亲密互动、灰色衬衫、白色上衣、花裙子、黑色上衣、淡妆、成熟女性、酒店、情趣装等。重点关注人物特征（长发、丰满、胸部装饰）、服装（多种衣物）、场景（室内居家环境）、动作（亲密互动、胸部装饰展示）,丰满、熟女、性感、巨乳、室内、酒店、情趣装、御姐、长发、淡妆、胸部装饰、亲密互动
/Users/firewell/影视/AV/JUR-448-C/台 妹 子 線 上 現 場 直 播 各 式 花 式 表 演.mp4,台 妹 子 線 上 現 場 直 播 各 式 花 式 表 演.mp4,15837624,fd9536b2d1c7db6ef504e80646c60a66,"- 外貌特征：年龄约为25 - 35岁，身材丰满，发型以长发为主（包含自然垂落发、马尾等造型），妆容为浓妆样式（突出红唇、眼妆等细节），面部特征展现出成熟女性的气质。
- 服装穿着：穿着多种类型衣物，涵盖暴露内衣、睡衣风格服饰、灰色职业装风格上衣等；未显示具体鞋子；无眼镜、眼罩；穿着丝袜，丝袜颜色有黑色和肉色。
- 是否穿着丝袜以及丝袜的颜色：穿着丝袜，丝袜颜色为黑色和肉色。
- 整体气质和风格：整体气质主动且性感，风格偏向具有表演性质的成人内容呈现，风格大胆且富有表现力。","- 女性职业：直播主播（专注于提供成人内容的直播表演服务）。
- 场景环境描述：场景为室内环境，包含带有床、窗帘布置的酒店房间，以及显示直播平台界面的场景（包含主播列表、下载二维码等信息）。
- 可能的剧情情节：以在线或现场直播的形式，开展各式花式表演，满足观众对表演类内容的需求，涉及姿势选择、互动表演等环节。
- 人物关系和互动：主播与虚拟观众之间通过直播平台实现互动，场景中可能存在单人表演或多人互动（结合画面多人元素暗示），人物关系围绕直播表演服务展开。",主播、直播、性感、丝袜、内衣、表演、酒店、床、浓妆、黑丝、肉色丝袜、职业装、暴露服饰、成熟、浓妆、红唇、丰满,主播、丝袜、性感、酒店、床、职业装、黑丝、肉色丝袜、浓妆、红唇、丰满、内衣、表演、直播
/Users/firewell/影视/AV/JUR-448-C/社 區 最 新 情 報.mp4,社 區 最 新 情 報.mp4,15089802,7f94cd756e1883ac051da3198f2d449d,"- 外貌特征：年龄约25 - 30岁，齐肩棕色短发且带有齐刘海，妆容为淡妆，红唇，双眼明亮有神，皮肤白皙；身材属于丰满类型，姿态挺拔。
- 服装穿着：前期穿着白色V领宽松衬衫，搭配深色下装（如深棕色裙子或裤子）；后期穿着黑色皮质外套，部分画面中呈现裸露胸部状态。
- 是否穿着丝袜以及丝袜的颜色：画面中未显示穿着丝袜，推测未穿丝袜或未在画面中呈现。
- 整体气质和风格：前期呈现出职业、甜美且略带亲切的气质；后期转变为性感、诱惑的风格，展现出成熟女性的魅力。","- 女性职业：前期为办公室职员（如秘书），后期为搜查官（画面文字提示“持续被压倒侵犯的搜查官”）。
- 场景环境描述：前期场景为现代化办公室，有会议桌、办公文件、办公椅，环境整洁明亮；后期场景为室内私密空间（如房间），光线较暗，氛围私密。
- 可能的剧情情节：前期剧情围绕职场中用“淫语诱惑”展开，后期剧情为“立场逆转”，搜查官角色持续被侵犯，展现角色从主动到被动的转变。
- 人物关系和互动：前期与男性同事存在职场互动（以诱惑行为为主）；后期作为搜查官角色，与其他角色产生被侵犯的互动，人物关系涉及职场、角色扮演类的剧情互动。",提取的关键词有：短发、淡妆、红唇、白色衬衫、黑色皮衣、办公室、室内私密空间、微笑、调整衣物、搜查官、性感、诱惑等。,少妇、熟女、御姐、性感、秘书、办公室、职业装、红唇、淡妆、丰满、微胖、凌辱、搜查官、强奸、屈辱、女神、巨乳、调教、身材、性感、姐姐、阿姨、颜值、高颜值、淫荡、出轨、办公室、职业装、搜查官、强奸、凌辱、女神、巨乳、调教、身材、性感、姐姐、阿姨、颜值、高颜值、淫荡、出轨、搜查官、办公室、职业装、搜查官、强奸、凌辱（注意去重后，实际按列表筛选主要标签后输出，最终以不重复核心标签为准，此处简化后列主要匹配标签）
/Users/firewell/影视/AV/JUR-467/18+游戏大全(996gg.cc)-七龍珠H版-三國志H版-三國群淫傳等.mp4,18+游戏大全(996gg.cc)-七龍珠H版-三國志H版-三國群淫傳等.mp4,2001226,e87502151edee89633409f10108f2781,,,,巨乳、丝袜、淫妻、淫荡、熟女、阿姨、高颜值、性感、白丝、蕾丝、绑带、室内、情色
/Users/firewell/影视/AV/JUR-467/hhd800.com@JUR-467.mp4,hhd800.com@JUR-467.mp4,7819734341,7615480f4acc1c2c31c62cb3ff7b4940,"- 外貌特征：年龄约为30 - 40岁，身材丰满，发型以马尾或披发为主，妆容多为淡妆或自然妆（部分场景呈现情绪化妆容，如哭泣时）。
- 服装穿着：衣物包含灰色西装套装（外套+白衬衫+裙装）、白色高领毛衣、内衣（丁字裤、内裤等）、白衬衫；颜色以灰、白、棕等中性色为主；鞋子部分为高跟鞋或赤脚；无眼镜、眼罩等特殊配饰，部分场景推测穿着丝袜（颜色可能为白色或黑色）。
- 是否穿着丝袜以及丝袜的颜色：推测穿着丝袜，颜色可能为白色或黑色。
- 整体气质和风格：整体气质偏向成熟性感，带有职场女性与私密场景下的感性风格，风格偏向熟女、人妻类，结合剧情中的亲密互动，呈现出“委屈与亲密结合”的矛盾感。","- 女性职业：办公室职员（OL）。
- 场景环境描述：主要场景为办公室（配备电脑、办公桌、文件柜等办公设施，包含白天与夜晚的办公环境）和私密空间（如酒店房间、单独办公室，设有床、衣柜等私人设施）。
- 可能的剧情情节：剧情围绕办公室内的情感与亲密关系展开，包含同事间的暧昧互动、亲密接触（如拥抱、亲吻、肢体接触），以及私密场景下的情色情节，涉及职场关系中的情感冲突、婚外情或亲密关系发展，情节包含控制、亲密互动等元素。
- 人物关系和互动：人物关系多为办公室内的同事或上下级，互动表现为亲密接触（拥抱、亲吻、肢体挑逗），部分场景出现控制元素（如被绑），属于职场内的人际关系与亲密互动结合的剧情。",提取的关键词：熟女、丰满、办公室、职业装、丝袜、西装、白衬衫、亲密、办公室、性、暧昧、被绑、酒店房间、高领毛衣、内裤、丁字裤、吻、拥抱、制服、私密空间、办公室职员、成熟女性、性感、熟女、办公室、OL、情色、职场、互动、亲密。,少妇、熟女、人妻、丝袜、黑丝、白丝、办公室、职业装、性感、出轨、OL、成熟女性、性感、丝袜、奶子、高颜值、御姐、漂亮、约炮、出轨、老师、床上、性感、闺蜜、已婚、肉丝、眼镜、学生、淫妻、学妹、口交、情趣装、姐姐、强奸、迷奸、多人、群交、一男两女、空姐、OL、职业装、办公室、孕妇、乳汁、丁字裤、会所、女技师、秘书、凌辱、上司、屈辱、强暴、护士、医生、律师、警察、教授、主播、模特、萝莉、少女、成熟、中年、长发、短发、卷发、马尾、双马尾、浓妆、淡妆、素颜、红唇、苗条、丰满、微胖、娇小、高大、制服
/Users/firewell/影视/AV/JUR-493.mp4/JUR-493.mp4,JUR-493.mp4,6298752973,a639f0cece1a3678cafc199e23b4c569,"- 外貌特征：年龄约25 - 35岁，身材丰满，胸部体积较大；发型多为长发（有披散、马尾造型）；妆容为浓妆，唇妆为红色系，眼妆明显，面部妆容精致，皮肤状态良好。
- 服装穿着：穿着黑色无肩带吊带，部分场景为裸露胸部（带有链条装饰）；也有穿着浅色系衣物、黑色外套等，鞋子未明显显示；未佩戴眼镜、眼罩；部分场景穿着黑色丝袜。
- 是否穿着丝袜以及丝袜的颜色：穿着丝袜，颜色为黑色。
- 整体气质和风格：成熟性感，带有强烈情色氛围感，气质偏向主动与被动的结合，风格符合成人影片中情色角色的表现，整体形象展现出诱惑与性张力。","- 女性职业：推测为成人影视行业演员，饰演以情色互动为主题的影视角色。
- 场景环境描述：室内环境，有窗帘、床、柔和灯光，布置温馨且私密，推测为酒店房间或私人住宅的卧室，属于封闭、私密的居住空间。
- 可能的剧情情节：围绕情色互动展开，包含亲密的身体接触、角色扮演（如束缚、亲吻、身体互动等），属于成人影片情节设定，强调感官刺激与角色间亲密、诱惑的互动关系。
- 人物关系和互动：演员间扮演亲密关系（如情侣、上下级等），通过肢体动作与互动呈现亲密、诱惑或被迫的情节，存在多人互动的可能。",丰满、胸部、链条、裸露、黑色吊带、室内、情色、亲吻、身体互动、浓妆、红唇、窗帘、床、链条装饰、性感、巨乳、丝袜、黑丝、熟女、御姐、情趣装等。,巨乳、性感、丝袜、熟女、御姐、情趣装、亲吻、身体互动、浓妆、红唇、室内、酒店、链条、黑色吊带、丝袜、黑丝、熟女、御姐、性感
/Users/firewell/影视/AV/NAMH-042.mp4/NAMH-042.mp4,NAMH-042.mp4,5831976168,e4dbfe5ea8883be4d0bc806cf3ba79c3,"- 外貌特征：年龄约25 - 30岁，身材丰满，发型为黑色短发，妆容为浓妆（含眼妆、唇妆等），脸型圆润，面部精致。
- 服装穿着：前期穿浅蓝色牛仔背带裤，内搭带花纹吊带；后期穿带有深色花纹的蕾丝内衣（含蕾丝内裤、吊带），也有全裸场景；无明确显示鞋子；未佩戴眼镜，部分场景佩戴白色眼罩。
- 是否穿着丝袜以及丝袜的颜色：未穿着丝袜（画面未出现丝袜）。
- 整体气质和风格：前期时尚随性，后期偏向性感主动，风格大胆，属于成人影片中常见的性感风情类型。","- 女性职业：推测为成人影片演员，饰演与亲密、性互动相关的角色（如“人妻”“女友”等）。
- 场景环境描述：以室内私密空间为主，包含卧室（有床、床品）、酒店房间（现代布置，有窗帘、床等），属于舒适居住或休闲场所。
- 可能的剧情情节：围绕亲密关系与性互动展开，包含与多个男性角色的亲密、性行为（如口交、性交、使用情趣用品等），属于成人影片常见多人互动、性情节类剧情。
- 人物关系和互动：与多个男性角色存在表演性亲密、性互动关系，无现实情感关联，为演员间角色互动呈现。",,少妇、人妻、极品、偷情、老婆、女神、巨乳、调教、身材、女友、大奶、内射、绿帽、露脸、阿姨、颜值、熟女、淫荡、后入、小姐姐、骚货、高颜值、御姐、漂亮、约炮、打桩、出轨、顶级、精液、床上、性感、已婚、口交、情趣装、姐姐、迷奸、多人、群交、一男两女、会所、女技师、秘书、丁字裤、模特、成熟、丰满、微胖、短发、浓妆、红唇、OL
/Users/firewell/影视/AV/REBD-968/REBD-968.mp4,REBD-968.mp4,3494553710,62ef79e533e475d5c249219d889dee55,"- 外貌特征：年龄约25 - 30岁，身材丰满，曲线明显；发型为长发（部分场景为卷发或直发，部分场景为扎发如马尾、盘发等）；妆容多样，部分场景为淡妆（红唇、眼妆）或素颜，整体妆容自然或精致。
- 服装穿着：衣物类型丰富，有彩色长裙（鲜艳花纹，户外场景）、白色蕾丝内裤（室内场景）、粉色连衣裙/套装（性感风格，室内场景）、绿色抹胸裙（优雅风格，户外场景）、西装套装（职业风格，室内办公室场景），鞋子方面有棕色带铆钉的鞋子等，无眼镜、眼罩；未穿丝袜。
- 是否穿着丝袜以及丝袜的颜色：未穿丝袜。
- 整体气质和风格：风格多元化，涵盖休闲、性感、职业等多种风格，通过不同造型和场景展现成熟、性感、时尚的气质，动作与造型富有表现力。","- 女性职业：推测为模特、表演者或相关展示行业从业者（依据多场景造型、展示角度判断）。
- 场景环境描述：包含户外场景（带有彩色建筑、泳池、花园、绿植等）与室内场景（酒店房间、办公室、普通房间等），环境多样，涵盖休闲度假与办公场所。
- 可能的剧情情节：围绕女性在不同场景下的形象展示，可能为摄影拍摄、影视表演等，呈现多角度的角色表现（不同服装、场景、动作），剧情为个人形象宣传或角色塑造的多场景呈现。
- 人物关系和互动：照片中无明显人物互动，推测为单人物展示，剧情中为自我展示或单人物情节。",长发、丰满身材、彩色长裙、内裤、粉色连衣裙、西装、比基尼、露脸、户外场景、室内场景、酒店、办公室、丝袜（无）、性感造型、职业装、蕾丝内裤、红唇、素颜、苗条、丰满、微胖,少妇、极品、身材、女神、巨乳、大奶、女友、露脸、颜值、熟女、性感、奶子、高颜值、御姐、漂亮、丰满、微胖、小姐姐、姐姐、床上、OL、职业装、办公室、丁字裤、野外、酒店、模特、少女、长发、卷发、马尾、素颜、红唇、丰满、微胖、OL、比基尼、内衣、酒店、办公室、女技师、秘书、情趣装、姐姐、丁字裤、野外、酒店、办公室、女技师、秘书、淫妻、已婚
/Users/firewell/影视/AV/RVG-242 RVG-242 母子姦BEST VOL.7 （BOD）/RVG-242.mp4,RVG-242.mp4,10842813868,6a64b0160d7728100e19fe0fa0251977,"- 外貌特征：年龄约30 - 40岁（成熟女性），身材丰满，长发（黑色长发，部分卷曲），妆容为淡妆，面部肌肤光滑，有红唇。
- 服装穿着：穿着灰色短袖上衣、裸露身体状态（部分画面无衣物）、紫色内裤、红色长袖上衣、白色上衣等，无眼镜、眼罩；未穿着丝袜或丝袜显示不明显。
- 整体气质和风格：成熟性感，风格偏向激情与亲密，散发出成熟女性的魅力与诱惑感。","- 女性职业：推测为家庭伴侣角色（如妻子、女友），属于“人妻”类职业。
- 场景环境描述：场景以居家环境为主，包含客厅（棕色皮沙发、木质茶几、花卉装饰）、卧室（床、枕头、床单等）、厨房（木质橱柜、餐具）等，布置温馨，属于私人住宅空间。
- 可能的剧情情节：围绕女性与男性之间的亲密互动展开，包含亲密接吻、身体接触、激情场景等，可能涉及“偷情”“出轨”“调教”等情节。
- 人物关系和互动：与其他男性存在亲密互动（如接吻、身体接触、性相关互动），角色与这些男性具有伴侣或情感关系，关系亲密且频繁有亲密互动行为。",丰满、成熟、居家、裸露、亲密互动、长发、成熟女性、灰色上衣、红色上衣、紫色内裤、卧室、客厅、激情、性感、少妇、熟女、人妻、老婆、巨乳、性感、丰满、床上、出轨、淫荡、丝袜、白丝、黑丝、双飞、换妻、女友、大奶、内射、绿帽、露脸、阿姨、颜值、熟女、淫荡、床上、性感、闺蜜、已婚、肉丝、眼镜、学生、淫妻、学妹、口交、情趣装、姐姐、足交、强奸、迷奸、多人、群交、一男两女、空姐、OL、职业装、办公室、旗袍、孕妇、哺乳、乳汁、丁字裤、野外、选秀、会所、女技师、秘书、凌辱、上司、屈辱、强暴、护士、医生、律师、警察、教授、主播、模特、萝莉、少女、成熟、中年、长发、短发、卷发、马尾、双马尾、浓妆、淡妆、红唇、苗条、微胖、娇小、高大、制服、和服、比基尼、内衣、睡衣、运动装、浴室、厨房、车内、酒店、学校、医院、按摩、瑜伽。,少妇、熟女、人妻、老婆、巨乳、性感、丰满、床上、出轨、淫荡、丝袜、白丝、黑丝、双飞、换妻、女友、大奶、内射、绿帽、露脸、阿姨、颜值、熟女、淫荡、床上、性感、闺蜜、已婚、肉丝、眼镜、学生、淫妻、学妹、口交、情趣装、姐姐、足交、强奸、迷奸、多人、群交、一男两女、空姐、OL、职业装、办公室、旗袍、孕妇、哺乳、乳汁、丁字裤、野外、选秀、会所、女技师、秘书、凌辱、上司、屈辱、强暴、护士、医生、律师、警察、教授、主播、模特、萝莉、少女、成熟、中年、长发、短发、卷发、马尾、双马尾、浓妆、淡妆、红唇、苗条、丰满、微胖、娇小、高大、制服、和服、比基尼、内衣、睡衣、运动装、浴室、厨房、车内、酒店、学校、医院、按摩、瑜伽
/Users/firewell/影视/AV/SIVR-433/SIVR-433-A.mp4,SIVR-433-A.mp4,7326351360,ed2c79d1991b51f662e35bbb91c861af,"- 外貌特征：年龄处于成熟阶段（约30 - 40岁），身材丰满，曲线优美；发型为黑色长发，带有自然卷曲效果，发丝柔顺有光泽；妆容为浓妆，眼妆与唇妆精致，红唇展现成熟感，面部妆容突出立体感与精致度。
- 服装穿着：穿着浅粉色的情趣内衣（包含胸罩与短裤样式），无外套；未佩戴眼镜、眼罩等配饰；未穿着丝袜，身体暴露部分较多，整体属于情趣装风格。
- 整体气质和风格：整体气质性感、成熟，风格偏向情色表演类角色，通过姿态、动作展现出强烈性感和挑逗性，风格具有表演性且注重表现力。","- 女性职业：推测为女技师（从事成人服务行业，涉及亲密互动服务的职业）或情色演员。
- 场景环境描述：场景为室内私密空间，装饰有粉色和橙色的布幔，灯光柔和明亮，布置有床类设施，环境温馨且私密，属于用于亲密、服务类活动的场所（如按摩房、私人会所房间）。
- 可能的剧情情节：剧情围绕女性角色与画面中男性角色（仅显示身体部分）的亲密互动展开，属于成人影片中的服务或表演类情节，通过动作、姿态呈现情色表演场景。
- 人物关系和互动：女性角色与男性角色存在服务与被服务的关系（若为女技师），或情色表演中的互动关系，互动以亲密接触、动作配合为主，关系偏向亲密且具有表演性质。",提取的关键词包括：熟女、性感、丰满、女神、巨乳、情趣装、室内、私密空间、互动、长发、浓妆、床、布幔、女技师、会所、床上、亲密、情色等。重点关注人物特征（丰满身材、长发、浓妆）、服装（情趣内衣）、场景（室内私密空间）、动作（亲密互动）等。,熟女、性感、丰满、女神、巨乳、情趣装、床上、女技师、会所、一男两女、内射、老师、御姐、高颜值、长发、浓妆、红唇
/Users/firewell/影视/AV/SIVR-433/SIVR-433-B.mp4,SIVR-433-B.mp4,6177332305,395f64a28c8c56fcbc6bf746fee99d3d,"- 外貌特征：年龄约为25 - 30岁，身材丰满呈微胖状态；留着黑色中长发（有自然卷度），带有齐刘海；妆容为浓妆，红唇鲜艳，眼妆精致（睫毛浓密、眼影等），面部整体妆容精致。
- 服装穿着：前期穿着白色透明长袖衬衫（透出浅色内衣），后期脱去透明衬衫，穿着浅色系吊带内衣与内裤；未穿着丝袜，也无鞋子、眼镜、眼罩等配饰。
- 是否穿着丝袜以及丝袜的颜色：未穿着丝袜，无丝袜颜色信息。
- 整体气质和风格：整体气质性感妩媚，风格偏向情色表演，展现出挑逗、诱惑的气质，属于成人内容中具有表现性的角色风格。","- 女性职业：推测为成人内容演员（情色影片中饰演女性角色），可能从事模特、网红拍摄等工作。
- 场景环境描述：室内环境，布置为类似酒店客房或私密休闲场所，有红色床铺、沙发、装饰性窗帘、绿植、灯光等，整体装饰精致，营造私密、舒适的氛围。
- 可能的剧情情节：围绕情色表演展开，包含身体展示、互动触摸（如胸部、身体等部位）等情节，属于成人影片中常见的角色互动与表现类剧情。
- 人物关系和互动：与其他人物（画面中有多只手互动，推测为男性角色）存在亲密互动关系，通过触摸、互动等动作呈现表演性互动，属于成人内容中演员与搭档或观众间的表演性关系。",长发、浓妆、巨乳、裸露、透明衬衫、内衣、酒店房间、互动触摸、性感、淫荡、情趣装、床上、丰满、成熟、红唇,巨乳、性感、淫荡、女神、漂亮、约炮、出轨、床上、情趣装、淫妻、酒店、女技师、丰满、成熟、长发、浓妆、红唇、多人、群交、一男两女
/Users/firewell/影视/AV/SIVR-433/SIVR-433-C.mp4,SIVR-433-C.mp4,4687804785,6d30dea7043cf303245a8780b8548ae6,"- 外貌特征：年龄推测为成熟阶段（30 - 40岁左右），身材丰满，胸部和臀部线条明显；发型为黑色长发，带有刘海；妆容为浓妆，眼妆和唇妆较为突出，整体妆容精致。
- 服装穿着：多数画面为裸体状态，少数画面可见穿着浅色内裤；无眼镜、眼罩等配饰。
- 是否穿着丝袜以及丝袜的颜色：未穿着丝袜。
- 整体气质和风格：气质性感且成熟，风格偏向于成人影片中的表演性角色，动作和表情展现出主动与热情，整体风格符合剧情需要的性感、成熟形象。","- 女性职业：推测为成人影视行业的演员（从画面风格、动作和场景判断，属于成人娱乐类演绎角色）。
- 场景环境描述：场景为室内环境，布置有床、红色沙发、装饰性绿植、灯光等，属于温馨且精致的室内空间，可能是酒店房间或私人住宅的卧室，环境布置具有生活化与舒适感。
- 可能的剧情情节：推测为成人影片中的亲密互动情节，包含角色之间的亲密动作、裸露等表现，属于成人娱乐类剧情。
- 人物关系和互动：画面中女性与其他角色（可能为男性或其他表演者）存在亲密互动关系，互动方式包含肢体接触、裸露等，人物关系偏向于亲密的剧情互动。",提取的关键词有：裸露、长发、浓妆、丰满身材、室内、床、红色沙发、互动姿势、奶子、巨乳、性感、酒店、熟女、御姐等。,巨乳、丰满、熟女、性感、裸露、奶子、高颜值、御姐、漂亮、酒店、熟女、中年、长发、浓妆、红唇、丰满、微胖、巨乳、熟女、性感、裸露、酒店、人妻、淫荡、奶子、高颜值、御姐、漂亮、约炮、出轨、女神、露脸、阿姨、颜值、女技师、会所、姐姐、丁字裤、女技师、会所、姐姐、熟女、御姐、漂亮、约炮、出轨、人妻、淫荡、奶子、高颜值、御姐、漂亮、约炮、出轨
/Users/firewell/影视/AV/SKGC-003/SKGC-003.mp4,SKGC-003.mp4,687434127,f86419a255e28d0c65f0c055360995eb,"- 外貌特征：年龄约25 - 35岁，身材丰满，具有成熟女性特征；发型为齐肩短发，发色为浅棕色；妆容为淡妆搭配红唇，显得成熟且具有性感气质。
- 服装穿着：日常穿着为浅粉色短袖圆领T恤和白色长裤；情趣装为蓝色带白色蕾丝装饰的吊带连衣裙，搭配白色蕾丝颈饰、发饰、手饰等，风格为女仆风情；无显示穿鞋或丝袜（从照片判断未穿着丝袜）。
- 是否穿着丝袜以及丝袜的颜色：从提供照片中未观察到穿着丝袜，因此判断为未穿着丝袜。
- 整体气质和风格：整体气质偏向成熟性感，穿情趣装时带有服务式的互动感，表情丰富，在场景中展现出主动或配合的互动姿态，风格偏向成人影片中的性感熟女角色。","- 女性职业：推测为成人影片演员，所饰演角色为女仆服务类角色（因穿着女仆装），也可能涉及女技师、秘书等职业相关情境。
- 场景环境描述：场景位于酒店房间内，房间内有床、窗帘、现代风格灯具和家具，布置简洁私密，为成人影片常见拍摄场景。
- 可能的剧情情节：剧情围绕女性在酒店房间与男性进行亲密互动展开，包含角色扮演（女仆装）和身体接触等情节，属于成人影片常规剧情套路。
- 人物关系和互动：女性与男性存在亲密互动关系，以拥抱、身体接触等方式互动，角色关系偏向服务与被服务或亲密互动，属于影片设定剧情角色互动。",提取描述人物和场景的关键词：成熟女性、齐肩短发、红唇、丰满身材、浅粉色T恤、白色长裤、蓝色女仆装、白色蕾丝装饰、酒店房间、床、亲密互动、女仆风格、性感、熟女、丰满、情趣装等。,少妇、极品、偷情、老婆、人妻、真实、女神、巨乳、身材、大奶、露脸、阿姨、颜值、熟女、淫荡、女友、大奶、性感、床上、女仆、情趣装、姐姐、熟女、丰满、高颜值、御姐、漂亮、约炮、打桩、出轨、已婚、女技师、会所、模特、丰满、微胖、短发、淡妆、红唇、床上、性感、OL、情趣装
/Users/firewell/影视/AV/SONE-833/18+游戏大全(996gg.cc)-七龍珠H版-三國志H版-三國群淫傳等.mp4,18+游戏大全(996gg.cc)-七龍珠H版-三國志H版-三國群淫傳等.mp4,2001226,e87502151edee89633409f10108f2781,"- 外貌特征：均为成熟女性（25 - 35岁左右），身材丰满，体态曲线优美。发型分别为金色长卷发（发间装饰有白色花朵）、银色长马尾、金色双麻花辫（头戴白色蕾丝头纱）；妆容为浓妆，拥有大而明亮的眼眸、红唇妆，面部表情呈现媚态。
- 服装穿着：第一张女性身着白色蕾丝边内衣，搭配白色丝袜（及膝长度）；第二张女性身着红色绑带式内衣；第三张女性身着古风/性感内衣，搭配白色长袖（覆盖手臂）。无眼镜、眼罩等配饰。
- 是否穿着丝袜以及丝袜的颜色：仅第一张女性穿着白色丝袜，第二张、第三张女性未穿着丝袜。
- 整体气质和风格：整体呈现性感媚态，风格偏向情色，姿态具有挑逗性，展现魅惑气质。","- 女性职业：推测为情色游戏/动画中的贵族女性、女战士或异域女性角色。
- 场景环境描述：场景为室内私密空间，包含床、窗户、装饰（如花束、家具）等，营造封闭、私密的氛围。
- 可能的剧情情节：属于成人向互动剧情，围绕角色间的性相关互动（如调教、互动等）展开。
- 人物关系和互动：与其他男性角色（画面未显示）存在“互动 - 被互动”关系，属于游戏内的情节互动，人物互动围绕性场景展开。",提取的关键词为：丰满、蕾丝、丝袜（第一张）、长卷发、双麻花辫、室内床、媚态、性感、巨乳、女神、熟女、御姐、红唇、绑带、古风内衣。,丰满、巨乳、性感、丝袜、女神、熟女、御姐、蕾丝、白丝、绑带、古风内衣、奶子、高颜值、蕾丝内衣
/Users/firewell/影视/AV/SONE-833/hhd800.com@SONE-833.mp4,hhd800.com@SONE-833.mp4,8335583613,f88b1d4d0686c5f16b1acb0af9981116,"- 外貌特征：年龄约为18 - 25岁（年轻女性），身材呈现丰满型；长发（黑色长发，长度及腰，带有齐刘海），妆容为淡妆，唇色自然且带有红润感。
- 服装穿着：身穿白色水手领衬衫（带有深蓝色条纹装饰与领结）、深蓝色百褶短裙，搭配黑色丝袜，内搭浅色蕾丝款内衣；未佩戴眼镜、眼罩等装备。
- 是否穿着丝袜以及丝袜的颜色：穿着黑色丝袜。
- 整体气质和风格：整体呈现青春校园风的形象，但在剧情演绎中展现出成熟性感的气质，风格偏向成人影视里的学生角色，兼具青春活力与情色元素。","- 女性职业：推测为学生（身着水手服，符合校园学生制服特征）。
- 场景环境描述：场景为室内环境，具体是酒店客房或类似公寓的私密居住空间，内有床、壁灯、窗帘、台灯等设施，布置现代且整洁。
- 可能的剧情情节：剧情围绕该女性角色与男性角色展开，包含亲密互动、激情场景，推测可能是“老师与学生”“熟女与学生”等成人向情感或性关系题材剧情。
- 人物关系和互动：人物关系为女性与男性间的亲密互动关系，呈现为熟人间或非亲非故间的亲密接触，互动包含肢体接触、亲密动作等，属于成人影视里的情感或性关系情节呈现。",水手服、黑丝、学生、丝袜、酒店、亲密互动、长发、淡妆、百褶裙、床、激情、校园风、成人影视、女性、丰满、性感、内衣、淡妆、酒店房间。,黑丝、丝袜、学生、水手服、酒店、性感、女神、巨乳、调教、身材、人妻、老婆、女友、大奶、内射、绿帽、露脸、熟女、淫荡、大学生、后入、小姐姐、骚货、对白、骚话、奶子、高颜值、御姐、漂亮、约炮、出轨、老师、顶级、精液、床上、性感、已婚、学妹、口交、女技师、秘书、凌辱、上司、屈辱、强暴、模特、少女、成熟、长发、淡妆、红唇、丰满、微胖、制服、内衣、酒店、内射、强奸、迷奸、会所、女技师、秘书、凌辱、上司、屈辱、强暴、模特、少女、成熟、长发、淡妆、红唇、丰满、微胖、制服、内衣、酒店
"/Users/firewell/影视/AV/#整理完成/波多野结衣,小早川怜子,武藤あやか,宝田もなみ,愛宝すず/NACX-155 たわわな胸元を見せつけ誘惑してくる上司の奥さん総集編/NACX-155.mp4",NACX-155.mp4,11007750283,1c20c123668e8c2e941ee48c7ac4b32c,"- 外貌特征：年龄约35 - 45岁（成熟阶段），中长卷发（部分为直发），面部妆容为淡妆或浓妆（含红唇、眼妆），身材丰满、曲线优美，体态成熟，整体形象精致且具魅力。
- 服装穿着：身着灰色无袖连衣裙、灰色短款连衣裙、绿色V领长袖上衣、裸色V领长袖上衣、浅蓝色蕾丝内衣、灰色无袖背心等；未佩戴眼镜、眼罩；未穿着丝袜（画面未显示丝袜，部分场景仅穿内衣类衣物）。
- 整体气质和风格：呈现性感、成熟的风格，动作与装扮带有挑逗性，整体气质契合熟女或人妻类角色定位，展现出成熟女性的魅力与性感特质。","- 女性职业：推测为办公室女性（OL），服装风格偏向职业化，结合场景布置判断为职场相关角色。
- 场景环境描述：室内环境，有白色沙发、蓝色窗帘、装饰架（摆放花束等）、木质地板，属于舒适且私密的居家或类似私人居所的环境，布置温馨，充满生活气息。
- 可能的剧情情节：涉及亲密关系与情感互动，包含亲密接触、身体互动等情节，推测为多角关系类剧情，可能涉及婚外情感、偷情等元素。
- 人物关系和互动：与画面中的男性存在亲密互动关系，包括亲吻、身体接触、性相关互动等，人物关系偏向亲密或暧昧，互动频繁且亲密。",提取的关键特征标签：熟女、丰满、裸色上衣、灰色连衣裙、室内沙发、亲密互动、性感、中长卷发、蕾丝内衣、办公室风格、婚外、身体接触。,少妇、熟女、巨乳、性感、人妻、出轨、婚外、办公室、职业装、偷情、老婆、人妻、淫荡、身材、丝袜、白丝、双飞、换妻、女友、大奶、内射、绿帽、露脸、阿姨、颜值、熟女、淫荡、身材、黑丝、白丝、双飞、换妻、女友、大奶、内射、绿帽、露脸、阿姨、颜值、奶子、高颜值、自慰、御姐、漂亮、约炮、清纯、打桩、出轨、老师、顶级、精液、床上、性感、闺蜜、已婚、肉丝、眼镜、学生、淫妻、学妹、口交、情趣装、姐姐、足交、强奸、迷奸、高挑美女、多人、群交、一男两女、空姐、OL、职业装、办公室、旗袍、孕妇、哺乳、乳汁、丁字裤、野外、选秀、会所、女技师、秘书、凌辱、上司、屈辱、强暴、护士、医生、律师、警察、教授、主播、模特、萝莉、少女、成熟、中年、长发、短发、卷发、马尾、双马尾、浓妆、淡妆、素颜、红唇、苗条、丰满、微胖、娇小、高大、人妖、制服、和服、比基尼、内衣、睡衣、运动装、浴室、厨房、车内、酒店、学校、医院、按摩、瑜伽
/Users/firewell/影视/AV/SONE-972/SONE-972.mp4,SONE-972.mp4,6878293459,b06c409dd9df6f7d844a51f1386e4dff,"- 外貌特征：年龄约26 - 30岁，青年女性；身材丰满，曲线优美；发型为黑色中长发，带有齐刘海；妆容以淡妆为主，唇部为红唇妆，面部妆容自然，展现成熟女性的神态与气质。
- 服装穿着：私密亲密场景下多处于裸体或穿着白色内衣；办公室场景穿着白色短袖衬衫，搭配粉色格纹西装外套，佩戴金丝框眼镜，为职业装风格。
- 是否穿着丝袜以及丝袜的颜色：未穿着丝袜，无丝袜颜色描述。
- 整体气质和风格：私密场景中性感主动，动作亲密；办公室场景保持职业端庄，结合剧情有暧昧特质，风格兼具职业与性感。","- 女性职业：OL（办公室职员），依据办公室环境与职业装判断。
- 场景环境描述：包含温馨卧室（床、窗帘、暖光灯等，私密空间）与现代化办公室（办公桌、电脑等，职场环境），场景切换呈现剧情发展。
- 可能的剧情情节：围绕一男一女在职场与私密空间的亲密互动，涉及暧昧、情感或性关系，情节含亲密行为（接吻、肢体接触等）。
- 人物关系和互动：关系亲密，或为情侣、夫妻或职场搭档，互动从职场暧昧到私密亲密行为。",长发、浓妆、裸体、职业装、办公室、卧室、眼镜、内衣、亲密互动、性感、OL、熟女、红唇、曲线、暧昧、职场、私密空间。,熟女、性感、办公室、职业装、眼镜、内衣、裸体、对白、出轨、丝袜、奶子、身材、高颜值、御姐、漂亮、约炮、出轨、老师、OL、职业装、办公室、性感、闺蜜、已婚、肉丝、眼镜、学生、淫妻、学妹、口交、情趣装、姐姐、足交、强奸、迷奸、高挑美女、多人、群交、一男两女、空姐、OL、职业装、办公室、旗袍、孕妇、哺乳、乳汁、丁字裤、野外、选秀、会所、女技师、秘书、凌辱、上司、屈辱、强暴、护士、医生、律师、警察、教授、主播、模特、萝莉、少女、成熟、中年、长发、短发、卷发、马尾、双马尾、浓妆、淡妆
/Users/firewell/影视/AV/VEMA-223-C/VEMA-223-C.mp4,VEMA-223-C.mp4,4492928720,7641b1c127c1271f0f10726743e60288,"- 外貌特征：年龄约30岁左右，属于成熟女性；身材丰满，曲线明显；发型为黑色中长卷发，发丝顺滑有造型；妆容为浓妆，唇部有红唇，整体妆容精致。
- 服装穿着：初期身着黑色条纹衬衫（职业装），搭配职业装皮鞋；随后脱下衬衫，露出紫色带花纹蕾丝内衣、米色内裤，并穿着米色过膝丝袜；后期还有红色短裤搭配浅紫色蕾丝内衣等造型；无眼镜、眼罩等配饰。
- 是否穿着丝袜以及丝袜的颜色：穿着丝袜，颜色为米色（属于丝袜类，符合标签中丝袜、白丝或黑丝等，此处丝袜为浅色调，归为丝袜）。
- 整体气质和风格：前期呈现出职业女性的端庄专业感，后期转变为性感、挑逗、充满诱惑的风格，整体风格偏向熟女、性感类型。","- 女性职业：推测为办公室职员（OL，职业装风格符合），属于职场类职业。
- 场景环境描述：场景包含办公室（有办公桌、电脑、电话、文件柜、绿植等办公设施）与卧室（有床、窗帘等私密空间），环境从办公场所过渡到私密住所。
- 可能的剧情情节：剧情围绕女性与男性（可能为下属、同事或丈夫）在职场与私密空间内的亲密、情色互动展开，属于婚外情、职场暧昧或情色剧情，包含亲吻、抚摸、性接触等情节。
- 人物关系和互动：女性与男性之间关系亲密，存在情侣或婚外情的互动关系，互动行为包括亲密接触、性接触等。",熟女、办公室、性感、丝袜、蕾丝、内衣、职业装、亲密、互动、卧室、性接触、高颜值、御姐、漂亮、调教、身材、偷情、人妻、老婆、少妇、淫荡、内射、绿帽、露脸、阿姨、颜值、熟女、淫妻、口交、情趣装、姐姐、床上、性感、闺蜜、已婚、肉丝、后入、丝袜、奶子、调教、身材、偷情、人妻、老婆、少妇、淫荡、内射、绿帽、露脸、阿姨、颜值、熟女、淫妻、情趣装、姐姐、床上、性感、闺蜜、已婚、肉丝、眼镜、学生、淫妻、学妹、口交、情趣装、姐姐、床上、性感、闺蜜、已婚、肉丝、强奸、迷奸、高挑美女、多人、一男两女、空姐、OL、职业装、办公室、旗袍、孕妇、哺乳、乳汁、丁字裤、野外、选秀、会所、女技师、秘书、凌辱、上司、屈辱、强暴、护士、医生、律师、警察、教授、主播、模特、萝莉、少女、成熟、中年、长发、短发、卷发、马尾、双马尾、浓妆、淡妆、素颜、红唇、苗条、丰满、微胖、娇小、高大、人妖、制服、和服、比基尼、内衣、睡衣、运动装、浴室、厨房、车内、酒店、学校、医院、按摩、瑜伽、女同,少妇、熟女、人妻、老婆、偷情、身材、丝袜、性感、御姐、漂亮、床上、后入、出轨、办公室、职业装、情趣装、高颜值、肉丝、奶子、调教、白丝、黑丝、内衣、自慰、口交、淫妻、姐姐、闺蜜、已婚、内射、绿帽、露脸、阿姨、淫荡、颜值、熟女、淫妻、约炮、骚货、高挑美女、多人、一男两女、OL、床上、性感、丝袜、奶子、高颜值、御姐、漂亮、约炮、骚货、出轨、老师、顶级、精液、床上、性感、闺蜜、已婚、肉丝
/Users/firewell/影视/AV/夢乃愛華/SONE-592-UC SONE-592 妻の学生時代を知らない俺は姪っ子の制服を盗み着していた妻の姿に異様な興奮を覚えて…5年ぶりに抱いた妻が最高すぎた 夢乃あいか （BOD）/SONE-592-UC.mp4,SONE-592-UC.mp4,7007198217,85207e82cbc5591dd672aca91d2d40b6,"- 外貌特征：年龄约20 - 30岁，身材丰满，长发（中长直发搭配齐刘海），妆容为浓妆，眼妆和红唇突出，面部精致，展现出成熟女性的魅力。
- 服装穿着：身着多种风格服饰，包括卡其色校服外套搭配蓝白格纹裙、白衬衫与领带（学生制服风格）；也有白衬衫内搭蕾丝内衣、格纹短裙搭配黑色丝袜；还有白色短袖T恤搭配深色内裤、黑色吊带等。无眼镜、眼罩等配饰，鞋子未在画面中明显呈现。
- 是否穿着丝袜以及丝袜的颜色：穿着丝袜，丝袜颜色为黑色（黑丝），部分场景中出现。
- 整体气质和风格：整体气质成熟性感，风格偏向情色题材角色，通过服装搭配与肢体动作呈现媚态与成熟魅力，呈现成熟女性性感形象。","- 女性职业：推测为在校学生（校服场景）或职场女性（OL风格服装），或一般女性。
- 场景环境描述：场景为室内私人空间，包含沙发、浴缸、厨房等区域，布置温馨且私密，属于家庭或酒店类居住环境。
- 可能的剧情情节：剧情围绕亲密情感与身体互动展开，结合标题“时隔五年没抚慰的妻子”推测，讲述长期情感缺失后亲密关系，包含亲吻、性接触等亲密互动，属于情色类剧情，角色可能为妻子、情人等，推进情感与身体层面的情节。
- 人物关系和互动：女性与男性存在密切的亲密互动，如亲吻、抚摸、性接触等行为，关系推测为夫妻、情人或亲密伴侣，互动频繁且亲密，场景充满情感与肢体接触。",丰满、黑丝、校服、室内、亲密互动、性感、女性、男性、沙发、浴缸、熟女、御姐、漂亮、性感、少妇、人妻、丝袜、高颜值、身材、出轨、内射、床上、自慰、约炮、出轨、老婆、熟女、黑丝、丝袜、浓妆、红唇、丰满、微胖、御姐、漂亮、约炮、出轨、人妻、熟女、黑丝、丝袜、性感、床上、高颜值、丰满、微胖、熟女、御姐、漂亮、性感,少妇、人妻、熟女、身材、黑丝、性感、出轨、老婆、内射、丝袜、高颜值、御姐、漂亮、出轨、老婆、熟女、床上、性感、已婚、丝袜、奶子、自慰、御姐、约炮、出轨、黑丝、白丝、学生、熟女、长发、浓妆、红唇、丰满、微胖、御姐、漂亮、约炮、出轨、人妻、熟女、黑丝、丝袜、性感、床上、高颜值、丰满、微胖、熟女、御姐、漂亮、性感
/Users/firewell/影视/AV/夢乃愛華/SONE-640-UC SONE-640 幼なじみ姉妹の妹の方と付き合った僕の事を実はずっと好きだった姉が嫉妬に狂ってノーブラおっぱい誘惑 夢乃あいか （BOD）/SONE-640-UC.mp4,SONE-640-UC.mp4,6761028973,3cf8148e8bed638b5660a96fd63b3ee4,"- 外貌特征：年龄约25 - 30岁，身材丰满；长发，发型包含直发与马尾等多种样式；妆容有淡妆、浓妆等表现，整体形象成熟且富有性感魅力。
- 服装穿着：穿着类型多样，涵盖浅米色无袖连衣裙、白色短袖上衣、灰色短裤、裸露状态（多场景呈现）、紫色格纹睡衣、浅绿色吊带睡衣等；未穿着丝袜；鞋子未显示（多为赤脚）。
- 是否穿着丝袜以及丝袜的颜色：未穿着丝袜。
- 整体气质和风格：成熟性感，风格偏向亲密浪漫，展现出成熟女性的风情与魅力。","- 女性职业：推测为居家女性（如女友、人妻）或类似职业（结合场景生活化环境）。
- 场景环境描述：室内居家环境，布置温馨，设有沙发、装饰摆件（如花瓶、灯具）、餐桌等，灯光柔和，营造舒适的生活化氛围。
- 可能的剧情情节：围绕亲密情感关系展开，包含情感对话、亲密互动（如拥抱、亲吻、性互动等），情节涉及情侣、夫妻或亲密朋友间的情感与身体互动，呈现亲密关系下的剧情发展。
- 人物关系和互动：与男性角色存在亲密关系，互动亲密，涵盖对话交流、身体接触、性互动等，关系亲近。",- 提取关键词：丰满身材、裸露、室内沙发、亲密互动、长发、浓妆、淡妆、素颜、红唇、内衣、睡衣、酒店、熟女、御姐、性感、闺蜜、已婚、口交、情趣装、姐姐、长发、马尾、丰满、微胖。,少妇、母狗、极品、偷情、老婆、人妻、真实、女神、巨乳、调教、身材、露脸、阿姨、颜值、熟女、淫荡、大学生、后入、小姐姐、骚货、奶子、高颜值、御姐、漂亮、约炮、打桩、出轨、老师、顶级、精液、床上、性感、闺蜜、已婚、口交、情趣装、姐姐、内衣、睡衣、酒店、女技师、秘书、成熟、长发、马尾、浓妆、淡妆、素颜、红唇、丰满、微胖
/Users/firewell/影视/AV/夢乃愛華/SONE-722-UC SONE-722 wifi貸す代わりにおっぱいをただで使わせてくれる女友達 夢乃あいか （BOD）/SONE-722-UC.mp4,SONE-722-UC.mp4,6954632363,304a3d9c7b43afeac6b963b323848365,"- 外貌特征：年龄约25 - 30岁，留着棕色长发，身材丰满，面部妆容为淡妆，显得自然柔和，没有佩戴眼镜或眼罩，发型为披肩长发，整体外貌展现成熟女性的特征。
- 服装穿着：前期穿着白色宽松上衣，后更换为白色吊带（带有蕾丝装饰），后期部分场景逐步脱衣至裸露状态（仅保留吊带或内裤），无鞋子（室内场景未显示穿着），无眼镜、眼罩等配饰。
- 是否穿着丝袜以及丝袜的颜色：未穿着丝袜。
- 整体气质和风格：气质偏向生活化与亲密感，风格上展现出性感与放松的结合，在互动场景中显得自然且配合。","- 女性职业：推测为家庭主妇或年轻女性（从生活化场景判断），更偏向“人妻”或“女友”角色，属于亲密关系中的伴侣。
- 场景环境描述：场景为室内居住空间（如公寓卧室），有床、沙发、镜子、窗帘、书架等生活设施，布置普通，属于私人生活空间，光线柔和，营造居家氛围。
- 可能的剧情情节：围绕“借WiFi”这一生活场景展开，后续发展出两人亲密互动的情节，包含肢体接触、性相关行为（如抚摸、亲吻、亲密姿态等），情节偏向“偷情”“出轨”类亲密关系互动，展现情侣间的私密行为。
- 人物关系和互动：男性与女性为亲密伴侣关系（可能是夫妻或长期伴侣），互动亲密，存在身体接触、性暗示及性行为等情节，属于亲密关系下的互动表现。",熟女、丰满、性感、吊带、床、亲密、裸露、长发、淡妆、室内、手机、互动。,熟女、性感、巨乳、人妻、女友、淫妻、淫荡、偷情、老婆、内射、绿帽、后入、口交、约炮、出轨、床上、高颜值、御姐、漂亮、大奶、内射、绿帽、后入、口交、约炮、出轨、丝袜、白丝、黑丝、双飞、换妻、女友、大奶、内射、绿帽、后入、口交、约炮、出轨、高颜值、御姐、漂亮、性感、闺蜜、已婚、肉丝、眼镜、学生、淫妻、学妹、口交、情趣装、姐姐、足交、强奸、迷奸、多人、群交、一男两女、空姐、OL、职业装、办公室、旗袍、孕妇、哺乳、乳汁、丁字裤、野外、选秀、会所、女技师、秘书、凌辱、上司、屈辱、强暴、护士、医生、律师、警察、教授、主播、模特、萝莉、少女、成熟、中年、长发、短发、卷发、马尾、双马尾、浓妆、淡妆、素颜、红唇、苗条、微胖、娇小、高大、人妖、制服、和服、比基尼、内衣、睡衣、运动装、浴室、厨房、车内、酒店、学校、医院、按摩、瑜伽、女同
/Users/firewell/影视/AV/宝生リリー （芽森）/ZMAR-140 まるっと！宝生リリー/ZMAR-140.mp4,ZMAR-140.mp4,11012200650,da394e913f0a60c0030827970a8b138e,"- 外貌特征：年龄约30岁左右，属于成熟女性；身材丰满，曲线明显；发型为黑色中长发，带有齐刘海，发丝卷曲柔顺；妆容为浓妆，粉唇突出，整体妆容精致，凸显面部特征。
- 服装穿着：穿着多样，包含粉色蕾丝内衣、带有花卉图案的外裤、粉色开衫、灰色内搭、带有黑花的白色裙子等；无眼镜、眼罩等配饰；未穿着丝袜。
- 整体气质和风格：整体气质成熟且富有性感魅力，风格偏向亲密、暧昧，在场景中表现出主动热情的姿态，展现出熟女特有的魅力与风情。","- 女性职业：推测为家庭相关角色（如人妻、少妇），属于熟女题材角色，结合私密空间与亲密互动，体现情感或伴侣类职业属性。
- 场景环境描述：场景以室内私密空间为主，包含卧室（床、沙发、木质家具）、按摩相关环境（床具、装饰），布置温馨，属于个人生活空间，有窗帘、植物、灯具等家居装饰元素。
- 可能的剧情情节：剧情围绕亲密互动、情感联系展开，包含接吻、身体接触、性服务、自慰等情节，属于成人题材的亲密关系叙事，强调亲密行为与情感互动。
- 人物关系和互动：女性与男性存在亲密关系，互动形式包括接吻、身体抚摸、性接触等，关系亲密且主动，属于亲密伴侣或熟人间的亲密互动模式。",提取的关键特征标签有：熟女、长发、卷发、浓妆、粉唇、丰满身材、内衣、裸露、室内私密空间、亲密互动、自慰、情趣装、姐姐、床上、性感、口交、御姐、漂亮、约炮、出轨、内射、高颜值等。,少妇、人妻、熟女、淫妻、淫荡、女神、巨乳、身材、露脸、颜值、御姐、漂亮、高颜值、性感、口交、情趣装、姐姐、内射、打桩、出轨、约炮
/Users/firewell/影视/AV/小島みなみ/SONE-037-UC SONE-037 美人なドS上司から雑に扱われて欲情！そのまま恥ずかしく射精させられちゃう僕。 小島みなみ （BOD）/SONE-037-UC.mp4,SONE-037-UC.mp4,9841598445,5690551b55f1efd1e88f1432af694b6f,"- 外貌特征：年龄约25 - 30岁，身材丰满，面部妆容为淡妆且画有红唇，发型多为低扎马尾或长发，发丝整齐；五官精致，眼神显露出成熟女性的特质。
- 服装穿着：身着职业装（包含白色衬衫、黑色西装外套、黑色短裙），搭配黑色丝袜；场景变化时脱去外套与短裙后，穿着白色内衣、内裤；无眼镜、眼罩等配饰。
- 是否穿着丝袜以及丝袜的颜色：穿着黑色丝袜。
- 整体气质和风格：整体气质成熟性感，兼具职场女性的干练与亲和力，互动场景中展现主动且亲密的姿态，风格偏向熟女、性感类型。","- 女性职业：OL（办公室职员/职业女性），依据职业装与办公场景关联进行推测。
- 场景环境描述：以酒店房间为主场景，包含床、行李箱、床具等元素，同时存在部分办公室类室内环境（带有办公设备的场所）。
- 可能的剧情情节：演员所饰演的职场女性与下属发生亲密/暧昧甚至亲密行为，剧情围绕职场关系下的情感与身体互动展开，包含偷情、出轨等元素。
- 人物关系和互动：人物关系为上下级（与男性角色的关系呈现亲密甚至肉体互动），互动形式包含亲昵肢体接触、对话交流等，呈现复杂的职场情感关联。",熟女、OL、职业装、酒店房间、丝袜、白衬衫、内衣、亲密互动、办公室、性感、熟女、偷情、出轨、少妇、人妻、黑丝、床上、高颜值、内衣、内裤、职场女性、亲密接触,少妇、人妻、熟女、丝袜、OL、职业装、偷情、出轨、老婆、已婚、性感、高颜值、床上、奶子、内射、黑丝、御姐、姐姐、人妻、少妇、熟女、性感、床上、丝袜、人妻、已婚、OL、职业装、酒店、办公室、偷情、出轨、少妇、人妻、熟女、性感、床上、丝袜、奶子、高颜值、内射、御姐、姐姐、人妻、少妇、熟女、性感、床上、丝袜、奶子、高颜值、内射、性感、床上、丝袜、熟女、人妻
/Users/firewell/影视/AV/斎藤あみり/nmsl-014 NMSL-014 役立たずの早漏テク無し夫に中出しセックスを見せつけるNTR/nmsl-014.mp4,nmsl-014.mp4,4896779875,daeda63a31533b74515427ac7c63b032,"- 外貌特征：年龄约为25 - 30岁，属于成熟女性；身材丰满，曲线明显；发型为红棕色长卷发并带有齐刘海；妆容为浓妆风格，红唇、眼妆突出，面部有少量雀斑，整体神态利落且富有魅力。
- 服装穿着：穿着涵盖职业装（浅蓝色短袖衬衫、黑色短裙）与情趣装（黑色蕾丝内衣、白色蕾丝内裤、黑色蕾丝文胸、黑色丝袜、白色过膝丝袜等）；未佩戴眼镜、眼罩；鞋子未在画面中显示，但穿着黑色丝袜与白色丝袜。
- 是否穿着丝袜以及丝袜的颜色：穿着丝袜，包含黑色丝袜和白色丝袜。
- 整体气质和风格：整体气质偏向性感成熟，风格带有挑逗与媚态，展现出强烈情色氛围，形象突出女性魅力与性感特质。","- 女性职业：OL（办公室职业女性，如秘书、职员），结合穿着职业衬衫及身处办公场景判断。
- 场景环境描述：包含办公室（有文件、电脑、文件柜、办公设备等设施）、卧室/私密居住空间（配备床、柔和灯光与装饰摆件）、酒店或公寓类私密空间。
- 可能的剧情情节：围绕职场关系发展出暧昧、偷情情节，涉及办公室内互动与私下情色行为（如调情、亲密接触、激情场景），剧情包含情感矛盾与诱惑元素。
- 人物关系和互动：与男性角色（推测为同事、下属或熟人）存在暧昧、亲密关系，互动涵盖亲吻、肢体接触、情色互动等行为，关系偏向亲密与情色化。",提取的关键词有：红发、浓妆、黑丝、白丝、情趣装、办公室、私密空间、亲密互动、性感、成熟女性、丝袜、蕾丝内衣、暧昧、调情、职业装、职场女性等。,熟女、丝袜、情趣装、办公室、黑丝、白丝、偷情、人妻、御姐、性感、奶子、高颜值、情趣装、姐姐、床上、性感、闺蜜、已婚、蕾丝、暧昧、亲密互动、身材、成熟、OL、职业装
/Users/firewell/影视/AV/梓ヒカリ/IPZZ-179-C IPZZ-179 甘痴女巨乳お姉さんにホテルの密室で24時間痴女られ絞りヌカれたい。 驚愕の14発抜き！？ 梓ヒカリ 生写真3枚付き/IPZZ-179-C.mp4,IPZZ-179-C.mp4,6301447544,6dc82c1b59a72d126183145038d510d9,"- 外貌特征：年龄约30岁左右，身材丰满，发型为齐肩棕色长发并带有齐刘海，妆容为淡妆，唇部涂有红唇妆。
- 服装穿着：前期穿着白色长袖上衣搭配灰色背带裙，后期脱衣后穿着蓝色蕾丝内衣，鞋子未在画面中显示（未穿或未呈现）；无眼镜、眼罩等配饰。
- 是否穿着丝袜以及丝袜的颜色：画面中未显示穿着丝袜，因此不穿着丝袜，丝袜颜色无。
- 整体气质和风格：整体呈现成熟性感风格，气质魅惑，动作亲密，具有成人影片中典型的性感风形象。","- 女性职业：推测为“人妻”或熟女，属于已婚女性角色。
- 场景环境描述：包含户外街道（有绿树、栏杆）、车内（后座，黑色座椅）、室内豪华酒店房间（装饰华丽，有床、镜子、墙面装饰等）。
- 可能的剧情情节：剧情围绕女性与男性发生亲密关系展开，从户外对话、车内互动，到酒店房间内的亲吻、脱衣、性爱等行为，属于婚外情或情侣之间的亲密剧情。
- 人物关系和互动：女性与男性为亲密关系（如伴侣、情人），互动包含亲吻、拥抱、性爱等行为，关系亲密，属于情侣或婚外情互动场景。",提取的关键词：熟女、性感、内衣、酒店、丰满、蕾丝、车内、亲密、蕾丝内衣、蓝色内衣、长发、齐刘海、红唇、豪华房间、床上、互动、激情、内衣穿着、亲密动作、车内场景、酒店环境等。,少妇、母狗、极品、偷情、老婆、人妻、真实、女神、巨乳、调教、身材、女友、大奶、内射、绿帽、露脸、阿姨、颜值、熟女、淫荡、打桩、出轨、御姐、漂亮、约炮、床上、性感、已婚、蕾丝、车内、酒店、情趣装、姐姐、丝袜、奶子、高颜值、自慰、口交、会所、女技师、秘书、一男两女、OL、丰满、微胖、丁字裤、车内、酒店、按摩、巨乳、调教、熟女、人妻、口交、情趣装、姐姐、内射、绿帽、偷情、老婆、人妻、女神、巨乳、调教、身材、丰满、性感、床上、性感
/Users/firewell/影视/AV/橘梨紗/DASS-221-C DASS-221 幼い頃、一緒にお風呂に入っていた叔母さんと再び入浴…嬉し恥ずかし甥っ子バスタイム。/DASS-221-C.mp4,DASS-221-C.mp4,5062489839,aa231efd9b717e9f7aa57e610d2e32ba,"- 外貌特征：年龄约30岁左右，属于成熟女性；身材丰满，腰臀曲线明显；发型包含长发自然垂落与马尾束起两种状态；妆容为淡妆，风格自然清新，无浓妆或夸张妆容，面部表情在互动中展现出温柔、亲密的气质。
- 服装穿着：衣物包含浅棕色带褶皱V领无袖上衣、白色吊带睡衣、浅灰色内裤、粉色花纹内衣套装（含蕾丝装饰）；无鞋子穿着（室内场景多为赤脚或未穿鞋），无眼镜、眼罩等物品；未穿着丝袜。
- 整体气质和风格：整体气质成熟且性感，风格偏向成人影视中的熟女形象，展现出主动且亲密的互动风格，给人成熟魅力与亲密感的综合印象。","- 女性职业：推测为成人影视演员、模特或类似涉及亲密互动场景的职业角色，也可推测为剧情中类似“女友”“老婆”类具有亲密关系的人物。
- 场景环境描述：场景以现代化浴室为主，包含淋浴喷头、浴缸、瓷砖墙面、窗户等设施，属于私密空间，环境整洁且设施完善，可能是酒店浴室、私人浴室或影视拍摄专用场地。
- 可能的剧情情节：围绕浴室内的亲密互动展开，情节包含沐浴过程（如互相擦拭、冲洗）、身体接触（如抚摸、亲吻）、情感交流等，属于成人影视中“亲密互动”“沐浴情节”类型的剧情，情节走向偏向情感与肉体结合的亲密场景。
- 人物关系和互动：两人为亲密关系（如情侣、夫妻），互动包含洗澡时的互相照顾、身体接触、亲吻等行为，关系亲密且互动频繁，属于近距离、亲密的互动关系，呈现出情感与肢体亲近的状态。",熟女、丰满、浴室、内衣、亲吻、沐浴、长发、淡妆、亲密、浴缸、淋浴、性感、人妻、少妇、老婆、女神、巨乳、奶子、高颜值、成熟、御姐、漂亮、约炮、出轨、OL、酒店、内衣、性感、丰满、长发、淡妆、亲密、亲吻、沐浴、浴缸、淋浴、口交、情趣装,熟女、性感、浴室、内衣、亲吻、沐浴、丰满、长发、淡妆、亲密、浴缸、淋浴、人妻、少妇、老婆、女神、巨乳、奶子、高颜值、成熟、御姐、漂亮、约炮、出轨、OL、酒店、内衣、性感、丰满、长发、淡妆、亲密、亲吻、沐浴、浴缸、淋浴、口交、情趣装
/Users/firewell/影视/AV/武藤彩香/ADN-705 ADN-705 地味眼鏡OLの裏の顔 美熟女ライバー、凌●ライブ配信/ADN-705.mp4,ADN-705.mp4,5966239136,8f0d20f6360190dc52872ffc8c990fa9,"- 外貌特征：年龄约30岁，属于成熟女性；身材丰满，曲线明显；发型为长发（深棕色），长度及肩部以下；妆容为浓妆，眼妆、唇妆突出，显得精致。
- 服装穿着：前期穿着白色衬衫（内搭），搭配黑色背心、黑色短裙，佩戴黑框眼镜；后期出现裸露等穿着，鞋子未明确显示；整体服装风格前期为职业OL（办公室职员）风格，后期为特殊情节下的穿着。穿着黑色丝袜（黑丝）。
- 是否穿着丝袜以及丝袜的颜色：穿着丝袜，颜色为黑色。
- 整体气质和风格：前期在办公室工作时干练专业，后期在互动场景中展现出性感、风情一面，整体风格从职场专业感转变为私密场景下的性感、媚态。","- 女性职业：推测为办公室职员（OL）、秘书等办公职业。
- 场景环境描述：场景主要为办公室环境，有办公桌、电脑、文件、窗户、办公椅等，光线明亮，属于常规办公空间；此外还有室内直播场景（带灯光设备、麦克风）等，但核心场景为办公室。
- 可能的剧情情节：剧情围绕办公室内的情感关系展开，前期为正常职场生活，后期出现亲密互动等情节，属于职场题材，涉及亲密关系发展或情节转折。
- 人物关系和互动：女性与男性角色存在亲密互动（如拥抱、亲吻、床上互动等），推测人物关系为同事、上下级等职场关系，互动情节为剧情中的关系发展环节。",提取关键词：办公室、黑丝、职业装、丰满身材、密室互动、OL、熟女、性感、职场、裸露、眼镜、办公桌、文件、黑框眼镜、长发、浓妆等。,以上分析基于提供的图片内容，部分标签判断依据画面呈现特征；最终匹配标签按规则列出存在标签）
/Users/firewell/影视/AV/武藤彩香/ADN-711-UC ADN-711 あなた、許して…。 濡れ堕ちた同情5/ADN-711-UC.mp4,ADN-711-UC.mp4,6148199377,20234c76168ef7a65992220277873a9f,"- 外貌特征：年龄约30多岁，属于成熟女性；身材丰满，胸部饱满；发型为黑色长发，发丝顺直；妆容为浓妆，有明显的红唇等妆容，面部表情丰富（如微笑、抗拒等）。
- 服装穿着：场景多变，有黄色圆领上衣、浅色长袖上衣、浅色外套搭配红色裙子、裸露状态（多次出现）、白色衣物等；无鞋子显示（室内场景可能未穿）；无眼镜、眼罩等配饰。
- 是否穿着丝袜以及丝袜的颜色：画面中未显示穿着丝袜，因此无丝袜或无法确定丝袜颜色。
- 整体气质和风格：整体气质偏向成熟性感，风格上既有日常居家的一面，又有情色互动的戏剧化表现，兼具矛盾感（拒绝与接受）。","- 女性职业：结合居家环境（厨房、沙发、床）及角色互动，推测为家庭主妇、职场女性（如OL）等，属于有私人住宅场景的成熟女性。
- 场景环境描述：主要场景为私人住宅内的居家环境，包含厨房、沙发、床等区域，空间布置温馨，属于私密的生活空间。
- 可能的剧情情节：剧情围绕女性与男性的亲密/情感冲突展开，包含亲密互动（亲吻、抚摸、性相关动作）、情感矛盾（拒绝与妥协）等情节，属于情爱类、婚姻相关（人妻、出轨等）的剧情。
- 人物关系和互动：女性与男性存在亲密关系，互动包含亲密接触、性动作等，关系可能为伴侣（情侣或配偶）关系，剧情有情感冲突与亲密互动的结合。",成熟女性、长发、浓妆、丰满身材、居家场景、亲密互动、厨房、沙发、床、裸露、亲吻、抚摸、性感、人妻、OL、巨乳、丰满、微胖、红唇、厨房、床上、情色互动、私密空间,少妇、极品、偷情、老婆、人妻、真实、女神、巨乳、调教、身材、奶子、高颜值、御姐、漂亮、约炮、打桩、出轨、顶级、精液、床上、性感、已婚、肉丝、口交、女技师、姐姐、强奸、迷奸、高挑美女、多人、一男两女、OL、女技师、秘书、凌辱、上司、屈辱、强暴、模特、成熟、中年、长发、浓妆、红唇、丰满、微胖、厨房、口交、姐姐、强奸、迷奸、高挑美女、多人、一男两女、OL、女技师、秘书、凌辱、上司、屈辱、强暴、模特、成熟、中年、长发、浓妆、红唇、丰满、微胖、厨房、口交、女技师、姐姐、强奸、迷奸、高挑美女、多人、一男两女、OL、女技师、秘书、凌辱、上司、屈辱、强暴、模特、成熟、中年、长发、浓妆、红唇、丰满、微胖、厨房、口交、女技师、姐姐、强奸、迷奸、高挑美女、多人、一男两女、OL、女技师、秘书、凌辱、上司、屈辱、强暴、模特、成熟、中年、长发、浓妆、红唇、丰满、微胖、厨房、口交、女技师、姐姐、强奸、迷奸、高挑美女、多人、一男两女、OL、女技师、秘书、凌辱、上司、屈辱、强暴、模特、成熟、中年、长发、浓妆、红唇、丰满、微胖、厨房、口交、女技师、姐姐、强奸、迷奸、高挑美女、多人、一男两女、OL、女技师、秘书、凌辱、上司、屈辱、强暴、模特、成熟、中年、长发、浓妆、红唇、丰满、微胖、厨房、口交、女技师、姐姐、强奸、迷奸、高挑美女、多人、一男两女、OL、女技师、秘书、凌辱、上司、屈辱、强暴、模特、成熟、中年、长发、浓妆、红唇、丰满、微胖、厨房、口交、女技师、姐姐、强奸、迷奸、高挑美女、多人、一男两女、OL、女技师、秘书、凌辱、上司、屈辱、强暴、模特、成熟、中年、长发、浓妆、红唇、丰满、微胖、厨房、口交、女技师、姐姐、强奸、迷奸、高挑美女、多人、一男两女、OL、女技师、秘书、凌辱、上司、屈辱、强暴、模特、成熟、中年、长发、浓妆、红唇、丰满、微胖、厨房、口交、女技师、姐姐、强奸、迷奸、高挑美女、多人、一男两女、OL、女技师、秘书、凌辱、上司、屈辱、强暴、模特、成熟、中年、长发、浓妆、红唇、丰满、微胖、厨房、口交、女技师、姐姐、强奸、迷奸、高挑美女、多人、一男两女、OL、女技师、秘书、凌辱、上司、屈辱、强暴、模特、成熟、中年、长发、浓妆、红唇、丰满、微胖、厨房、口交、女技师、姐姐、强奸、迷奸、高挑美女、多人、一男两女、OL、女技师、秘书、凌辱、上司、屈辱、强暴、模特、成熟、中年、长发、浓妆、红唇、丰满、微胖、厨房、口交、女技师、姐姐、强奸、迷奸、高挑美女、多人、一男两女、OL、女技师、秘书、凌辱、上司、屈辱、强暴、模特、成熟、中年、长发、浓妆、红唇、丰满、微胖、厨房、口交、女技师、姐姐、强奸、迷奸、高挑美女、多人、一男两女、OL、女技师、秘书、凌辱、上司、屈辱、强暴、模特、成熟、中年、长发、浓妆、红唇、丰满、微胖、厨房、口交、女技师、姐姐、强奸、迷奸、高挑美女、多人、一男两女、OL、女技师、秘书、凌辱、上司、屈辱、强暴、模特、成熟、中年、长发、浓妆、红唇、丰满、微胖、厨房、口交、女技师、姐姐、强奸、迷奸、高挑美女、多人、一男两女、OL、女技师、秘书、凌辱、上司、屈辱、强暴、模特、成熟、中年、长发、浓妆、红唇、丰满、微胖、厨房、口交、女技师、姐姐、强奸、迷奸、高挑美女、多人、一男两女、OL、女技师、秘书、凌辱、上司、屈辱、强暴、模特、成熟、中年、长发、浓妆、红唇、丰满、微胖、厨房、口交、女技师、姐姐、强奸、迷奸、高挑美女、多人、一男两女、OL、女技师、秘书、凌辱、上司、屈辱、强暴、模特、成熟、中年、长发、浓妆、红唇、丰满、微胖、厨房、口交、女技师、姐姐、强奸、迷奸、高挑美女、多人、一男两女、OL、女技师、秘书、凌辱、上司、屈辱、强暴、模特、成熟、中年、长发、浓妆、红唇、丰满、微胖、厨房、口交、女技师、姐姐、强奸、迷奸、高挑美女、多人、一男两女、OL、女技师、秘书、凌辱、上司、屈辱、强暴、模特、成熟、中年、长发、浓妆、红唇、丰满、微胖、厨房、口交、女技师、姐姐、强奸、迷奸、高挑美女、多人、一男两女、OL、女技师、秘书、凌辱、上司、屈辱、强暴、模特、成熟、中年、长发、浓妆、红唇、丰满、微胖、厨房、口交、女技师、姐姐、强奸、迷奸、高挑美女、多人、一男两女、OL、女技师、秘书、凌辱、上司、屈辱、强暴、模特、成熟、中年、长发、浓妆、红唇、丰满、微胖、厨房、口交、女技师、姐姐、强奸、迷奸、高挑美女、多人、一男两女、OL、女技师、秘书、凌辱、上司、屈辱、强暴、模特、成熟、中年、长发、浓妆、红唇、丰满、微胖、厨房、口交、女技师、姐姐、强奸、迷奸、高挑美女、多人、一男两女、OL、女技师、秘书、凌辱、上司、屈辱、强暴、模特、成熟、中年、长发、浓妆、红唇、丰满、微胖、厨房、口交、女技师、姐姐、强奸、迷奸、高挑美女、多人、一男两女、OL、女技师、秘书、凌辱、上司、屈辱、强暴、模特、成熟、中年、长发、浓妆、红唇、丰满、微胖、厨房、口交、女技师、姐姐、强奸、迷奸、高挑美女、多人、一男两女、OL、女技师、秘书、凌辱、上司、屈辱、强暴、模特、成熟、中年、长发、浓妆、红唇、丰满、微胖、厨房、口交、女技师、姐姐、强奸、迷奸、高挑美女、多人、一男两女、OL、女技师、秘书、凌辱、上司、屈辱、强暴、模特、成熟、中年、长发、浓妆、红唇、丰满、微胖、厨房、口交、女技师、姐姐、强奸、迷奸、高挑美女、多人、一男两女、OL、女技师、秘书、凌辱、上司、屈辱、强暴、模特、成熟、中年、长发、浓妆、红唇、丰满、微胖、厨房、口交、女技师、姐姐、强奸、迷奸、高挑美女、多人、一男两女、OL、女技师、秘书、凌辱、上司、屈辱、强暴、模特、成熟、中年、长发、浓妆、红唇、丰满、微胖、厨房、口交、女技师、姐姐、强奸、迷奸、高挑美女、多人、一男两女、OL、女技师、秘书、凌辱、上司、屈辱、强暴、模特、成熟、中年、长发、浓妆、红唇、丰满、微胖、厨房、口交、女技师、姐姐、强奸、迷奸、高挑美女、多人、一男两女、OL、女技师、秘书、凌辱、上司、屈辱、强暴、模特、成熟、中年、长发、浓妆、红唇、丰满、微胖、厨房、口交、女技师、姐姐、强奸、迷奸、高挑美女、多人、一男两女、OL、女技师、秘书、凌辱、上司、屈辱、强暴、模特、成熟、中年、长发、浓妆、红唇、丰满、微胖、厨房、口交、女技师、姐姐、强奸、迷奸、高挑美女、多人、一男两女、OL、女技师、秘书、凌辱、上司、屈辱、强暴、模特、成熟、中年、长发、浓妆、红唇、丰满、微胖、厨房、口交、女技师、姐姐、强奸、迷奸、高挑美女、多人、一男两女、OL、女技师、秘书、凌辱、上司、屈辱、强暴、模特、成熟、中年、长发、浓妆、红唇、丰满、微胖、厨房、口交、女技师、姐姐、强奸、迷奸、高挑美女、多人、一男两女、OL、女技师、秘书、凌辱、上司、屈辱、强暴、模特、成熟、中年、长发、浓妆、红唇、丰满、微胖、厨房、口交、女技师、姐姐、强奸、迷奸、高挑美女、多人、一男两女、OL、女技师、秘书、凌辱、上司、屈辱、强暴、模特、成熟、中年、长发、浓妆、红唇、丰满、微胖、厨房、口交、女技师、姐姐、强奸、迷奸、高挑美女、多人、一男两女、OL、女技师、秘书、凌辱、上司、屈辱、强暴、模特、成熟、中年、长发、浓妆、红唇、丰满、微胖、厨房、口交、女技师、姐姐、强奸、迷奸、高挑美女、多人、一男两女、OL、女技师、秘书、凌辱、上司、屈辱、强暴、模特、成熟、中年、长发、浓妆、红唇、丰满、微胖、厨房、口交、女技师、姐姐、强奸、迷奸、高挑美女、多人、一男两女、OL、女技师、秘书、凌辱、上司、屈辱、强暴、模特、成熟、中年、长发、浓妆、红唇、丰满、微胖、厨房、口交、女技师、姐姐、强奸、迷奸、高挑美女、多人、一男两女、OL、女技师、秘书、凌辱、上司、屈辱、强暴、模特、成熟、中年、长发、浓妆、红唇、丰满、微胖、厨房、口交、女技师、姐姐、强奸、迷奸、高挑美女、多人、一男两女、OL、女技师、秘书、凌辱、上司、屈辱、强暴、模特、成熟、中年、长发、浓妆、红唇、丰满、微胖、厨房、口交、女技师、姐姐、强奸、迷奸、高挑美女、多人、一男两女、OL、女技师、秘书、凌辱、上司、屈辱、强暴、模特、成熟、中年、长发、浓妆、红唇、丰满、微胖、厨房、口交、女技师、姐姐、强奸、迷奸、高挑美女、多人、一男两女、OL、女技师、秘书、凌辱、上司、屈辱、强暴、模特、成熟、中年、长发、浓妆、红唇、丰满、微胖、厨房、口交、女技师、姐姐、强奸、迷奸、高挑美女、多人、一男两女、OL、女技师、秘书、凌辱、上司、屈辱、强暴、模特、成熟、中年、长发、浓妆、红唇、丰满、微胖、厨房、口交、女技师、姐姐、强奸、迷奸、高挑美女、多人、一男两女、OL、女技师、秘书、凌辱、上司、屈辱、强暴、模特、成熟、中年、长发、浓妆、红唇、丰满、微胖、厨房、口交、女技师、姐姐、强奸、迷奸、高挑美女、多人、一男两女、OL、女技师、秘书、凌辱、上司、屈辱、强暴、模特、成熟、中年、长发、浓妆、红唇、丰满、微胖、厨房、口交、女技师、姐姐、强奸、迷奸、高挑美女、多人、一男两女、OL、女技师、秘书、凌辱、上司、屈辱、强暴、模特、成熟、中年、长发、浓妆、红唇、丰满、微胖、厨房、口交、女技师、姐姐、强奸、迷奸、高挑美女、多人、一男两女、OL、女技师、秘书、凌辱、上司、屈辱、强暴、模特、成熟、中年、长发、浓妆、红唇、丰满、微胖、厨房、口交、女技师、姐姐、强奸、迷奸、高挑美女、多人、一男两女、OL、女技师、秘书、凌辱、上司、屈辱、强暴、模特、成熟、中年、长发、浓妆、红唇、丰满、微胖、厨房、口交、女技师、姐姐、强奸、迷奸、高挑美女、多人、一男两女、OL、女技师、秘书、凌辱、上司、屈辱、强暴、模特、成熟、中年、长发、浓妆、红唇、丰满、微胖、厨房、口交、女技师、姐姐、强奸、迷奸、高挑美女、多人、一男两女、OL、女技师、秘书、凌辱、上司、屈辱、强暴、模特、成熟、中年、长发、浓妆、红唇、丰满、微胖、厨房、口交、女技师、姐姐、强奸、迷奸、高挑美女、多人、一男两女、OL、女技师、秘书、凌辱、上司、屈辱、强暴、模特、成熟、中年、长发、浓妆、红唇、丰满、微胖、厨房、口交、女技师、姐姐、强奸、迷奸、高挑美女、多人、一男两女、OL、女技师、秘书、凌辱、上司、屈辱、强暴、模特、成熟、中年、长发、浓妆、红唇、丰满、微胖、厨房、口交、女技师、姐姐、强奸、迷奸、高挑美女、多人、一男两女、OL、女技师、秘书、凌辱、上司、屈辱、强暴、模特、成熟、中年、长发、浓妆、红唇、丰满、微胖、厨房、口交、女技师、姐姐、强奸、迷奸、高挑美女、多人、一男两女、OL、女技师、秘书、凌辱、上司、屈辱、强暴、模特、成熟、中年、长发、浓妆、红唇、丰满、微胖、厨房、口交、女技师、姐姐、强奸
/Users/firewell/影视/AV/武藤彩香/JUQ-808-C 人妻秘書、汗と接吻に満ちた社長室中出し性交 大人な美貌、成熟したカラダ…。そのすべてを『秘書』で独占。/JUQ-808-C.mp4,JUQ-808-C.mp4,6382272647,c18fc94ad306a35d9e1bf6a04455caf9,"- 外貌特征：年龄处于成熟阶段（约30 - 40岁），身材丰满，长发（部分场景为披肩长发，部分为扎马尾），妆容以淡妆为主，整体面部呈现成熟女性的气质。
- 服装穿着：穿着包含职业西装（如白色、深蓝色等款式）、情趣内衣（吊带、蕾丝款等）、黑色丝袜，服装风格从正式职场风转变为性感诱惑风，无眼镜或眼罩，鞋子未在画面中清晰显示。
- 是否穿着丝袜以及丝袜的颜色：穿着丝袜，丝袜颜色为黑色。
- 整体气质和风格：整体气质兼具职场专业性与性感魅力，风格从端庄的职场女性转变为具有诱惑力的熟女风格。","- 女性职业：办公室职员（或类似职场女性，如秘书、经理等）。
- 场景环境描述：场景涵盖现代办公室（有办公桌、沙发、办公设备）、酒店房间、车内等，环境兼具现代职场与私密场所的特点。
- 可能的剧情情节：剧情围绕职场关系展开，涉及与男性（可能是上司、同事）的情感及亲密互动，可能包含因职场压力或关系发展引发的亲密行为。
- 人物关系和互动：与男性角色存在亲密互动（如亲吻、身体接触等），关系可能涉及职场中的隐秘情感或性关系，互动频繁且具有亲密性。",熟女、长发、职业装、西装、黑色丝袜、办公室、亲密互动、性感、情趣装、床上、人妻、少妇、女同（若涉及）、办公室环境,以上分析基于画面呈现的元素与给定标签的匹配规则，最终匹配标签为列出的敏感标签集合。）
/Users/firewell/影视/AV/武藤彩香/JUR-352-UC JUR-352 鳴り止まぬ工事の騒音。救いを求める人妻の声は無情にも掻き消されて…。 肉体労働者の性奴●と化す中出し輪●。/JUR-352-UC.mp4,JUR-352-UC.mp4,8720616338,2c3b2d1282ca5ce58e7b532f81b4c46b,"- 外貌特征：年龄约为30 - 40岁，身材丰满，长发（部分场景扎起、部分披散），佩戴眼镜，妆容为浓妆（眼妆、唇妆等明显），面部呈现痛苦、抗拒等表情。
- 服装穿着：身着白色上衣、灰色外套、粉色蕾丝胸罩、内裤，未穿着丝袜。
- 是否穿着丝袜以及丝袜的颜色：未穿着丝袜，无相关描述。
- 整体气质和风格：整体气质带有表演感，风格偏向成人影片中的剧情角色，呈现被互动的状态，风格偏向激情与戏剧化。","- 女性职业：推测为职场女性（如职员、工人等），因场景存在工装元素。
- 场景环境描述：场景为室内休息空间，设有蓝色防水布、休息区域及工装装备，属于类似工地休息场所。
- 可能的剧情情节：剧情围绕女性在休息场所被多名男性围绕，进行亲密互动的成人影片题材，属于多人互动类情节。
- 人物关系和互动：人物关系为多男性与女性互动，属于剧情表演中的角色互动，呈现亲密接触、互动情节，女性处于被互动情境中。",提取能够描述人物和场景的关键词，重点关注人物特征（眼镜、丰满）、服装（粉色蕾丝胸罩、灰色外套、内裤）、场景（室内休息室、蓝色防水布）、动作（被互动、亲密接触）等，关键词为：眼镜、丰满、粉色蕾丝胸罩、灰色外套、内裤、多人、互动、室内休息室、成人影片、女性角色等。,少妇、熟女、多人、一男两女、休息室、成人、情趣装、姐姐、性感、丰满、眼镜、职业装、OL、对白
/Users/firewell/影视/AV/武藤彩香/SAME-179-UC SAME-179 傷ついた父親の目の前で犯●れた私。/SAME-179-UC.mp4,SAME-179-UC.mp4,7116730149,f3a1b5dc6c37f9c9f614c41255d28fc2,"- 外貌特征：年龄约30岁（成熟女性），身材丰满，长发（深棕色波浪卷），妆容为浓妆（有红唇、眼妆等），面部神态在互动中呈现痛苦、无奈等情绪。
- 服装穿着：身着黄色短袖针织衫、灰色衬衫、浅粉色针织开衫、黑色短裙等，颜色丰富；无佩戴眼镜与眼罩；未穿着丝袜。
- 是否穿着丝袜以及丝袜的颜色：未穿着丝袜，画面中无丝袜相关元素。
- 整体气质和风格：兼具成熟性感与脆弱感，风格上通过亲密互动展现强烈情感张力与身体表现，整体气质偏向于在情感与身体层面有强烈冲击力的形象。","- 女性职业：推测为家庭主妇或与家庭直接相关职业（场景为家庭居住空间，互动围绕家庭关系展开）。
- 场景环境描述：以家庭室内环境为主，包含客厅（沙发、窗帘）、卧室（床、衣柜等），空间布置温馨，属于私人居住空间。
- 可能的剧情情节：剧情围绕家庭矛盾与亲密/强制互动展开，“在受伤的父亲面前我被侵犯了”暗示存在家庭冲突下的亲密情节，情节包含亲密行为、情感冲突等。
- 人物关系和互动：与男性（可能是丈夫或亲属）存在亲密互动关系，同时与年长男性（父亲）存在冲突情境下的互动，人物关系为亲属关系，互动包含亲密行为、身体接触与情感交流。",提取的关键词有：成熟女性、丰满身材、长发、针织衫、短裙、家庭场景、亲密互动、浓妆、红唇、性感、熟女等。,少妇、熟女、女神、巨乳、身材、老婆、人妻、淫妻、骚货、高颜值、性感、后入、出轨、绿帽、露脸、阿姨、御姐、口交、奶子、打桩、强奸、屈辱
/Users/firewell/影视/AV/波多野结衣/HTTM-006 HTTM-006 SNSでナンパした美人人妻が、旦那以外の身体に興奮してドエロい本性さらけ出しちゃいました！/HTTM-006.mp4,HTTM-006.mp4,2351626649,f157080e76e425cf1ffdb5494da442ba,"- 外貌特征：年龄约30 - 40岁，身材丰满；发型为齐肩棕色长发搭配齐刘海；妆容为淡妆（红唇等），整体形象成熟且具有魅力。
- 服装穿着：前期穿着黑色休闲上衣，后期穿着绿色带白色花纹的蕾丝内衣与蕾丝内裤；未穿着鞋子、眼镜、眼罩等；未穿着丝袜（画面中未显示丝袜）。
- 整体气质和风格：成熟性感，风格符合情色题材下展现的暧昧、亲昵氛围，展现出自信且带有魅力的气质。","- 女性职业：推测为“人妻”或“熟女”，属于家庭相关职业（如家庭主妇）或成熟职场女性。
- 场景环境描述：场景以室内为主，有沙发、窗帘等，属于私密空间（如酒店房间、公寓起居室），环境布置舒适且私密，光线柔和。
- 可能的剧情情节：剧情围绕女性与男性之间的亲密互动展开，包含情感交流、身体接触（如亲吻、抚摸、内衣展示等），推测为婚外情感或私密关系下的亲密接触情节，偏向浪漫至亲密性爱类情节。
- 人物关系和互动：女性与男性存在亲密关系，从画面中亲密接触、身体互动可推测为配偶或亲密伴侣，互动包含情感交流与身体亲昵行为。",- 提取关键词：熟女、性感、人妻、室内沙发、蕾丝内衣、齐肩长发、红唇、亲密互动、酒店房间、内衣、床上、蕾丝、情趣装。,少妇、人妻、熟女、性感、老婆、淫妻、丝袜、奶子、内射、出轨、已婚、蕾丝、内衣、床上、性感、闺蜜、丰满、酒店、蕾丝、情趣装、姐姐、口交、内衣、内裤
/Users/firewell/影视/AV/波多野结衣/httm-012 HTTM-012 SNSで知り合った童貞くんを経験豊富な美人奥様が誘惑筆下ろし/httm-012.mp4,httm-012.mp4,2169363742,93f4152faabc2225be9f113855d144a1,"- 外貌特征：年龄约为30岁左右的成熟女性；身材丰满，曲线明显；发型为棕色短发搭配齐刘海，造型利落且具时尚感；妆容为淡妆，妆容自然，面部神态亲切，常呈现微笑等互动神情，皮肤白皙。
- 服装穿着：初期穿着白色带淡色花纹的长袖衬衫，风格偏向休闲居家；后期脱去该衬衫后，身着白色蕾丝内衣与白色内裤（部分画面）；未佩戴鞋子、眼镜、眼罩等装饰；未穿着丝袜。
- 整体气质和风格：热情主动，在互动过程中呈现性感、暧昧的气质，整体风格偏向亲密亲昵、充满情感互动的调性。","- 女性职业：推测为家庭类角色（如家庭主妇、已婚女性），因场景为私密居家环境且互动模式偏向亲密伴侣关系。
- 场景环境描述：室内环境，为布置有黑色沙发、窗帘、小边桌及绿植的客厅，光线明亮，空间温馨且具有私密性，属于居家休闲类场景。
- 可能的剧情情节：围绕亲密伴侣间的情感与身体互动展开，包含亲吻、身体抚摸、裸露互动等情节，剧情偏向情感亲密与身体接触类，展现亲密关系下的互动过程。
- 人物关系和互动：与男性角色为亲密关系（如夫妻、情侣），互动形式包含亲密交谈、亲吻、身体抚摸、裸露接触等，呈现亲昵且亲密的关系互动模式。",成熟女性、丰满身材、白衬衫、内衣、内裤、亲热动作、客厅、沙发、亲吻、抚摸、人妻、少妇、老婆、性感、熟女、淫妻等。重点关注人物特征（丰满、成熟）、服装（白衬衫、内衣内裤）、场景（客厅沙发）、动作（亲吻、抚摸）等，故关键词为：成熟女性、丰满身材、白衬衫、内衣、内裤、亲热、客厅、沙发、亲吻、抚摸、人妻、少妇、老婆、性感、熟女、淫妻,少妇、人妻、老婆、熟女、性感、淫妻、淫荡
/Users/firewell/影视/AV/涼森れむ(凉森玲梦)/ABF-255 ABF-255 耳元でそっとささやく家庭崩壊確定な不倫のお誘い。 涼森れむ【限定特典映像35分付き】/ABF-255.mp4,ABF-255.mp4,6301415219,2dbf73f385a0b8d82e5dba43fb4873ec,"- 外貌特征：年龄约25 - 30岁，中长发（黑色直发且带有齐刘海），皮肤白皙，面容精致，身材丰满，胸部饱满，整体形象兼具优雅与吸引力。
- 服装穿着：前期身着灰色职业西装套装（包含西装外套与短款西装裙，内搭浅粉色衬衫）；后期穿着粉色蕾丝内衣、灰色短裤，或白色无袖上衣搭配黑色短裤、车内穿白色吊带背心等；未佩戴眼镜、眼罩等配饰；穿着黑色丝袜（黑丝）。
- 是否穿着丝袜以及丝袜的颜色：穿着丝袜，颜色为黑色。
- 整体气质和风格：前期呈现干练、优雅的职业女性气质，符合职场OL形象；后期转变为性感、主动且具有挑逗性的风格，通过穿着与动作展现出强烈的性感特质。","- 女性职业：办公室职员（OL，职业女性）。
- 场景环境描述：包含现代化的办公环境（设有办公桌、玻璃隔断、办公设备、白板等）、汽车内部、带有淋浴设备的浴室等多样化场景，环境风格融合现代职场与私密空间特点。
- 可能的剧情情节：围绕办公室内职场女性的情感与亲密故事展开，从正常的办公交流逐步发展出暧昧互动，涉及亲吻、身体接触等亲密行为，剧情包含婚外情、办公室恋爱等元素，情节从日常职场关系向亲密关系推进，后期聚焦于亲密互动场景。
- 人物关系和互动：与男性同事存在暧昧且亲密的关系，互动从日常交流逐步升级为亲密行为（如亲吻、身体接触等），人物关系亲近且带有情感与身体层面的亲密互动，属于职场内特殊亲密关系的发展。",提取的关键词为：办公室、职业装、西装、内衣、短裤、黑丝、性感、亲密互动、车内、浴室、长发、丰满、熟女、OL、情趣装、丝袜、暧昧、女职员、男性同事、亲吻、身体接触、现代办公环境、私密空间、性感风格等。,少妇、熟女、OL、职业装、办公室、黑丝、丝袜、性感、暧昧、亲密互动、女神、巨乳、身材、偷情、出轨、女友、已婚、御姐、漂亮、约炮、秘书、情趣装
/Users/firewell/影视/AV/美乃すずめ/DCDSS-003 DCDSS-003 美乃すずめ DAHLIA専属 2nd BEST8時間 最もエロティックで、最もフェティッシュで、最もエレガントなオンナ！/DCDSS-003.mp4,DCDSS-003.mp4,21809491288,a5de54d4c9f2ce1a63fcf0dbe317d09b,"- 外貌特征：年龄约为30 - 40岁的成熟女性，身材丰满且曲线优美；发型多样，有棕色中长发、黑色短发、马尾等造型；妆容以浓妆为主，有红唇、精致眼妆，整体面容精致，具备高颜值。
- 服装穿着：穿着多样，包括白色高领毛衣、黑色蕾丝内衣、黑色丝袜（多场景出现）、粉色睡衣、白色内衣、白色衬衫外搭蕾丝内衣、职业装风格白色上衣配深色下装、黑色蕾丝内衣搭配黑色丝袜、白色蕾丝内衣等；未出现鞋子、眼镜、眼罩等配饰。
- 是否穿着丝袜以及丝袜的颜色：穿着丝袜，丝袜颜色主要为黑色。
- 整体气质和风格：整体呈现性感、成熟、魅惑的气质，风格偏向情色表演中的激情与挑逗，角色塑造充满吸引力与诱惑性。","- 女性职业：推测为情色行业从业者（如女优、情色演员），也可能饰演涉及情感与性关系的角色（如婚外情感、办公室情色事件中的女性角色）。
- 场景环境描述：场景涵盖居家客厅、卧室、办公室、酒店房间等多种环境，布置有木质墙面、沙发、床、办公家具等，灯光以室内暖光或柔和光为主。
- 可能的剧情情节：剧情围绕情色互动展开，包含亲密接吻、性爱姿势、办公室情色事件、婚外情感关系等情节，属于情色题材下的角色演绎。
- 人物关系和互动：与多名男性角色有亲密及性接触互动，呈现“一男两女”“多人”等关系模式，互动内容以情色表演为主，角色间充满挑逗性与亲昵感。",提取的关键词为：熟女、性感、丝袜、黑丝、办公室、御姐、丰满、女神、人妻、已婚、巨乳、内射、绿帽、丝袜、奶子、高颜值、情趣装、姐姐、床上、性感、闺蜜、淫妻、口交、情趣装、强奸、迷奸、一男两女、职业装、办公室、蕾丝、蕾丝内衣、内衣、睡衣、口交、情趣装、强奸、迷奸、一男两女、职业装、办公室、蕾丝内衣、内衣、睡衣、蕾丝内衣等（筛选后核心关键词：熟女、性感、丝袜、黑丝、办公室、御姐、丰满、女神、人妻、已婚、巨乳、内射、绿帽、丝袜、奶子、高颜值、情趣装、姐姐、床上、性感、闺蜜、淫妻、口交、职业装、蕾丝内衣、内衣、睡衣、办公室、蕾丝、迷奸、强奸、一男两女、职业装、办公室、蕾丝内衣、内衣、睡衣、蕾丝内衣等）。,熟女、性感、丝袜、黑丝、办公室、御姐、丰满、女神、人妻、已婚、巨乳、内射、绿帽、丝袜、奶子、高颜值、情趣装、姐姐、床上、性感、闺蜜、淫妻、口交、情趣装、强奸、迷奸、一男两女、职业装、办公室、蕾丝、蕾丝内衣、内衣、睡衣、办公室、蕾丝、强奸、迷奸、一男两女、职业装、办公室、蕾丝内衣、内衣、睡衣、蕾丝内衣
/Users/firewell/影视/AV/美乃すずめ/DLDSS-052-C DLDSS-052 恥辱與體液滿溢的美人秘書 老公在身旁也無法壓抑騷疼公司內被寢取性交 美乃雀 顯示原標題/DLDSS-052-C.mp4,DLDSS-052-C.mp4,5626363769,96e041c848fd1904dc7632ee5678d9a0,"- 外貌特征：年龄约30 - 40岁，为成熟女性；身材丰满，胸部发育饱满，腿部线条优美；发型为齐肩短发，发色棕褐色；妆容为浓妆，红唇明显、眼妆精致，整体妆容华丽。
- 服装穿着：前期穿着白色职业衬衫与灰色长裙（职场正装）；后续逐渐解开衣物，露出白色蕾丝内衣、丁字裤风格内裤，同时穿着黑色丝袜和白色丝袜；鞋子未在画面中清晰显示，推测已脱下；无眼镜、眼罩等配饰。
- 是否穿着丝袜以及丝袜的颜色：穿着丝袜，包含黑色丝袜和白色丝袜，不同画面呈现不同丝袜穿着状态。
- 整体气质和风格：整体呈现成熟性感、风情万种的气质，风格偏向职业熟女与性感调教风结合，带有职场暧昧下的亲密、挑逗感。","- 女性职业：办公室职员（结合办公环境、职业装、文件柜等元素判断，属于企业内部办公岗位）。
- 场景环境描述：场景为办公室，包含办公桌、电脑、文件柜、沙发等办公设备，还有封闭的私人空间（如拉上窗帘后的独立区域），光线明亮，属于公司内部的办公场所。
- 可能的剧情情节：剧情围绕办公室内的亲密互动展开，属于情色题材下的职场暧昧剧情，包含职场人员间的亲密行为（如拉扯衣物、亲吻、性相关动作等），推测角色关系可能为“办公室的上下级或同事”间的不正当亲密关系，情节包含调教、屈辱等元素。
- 人物关系和互动：女性与男性角色（多为公司内男性同事或上级）存在亲密互动关系，互动从正常办公交流逐渐演变为亲密接触，包括拉扯衣物、亲吻、性动作等，关系偏向暧昧、甚至涉及“出轨”“调教”等情色互动情节，男性角色可能为女性角色的上级或熟识的同事，整体互动带有强制的亲密感。",提取能够描述人物和场景的关键词，包括人物特征（齐肩短发、浓妆、丰满身材、丝袜）、服装（职业装、白色衬衫、蕾丝内衣、丁字裤、丝袜）、场景（办公室、文件柜、办公桌）、动作（拉扯衣物、亲密接触、亲吻、性动作等），具体关键词为：办公室、职业装、齐肩短发、浓妆、丰满身材、黑丝、白丝、蕾丝内衣、丝袜、文件柜、办公桌、亲密互动、情色场景、上司、熟女、性感、内衣、强奸、屈辱、办公室环境、丝袜、情趣装、姐姐、巨乳。,少妇、母狗、极品、偷情、老婆、人妻、真实、女神、巨乳、调教、身材、黑丝、白丝、双飞、换妻、女友、大奶、内射、绿帽、露脸、阿姨、颜值、熟女、淫荡、出轨、老师、顶级、精液、床上、性感、闺蜜、已婚、肉丝、眼镜、学生、淫妻、学妹、口交、情趣装、姐姐、足交、强奸、迷奸、高挑美女、多人、群交、一男两女、空姐、OL、职业装、办公室、旗袍、孕妇、哺乳、乳汁、丁字裤、野外、选秀、会所、女技师、秘书、凌辱、上司、屈辱、强暴、护士、医生、律师、警察、教授、主播、模特、萝莉、少女、成熟、中年、长发、短发、卷发、马尾、双马尾、浓妆、淡妆、素颜、红唇、苗条、丰满、微胖、娇小、高大、制服、和服、比基尼、内衣、睡衣、运动装、浴室、厨房、车内、酒店、学校、医院、按摩、瑜伽、女同
/Users/firewell/影视/AV/美乃すずめ/DLDSS-399-C DLDSS-399 「仕事が全然できないクズ新卒君のくせにSEXの方は超優秀で…、立場逆転され完全拘束状態で鬼S激ピスされました…。」 美乃すずめ パンティと写真付き/DLDSS-399-C.mp4,DLDSS-399-C.mp4,5065523034,9cf277c4d93d3ba08c4d29ea7ce01a69,"- 外貌特征：年龄约30 - 40岁，身材丰满，胸部饱满，属于成熟女性体型；发型为中长发（棕色），发丝自然垂落；妆容为淡妆，唇部有自然妆容，神态成熟自信。
- 服装穿着：身着灰色职业西装外套、白色蕾丝内衣、浅灰色西装式外搭等；多场景为赤脚或黑色丝袜；无眼镜、眼罩；穿着黑色丝袜（黑丝）。
- 是否穿着丝袜以及丝袜的颜色：穿着丝袜，颜色为黑色（黑丝）。
- 整体气质和风格：成熟性感，带有熟女特质，整体风格偏向情色、暧昧，展现自信且略带慵懒的气质，契合都市熟女或职场女性在亲密场景下的形象。","- 女性职业：推测为OL（办公室职员），依据是穿着职业装（西装外套、衬衫等），且场景涉及办公室、酒店等职场相关环境。
- 场景环境描述：场景以室内为主，包含酒店房间（床、床具、酒店设施）、办公室（桌椅、办公区域）、浴室等私密空间，光线偏暖，营造私密暧昧的氛围。
- 可能的剧情情节：围绕职场女性与男性同事的暧昧关系展开，涉及婚外情、偷情等情节，结合捆绑、亲密接触（如接吻、性接触）等元素，呈现职场情色互动的剧情。
- 人物关系和互动：女性与男性角色为亲密关系，可能是同事间的暧昧伙伴或婚外伴侣，互动包含亲吻、性接触、捆绑等亲密行为，人物关系偏向情感与身体上的亲密互动。",提取的关键词有：熟女、黑丝、丝袜、职业装、丰满、酒店、亲密、捆绑、性感、办公室、暧昧、性接触、御姐、漂亮、大奶、内射、绿帽、露脸、阿姨、颜值、丰满、淫荡、性感、酒店、亲密、御姐、漂亮、约炮、出轨、办公室、捆绑、黑丝、丝袜、熟女。重点关注人物特征（丰满、黑丝、长发）、服装（职业装、丝袜、内衣）、场景（酒店、办公室）、动作（亲密、捆绑、性接触）等。,熟女、黑丝、丝袜、偷情、出轨、巨乳、性感、职业装、办公室、床上、婚外、捆绑、御姐、大奶、内射、绿帽、露脸、阿姨、颜值、丰满、淫荡、性感、酒店、暧昧、亲密、御姐、漂亮、约炮、出轨、办公室、捆绑、黑丝、丝袜、熟女
/Users/firewell/影视/AV/美乃すずめ/DLDSS-403-C DLDSS-403 美脚崩壊ガクブル痙攣立ちバックSPECIAL！スレンダーお姉さんの膣奥直撃【クランク絶頂イキ】まくりオーガズム！！！ 美乃すずめ パンティと写真付き/DLDSS-403-C.mp4,DLDSS-403-C.mp4,3768267097,4bf838ba69eecc48f332cb6b9e57e779,"- 外貌特征：年龄约30 - 40岁，身材丰满，留着棕色中短发，妆容为浓妆，眼妆和唇妆明显，面部精致，眼神自信，皮肤状态良好。
- 服装穿着：身着米色紧身连衣裙（带有金色纽扣，搭配黑色高跟鞋），还有黑色蕾丝内衣、黑色西装外套与短裙（搭配米色高跟鞋）；未佩戴眼镜和眼罩；穿着黑色丝袜。
- 是否穿着丝袜以及丝袜的颜色：穿着丝袜，丝袜颜色为黑色。
- 整体气质和风格：整体呈现熟女风格，兼具优雅与性感，在场景中展现成熟魅力。","- 女性职业：推测为模特、演员或娱乐行业从业者（如秘书、模特等，与豪华场景、职业装等元素匹配）。
- 场景环境描述：包含豪华的私密房间（配有复古沙发、窗帘、木质装饰）、带有情趣元素与捆绑功能的私密空间（如泥墙房间、酒店类场景），环境从优雅舒适的室内空间转变为私密激情的互动场所，风格多样。
- 可能的剧情情节：围绕亲密激情互动展开，包含性爱、捆绑等成人表演情节，剧情属于成人题材，侧重亲密关系与激情情节的呈现。
- 人物关系和互动：与男性角色存在亲密、激情互动（如性爱、捆绑场景），关系偏向情色合作或亲密关系，无普通社交关系，以成人表演互动为主。",- 提取的关键词：熟女、丰满、黑丝、紧身连衣裙、高跟鞋、豪华房间、私密空间、激情互动、捆绑、内衣、情趣玩具、御姐、性感、职业装、酒店、丝袜、激情、床上、模特、黑丝、御姐、性感等（核心关键词为：熟女、丰满、黑丝、激情、私密空间、内衣、御姐、性感、职业装、床上、丝袜、捆绑）。,少妇、熟女、性感、黑丝、激情、床上、御姐、丝袜、模特、职业装、酒店、捆绑、内射、出轨、淫荡、奶子、高颜值、后入、漂亮、约炮、打桩、已婚、肉丝、口交、情趣装、姐姐、多人、一男两女、OL、办公室、丁字裤、女技师、秘书、会所、凌辱、上司、屈辱、强暴、巨乳、调教、身材、女友、露脸、阿姨、颜值、淫妻、口交、情趣装、女技师、秘书、会所、女技师、丰满、成熟、中年、长发、短发、卷发、浓妆、红唇、微胖、高挑美女、巨乳
/Users/firewell/影视/AV/美乃すずめ/DLDSS-409-C DLDSS-409 「お前に妻を妊娠させて欲しいんだ…。」代理妊活NTR 美乃すずめ パンティと写真付き/DLDSS-409-C.mp4,DLDSS-409-C.mp4,3749719181,fd4a437356d97890facb3000a5d1ec05,"- 外貌特征：该女性年龄约30 - 40岁，留着中短棕色卷发（或齐肩发），面部有自然纹理与细微斑点，妆容为淡妆，红唇突出，面部轮廓柔和；身材丰满，体态成熟。
- 服装穿着：穿着多种衣物，包括浅绿色V领短袖上衣、棕色V领纽扣上衣、红色上衣搭配白色蕾丝短裙、灰色长袖上衣、白色蕾丝内衣（或睡衣）、肉色蕾丝内裤等；未佩戴眼镜或眼罩；穿着丝袜，颜色有白色、黑色（不同场景下存在变化）。
- 是否穿着丝袜以及丝袜的颜色：穿着丝袜，丝袜颜色包含白色与黑色等。
- 整体气质和风格：整体呈现出成熟性感的风貌，气质暧昧、热烈，风格偏向成熟风情与性感诱惑，通过动作与神态展现出亲密互动的意境。","- 女性职业：推测为办公室女性（如OL、秘书、职员等），属于成熟职场女性群体。
- 场景环境描述：场景以室内为主，包含酒店房间、公寓客厅、办公室等私密空间，布置有沙发、床、木质家具等，灯光暖色调，营造暧昧、私密的氛围。
- 可能的剧情情节：围绕婚外情感、激情互动展开，包含情感纠葛、性爱场景等，剧情可能涉及丈夫与情人的关系、情感背叛等情节。
- 人物关系和互动：与男性角色存在亲密互动关系，包含接吻、拥抱、性爱动作等，关系可能为婚外情人、丈夫与妻子等，互动充满激情与暧昧感，存在情感或性关系层面的关联。",熟女、性感、丝袜、内衣、蕾丝、室内、亲密、激情、丰满、办公室、床上、暧昧、成熟、互动、女性、男性、婚外、内射、出轨、老婆、人妻、巨乳、白丝、黑丝、调教、身材、淫荡、对白、骚话、蕾丝、内衣、床戏、亲密,熟女、性感、丝袜、内衣、内射、出轨、少妇、人妻、老婆、巨乳、白丝、黑丝、调教、身材、淫荡、对白、骚话、丝袜、奶子、高颜值、御姐、漂亮、约炮、出轨、办公室、床上、性感、已婚、蕾丝、内衣、亲密、激情、熟女、婚外、口交、情趣装、姐姐、内射、一男两女
/Users/firewell/影视/AV/美谷朱里/DASS-700-C DASS-700 不倫により接触禁止されて二年後、我慢できず何度も何度も交わり合う不倫性交。 美谷朱音/DASS-700-C.mp4,DASS-700-C.mp4,5235051705,dd2e8540e2c8a4021ae2d36762fa1dad,"- 外貌特征：年龄约为30岁左右，身材丰满，面部以淡妆呈现自然清透感，黑发为齐肩短发，面部线条柔和，整体形象成熟且富有韵味。
- 服装穿着：曾身着浅黄色吊带背心搭配浅蓝色短裙（休闲风格），黑色西装外套搭配白色衬衫（职业装风格），黑色丝袜搭配黑色高跟鞋（正式场合）；在相关场景穿着黑色丝袜，无眼镜、眼罩等配饰。穿着丝袜，颜色为黑色。
- 整体气质和风格：成熟性感，兼具职场女性的干练特质与个人的时尚妩媚风格，整体展现出成熟女性的魅力与风情。","- 女性职业：办公室职员（OL）、教师（结合出现教室场景推测）。
- 场景环境描述：涵盖居家客厅（配有沙发、窗帘等家具）、公共交通环境（地铁车厢，设有蓝色座椅与扶手等设施）、公共卫生间（设有隔间与瓷砖墙面等设施）、学校教室（设有课桌、黑板与窗户等教学设施）等多种场景。
- 可能的剧情情节：围绕职场与生活场景展开，呈现与男性角色的亲密互动情节，包含在地铁、卫生间等私密空间内的身体与情感互动，展现两性关系下的亲密关系发展过程。
- 人物关系和互动：与男性角色存在亲密的暧昧关系，互动包含亲昵举动、身体接触等行为，关系偏向恋爱或暧昧阶段，互动场景覆盖公共与私密空间。",短发、黑丝、西装、吊带裙、地铁、卫生间、教室、职业装、亲密互动、丝袜、蕾丝、熟女、女性、男性、办公室、老师、暧昧,少妇、熟女、丝袜、黑丝、职业装、办公室、老师、OL、卫生间、地铁、性感、暧昧、亲密、成熟、女性、男性、西装、蕾丝、内衣、对白、骚话、丝袜、奶子、御姐、漂亮、出轨、老师、性感、闺蜜、已婚、黑丝、淫妻、学妹、口交、情趣装、姐姐、强奸、迷奸、高挑美女、多人、群交、一男两女、OL、办公室、性感、闺蜜、已婚、丝袜、奶子、御姐、漂亮、出轨、老师、性感、闺蜜、已婚
/Users/firewell/影视/AV/飯岡かなこ（饭冈）/MADM-202 MADM-202 隣の未亡人に…家族全員痴女られました。/MADM-202.mp4,MADM-202.mp4,7877082454,cf128d6489eb4348c829c9f8af6e1632,"- 外貌特征：年龄推测为青年至成熟阶段（25 - 40岁左右），身材丰满，体型呈丰满或微胖状态；发型多为黑色长发，包含披肩长发、马尾、双马尾等变化；妆容方面有浓妆（眼妆、唇妆明显）、淡妆或素颜（不同画面中表现不同），唇部多为红唇妆。
- 服装穿着：衣物类型丰富，包括无袖针织衫（粉色、浅紫色等）、短袖T恤（浅紫色等）、白色内衣内裤、白色短袖上衣配花纹半身裙、紫色上衣配带花短裙等；颜色有粉色、白色、浅紫色、浅灰色等；风格涵盖日常休闲装、情趣内衣（白色吊带、浅色内裤等）、优雅休闲装等；无明确显示鞋子；无眼镜、眼罩；未穿着丝袜。
- 整体气质和风格：呈现成熟性感、妩媚、亲切的气质，风格偏向成人影片中展现的私密亲密、风情万种的形象，演员通过动作和表情塑造出风情万种的表演风格。","- 女性职业：推测为家庭相关职业（如家庭主妇、家庭角色），结合场景多为居家环境，也可推测为演员饰演的角色涉及家庭生活场景。
- 场景环境描述：场景多为室内居家环境，包括厨房、卧室、客厅等，环境布置温馨，属于私密生活空间，光线柔和，营造居家氛围。
- 可能的剧情情节：推测为亲密互动类剧情，包含情感交流、亲密接触（如亲吻、肢体互动、性相关场景等），属于成人题材中展现亲密关系、激情场景的剧情。
- 人物关系和互动：人物关系为亲密关系（如伴侣），与男性角色有互动，包括亲密接触、情感交流、性相关互动等，互动形式多样，如亲吻、肢体靠近、动作接触等。",提取关键词：长发、浓妆、丰满、内衣、情趣装、厨房、客厅、亲密互动、亲吻、性相关动作、红唇、微胖、性感、已婚、熟女等。,少妇、人妻、老婆、熟女、丰满、巨乳、情趣装、口交、床上、性感、已婚、御姐、姐姐、高颜值、约炮、出轨、内射、露脸、阿姨、淫荡、小姐姐、骚货、口交、调教、内射、绿帽、露脸、颜值、淫荡、后入、小姐姐、骚货、对白、骚话、奶子、高颜值、自慰、御姐、漂亮、约炮、出轨、老师、顶级、精液、床上、性感、已婚、情趣装、厨房、客厅、淫妻、学妹、情趣装、姐姐、足交、强奸、迷奸、多人、一男两女、会所、女技师、秘书、凌辱、上司、屈辱、强暴、模特、成熟、中年、长发、浓妆、红唇、丰满、微胖、高挑美女、多人、群交、一男两女、空姐、OL、职业装、办公室、旗袍、孕妇、哺乳、乳汁、丁字裤、野外、选秀、会所、女技师、秘书、凌辱、上司、屈辱、强暴、护士、医生、律师、警察、教授、主播、模特、萝莉、少女、成熟、中年、长发、短发、卷发、马尾、双马尾、浓妆、淡妆、素颜、红唇、苗条、丰满、微胖、娇小、高大、人妖、制服、和服、比基尼、内衣、睡衣、运动装、浴室、厨房、车内、酒店、学校、医院、按摩、瑜伽、女同
/Users/firewell/影视/AV/飯岡かなこ（饭冈）/SAME-165-C SAME-165 最愛の息子の傍で狂ったように犯●れ続けて/SAME-165-C.mp4,SAME-165-C.mp4,6052119725,d5f17186b4604b8e00fdfb312007506b,"- 外貌特征：年龄约为25 - 35岁，面容成熟，黑色长发呈卷曲造型，身材丰满、曲线柔和，整体面容带有成熟女性的韵味，妆容为淡妆，唇妆偏红。
- 服装穿着：初始场景穿浅灰色短袖开衫搭配浅色吊带（带蕾丝装饰），后续多场景为裸露状态，或穿内衣、内裤，未显示穿鞋（多为赤脚），无眼镜、眼罩等配饰。
- 是否穿着丝袜以及丝袜的颜色：画面中存在女性穿着丝袜的场景，丝袜颜色包含黑色和肉色。
- 整体气质和风格：整体气质成熟魅惑，风格偏向情色表演，在剧情中展现亲密互动，带有性感与成熟女性的特质，风格符合情色题材的表演特点。","- 女性职业：推测为家庭主妇（人妻）或情色表演演员，结合场景为私人住宅，职业偏向家庭角色或情色表演工作者。
- 场景环境描述：场景以室内私人空间为主，包含客厅（有黑色沙发、木质家具、绿植）和卧室（有床、窗帘、木质家具），环境温馨且私密，属于住宅内的生活场景。
- 可能的剧情情节：剧情围绕女性与男性间的亲密、情色互动展开，包含亲吻、抚摸、性爱动作等情节，画面中有对白如“不要 舌头伸出来 夫人”“你握住我的肉棒呢”，剧情偏向情色题材的亲密关系表现，展现角色间的情色互动与情感联结。
- 人物关系和互动：女性与男性为亲密关系，可能是夫妻、情夫或表演搭档，互动包含亲密动作、性爱行为等，关系偏向亲密或表演性质的亲密合作，画面中互动频繁且亲密。",提取的关键词有：成熟女性、丰满身材、长发、丝袜、内衣、内裤、客厅、卧室、沙发、床、情色互动、性感、开衫、吊带、短裤、赤脚、亲密动作、性爱场景。,少妇、人妻、丝袜、熟女、性感、内衣、床上、淫妻、黑丝、出轨、老婆、内射、情趣装、丰满
/Users/firewell/影视/AV/飯岡かなこ（饭冈）/dsvr-01774 DSVR-1774 【VR】【8K】妻の学生時代をどうしても見たくて… 制服を着てもらったら想像以上にエロくて止まらない/dsvr-01774-CD1.mp4,dsvr-01774-CD1.mp4,3710795936,e85982d577601f4ef91e4ed4841c6572,"- 外貌特征：年龄约25 - 30岁，身材丰满，留着中长发且带有刘海，妆容为淡妆，整体外观自然清新。
- 服装穿着：最初穿着带有白色条纹的黑色运动套装（包含外套与裤子），随后脱去外套并换穿深蓝色内衣，最终呈现部分裸露状态（仅穿内裤或相近服饰）；无眼镜、眼罩类配饰，鞋子未在画面中显示。
- 是否穿着丝袜以及丝袜的颜色：未穿着丝袜。
- 整体气质和风格：整体呈现出性感且主动的气质，风格偏向成人影视中展现的成熟且富有吸引力的形象，动作和姿态带有表演性的亲密感。","- 女性职业：推测为成人影视行业的演员，所饰演的剧情角色为与亲密互动相关的角色（如情妇、伴侣等成人影视常见角色）。
- 场景环境描述：场景为酒店房间，房间内有床、纸箱、家具等元素，光线明亮，布置偏向私密居家空间。
- 可能的剧情情节：围绕女性与男性角色的亲密互动展开，包含亲吻、抚摸、身体接触等情节（属于成人影视中的情感互动场景）。
- 人物关系和互动：女性与男性角色之间存在亲密互动关系，属于表演性质下的亲密接触类角色关系，关系偏向亲密伴侣设定。",丰满身材、酒店房间、内衣、性感、中长发、淡妆、床、亲密互动、成人影视表演、运动装、裸露、酒店等。重点关注人物特征（丰满身材、中长发、淡妆）、服装（运动服、内衣）、场景（酒店房间、床）、动作（亲密互动、抚摸、亲吻）,熟女、性感、丰满、内衣、酒店、御姐、漂亮、约炮、出轨、床上、性感、已婚、肉丝、高颜值、女神、丰满
/Users/firewell/影视/AV/飯岡かなこ（饭冈）/dsvr-01774 DSVR-1774 【VR】【8K】妻の学生時代をどうしても見たくて… 制服を着てもらったら想像以上にエロくて止まらない/dsvr-01774-CD2.mp4,dsvr-01774-CD2.mp4,4629794992,bfe732a0b6e4703a3dc43b07f9f2ab6a,"- 外貌特征：年龄约为20 - 30岁，长发及肩且带有刘海，妆容为淡妆，红唇点缀，面部皮肤白皙；身材偏向丰满；发型为黑色长发，自然垂落。
- 服装穿着：穿着白色水手服上衣（带有红色大领结），搭配黑色百褶短裙，穿着黑色丝袜，无眼镜、眼罩等配饰。
- 是否穿着丝袜以及丝袜的颜色：穿着丝袜，颜色为黑色。
- 整体气质和风格：身着水手服呈现出学生感的青春气息，同时结合动作和场景营造出性感、具有表演性的风格，兼具成熟女性的魅力与表演属性，整体风格偏向性感且富有戏剧感。","- 女性职业：推测为演员饰演的角色，角色设定可能为学生（因穿着水手服，类似学生制服）或相关职业角色，属于表演性质的剧情角色。
- 场景环境描述：场景为酒店客房，房间内有两张床，床上铺有白色床单，房间内有窗户、窗帘、空调等设施，床边及房间内散落纸箱，整体为室内居住空间，布置简洁，属于酒店住宿环境。
- 可能的剧情情节：剧情围绕女性在酒店客房内与床上的男性角色进行互动，属于表演性质的剧情，包含亲密互动、服务类情节，演员所饰演的剧情角色可能为学生角色在特定情境下的互动表现。
- 人物关系和互动：女性与床上的男性角色存在互动关系，剧情设定下可能为朋友、同事或服务与被服务的关系，属于表演中的角色互动关系。",提取的关键词为：水手服、学生制服、酒店房间、床、黑丝、女性、表演动作、制服、室内、互动、水手服上衣、红色领结、黑色百褶裙、袜子、淡妆、红唇、丰满身材。重点关注人物特征（水手服女性、长发、淡妆）、服装（水手服、黑丝）、场景（酒店房间、床）、动作（互动姿势）。,制服、水手服、酒店、丝袜、女学生、少妇、熟女、性感、学生、床、互动、姐姐、丝袜、女技师
/Users/firewell/影视/国产mac/!!!同小区的极品熟女！疯狂扭腰连续高潮！.mp4,!!!同小区的极品熟女！疯狂扭腰连续高潮！.mp4,50927143,00be4a83ae22be8f3156e9c6357d3e0a,"- 外貌特征：年龄约为30 - 40岁，属于熟女范畴，身材丰满且富有曲线感；发型为黑色中短发，整体造型利落；妆容为淡妆，显得自然且有韵味，无过重浓妆或素颜感。
- 服装穿着：身穿浅绿色短袖连衣裙（带有纽扣设计，风格偏向休闲中带性感）；部分画面中换为黑色吊带内搭；未穿着丝袜，鞋子在画面中未显示（推测为赤脚）；未佩戴眼镜、眼罩等配饰。
- 是否穿着丝袜以及丝袜的颜色：不穿着丝袜，无丝袜颜色描述。
- 整体气质和风格：整体气质热情主动，风格偏向熟女风情，在互动场景中展现出大胆、热情的一面，符合“极品熟女”的标签风格，给人成熟且富有魅力的感觉。","- 女性职业：从画面风格和互动模式判断，该女性应为成人影片中演绎熟女角色的演员，职业属于成人影视行业（专注于演绎相关戏剧角色）。
- 场景环境描述：场景设定为室内酒店房间，房间内布置有床、枕头、墙面装饰灯等，属于私密空间，营造出适合亲密互动的环境。
- 可能的剧情情节：剧情围绕熟女与男性之间的亲密、性相关互动展开，包含性交、亲密亲昵动作等成人影片常见情节，属于“偷情”类角色互动范畴，强调两人之间的亲密关系与性爱互动。
- 人物关系和互动：人物关系为亲密的互动关系（如情侣、熟识的男女等），互动包含性交、亲密亲昵动作（如亲吻、抚摸等），属于成人影片中角色间的亲密互动情节，展现出双方之间的亲密程度与互动模式。",提取能够描述人物和场景的关键词有：熟女、短袖连衣裙、黑色吊带、酒店房间、床、性交动作、主动、热情、丰满身材、淡妆、绿色连衣裙、黑色内搭、私密空间、亲密互动、性感、御姐、高颜值、内衣、酒店等。,少妇、母狗、极品、偷情、老婆、人妻、女神、巨乳、调教、身材、大奶、内射、绿帽、露脸、阿姨、颜值、熟女、淫荡、女友、高颜值、打桩、出轨、御姐、漂亮、约炮、情趣装、姐姐、床上、性感、已婚、口交、女技师、秘书、凌辱、上司、屈辱、强暴、一男两女、会所、模特、成熟、中年、短发、淡妆、丰满、微胖、内衣、酒店
/Users/firewell/影视/国产mac/!!!好哥们分享拜金大胸炮友三洞齐开啪啪肛交激情四射.mp4,!!!好哥们分享拜金大胸炮友三洞齐开啪啪肛交激情四射.mp4,119636381,be172468237549e624a9fb212688fd84,"- 外貌特征：年龄约为25 - 35岁，身材丰满且曲线优美，发型有齐肩短发、扎发等多种样式，妆容为淡妆，展现出成熟且性感的魅力。
- 服装穿着：主要穿着白色内裤（或类似简约内裤），无丝袜，没有佩戴眼罩、眼镜等特殊配饰，风格偏向性感内衣或简约贴身衣物。
- 是否穿着丝袜以及丝袜的颜色：不穿着丝袜。
- 整体气质和风格：气质成熟性感，在互动中表现出热情与主动，形象塑造偏向于影视表演中性感成熟的女性角色，风格充满活力与激情。","- 女性职业：成人影视演员，饰演参与激情互动的角色。
- 场景环境描述：室内环境，推测为酒店房间或民宿房间，布置有床、镜子、家具等设施，属于私密且适合成人场景拍摄的场所。
- 可能的剧情情节：围绕多男性与女性的激情互动展开，包含口交、肛交等激情环节，属于成人影视的激情戏剧情节。
- 人物关系和互动：女性与多名男性存在亲密互动关系，属于影视表演中角色间的激情合作，无正常社会关系，是剧情设定的激情互动。",巨乳、性感、酒店、多人、激情互动、内裤、床、口交、肛交、成熟女性、激情、大奶、丁字裤、会所、女技师、后入、多人、群交、一男两女、丝袜（无）、床、激情、高颜值、御姐、漂亮、约炮、打桩、性感、姐姐,少妇、母狗、极品、偷情、人妻、巨乳、双飞、换妻、大奶、内射、绿帽、口交、约炮、熟女、性感、奶子、高颜值、御姐、漂亮、打桩、出轨、老师、顶级、精液、床上、姐姐、丁字裤、会所、女技师、后入、多人、群交、一男两女、空姐、OL、职业装、办公室、旗袍、孕妇、哺乳、乳汁、丁字裤、野外、选秀、会所、女技师、秘书、凌辱、上司、屈辱、强暴、护士、医生、律师、警察、教授、主播、模特、萝莉、少女、成熟、长发、短发、马尾、浓妆、淡妆、素颜、红唇、苗条、微胖、娇小、高大、人妖、制服、和服、比基尼、内衣、睡衣、运动装、浴室、厨房、车内、酒店、学校、医院、按摩、瑜伽、女同
/Users/firewell/影视/国产mac/!!!带着大胸反差女友来单男的小别墅玩被多人调教后入狂操口爆娇喘眼神.mp4,!!!带着大胸反差女友来单男的小别墅玩被多人调教后入狂操口爆娇喘眼神.mp4,188097265,3a585a8abab9b2c1f05cb487fa79f1f2,"- 外貌特征：年龄为成熟阶段（属于熟女或少妇范畴），身材丰满，胸部较大（呈现巨乳特征），发型为黑色长发（多为披散状态），妆容采用浓妆，有明显的红唇装饰。
- 服装穿着：初期穿着白色宽松衬衫、黑色短款下装，搭配黑色丝袜（即黑丝）；后续露出黑色内衣与黑色短裤，穿着黑色丝袜，鞋子包含黑色高跟鞋；未佩戴眼镜、眼罩等物品，穿着黑色丝袜。
- 整体气质和风格：整体呈现性感、成熟的气质，带有被多人调教下的挑逗与被动风格，动作上展现性互动相关的姿态，风格偏向成人影视中熟女/熟妇形象。","- 女性职业：推测为“女友”（结合视频标题中“带着大胸反差女友来单男的小别墅玩”的描述），属于无明确特定职业，以性互动角色呈现。
- 场景环境描述：场景为小别墅外的露天区域，存在桌椅、绿色植物等设施，墙面为红色与绿色搭配，属于私密且带有休闲性质的户外空间（类似露台、庭院），环境明亮且具有私人性。
- 可能的剧情情节：女性以“大胸女友”身份前往单男小别墅后，被多名男性围绕进行调教，剧情围绕多人对女性的性互动展开，包含口交、后入、抚摸等动作，属于成人影视中多人调教类情节。
- 人物关系和互动：女性为剧情核心，与多名男性形成“调教-被调教”的关系，多人围绕进行性互动，互动方式包含亲密接触、性动作等，属于多人参与下的性互动关系。",巨乳、大奶、黑丝、丝袜、熟女、性感、多人、群交、调教、口交、后入、女友、小别墅、露天、桌椅、性互动、白衬衫、黑内衣、高跟鞋、狂操、娇喘、眼神、反差,少妇、母狗、极品、调教、身材、黑丝、白丝、女友、大奶、后入、熟女、淫荡、丝袜、奶子、高颜值、性感、多人、群交、一男两女、巨乳、口交、狂操、娇喘、小别墅、露天、桌椅、性互动、白衬衫、黑内衣、高跟鞋、反差
/Users/firewell/影视/国产mac/!!“阿姨你好美”每个人的心中总有一个阿姨是无法替代了.mp4,!!“阿姨你好美”每个人的心中总有一个阿姨是无法替代了.mp4,81180833,bf3d44d3e18dde50b3739c6f9debe43c,"- 外貌特征：年龄约为30 - 40岁，身材丰满，体态成熟；发型为黑色长发，多为披散或造型呈现，显得柔顺且有风格；妆容以淡妆或浓妆为主，注重眼妆和唇妆，展现出成熟女性的魅力与风情。
- 服装穿着：部分画面穿着白色短袖（设计贴合身材，凸显曲线）；有多张画面呈现裸露状态（无衣物）；无鞋子、眼镜、眼罩等配饰；未穿着丝袜，因此丝袜颜色无。
- 整体气质和风格：整体气质成熟性感，风格偏向情色与激情互动，动作亲密且充满魅惑感，展现出成熟女性特有的风情与活力。","- 女性职业：推测为成人影片（情色类）的演员，饰演具有性感风格的女性角色，属于“情色演员”或“成人片女演员”范畴。
- 场景环境描述：场景为室内环境，核心场景为布置有白色床单的床，周围有床品、枕头等，床边可见简约家具（如床边桌、墙面设施等），整体环境类似酒店房间或私人卧室，布置简洁且以床为核心空间。
- 可能的剧情情节：画面呈现两人进行亲密的激情互动，包含亲吻、相互亲吻生殖器官、性爱等动作，属于成人影片中展现亲密关系与激情互动的情节，通过亲密动作呈现角色间的情色关系。
- 人物关系和互动：两人为表演合作关系（成人影片演员间的互动），互动亲密，包含亲吻、性爱动作，关系偏向于角色间的情色互动，动作亲密且充满激情。",提取的关键词有：性感女性、长发、丰满身材、白色短袖、床上、亲密互动、酒店房间、性爱动作、淡妆、成熟气质、裸露、床品白色等。,阿姨、熟女、性感、漂亮、丰满、微胖、长发、淡妆、床上、酒店、性爱、口交、御姐、奶子、高颜值
/Users/firewell/影视/国产mac/!!全程露脸高颜值空姐穿上运动服爆操高潮淫叫.mp4,!!全程露脸高颜值空姐穿上运动服爆操高潮淫叫.mp4,59701300,95c6a83b240f57a06b7b36b701de06b9,"- 外貌特征：年龄约为25 - 30岁，留着长卷发，身材丰满，妆容为淡妆，展现出高颜值，面部神态自信且具有吸引力。
- 服装穿着：身着白色短袖T恤（带有深色条纹装饰），搭配深色运动短裤，脚蹬白色过膝长袜（袜身带有深色条纹），未穿着鞋子，也无眼镜、眼罩等配饰。
- 是否穿着丝袜以及丝袜的颜色：穿着丝袜（过膝长袜属于丝袜范畴），丝袜颜色为白色。
- 整体气质和风格：穿着运动服，呈现出性感且充满活力的风格，整体气质偏向性感、时尚，同时带有职业相关的干练感（结合空姐角色设定）。","- 女性职业：推测该女性角色为空姐（结合视频标题中“空姐”提示及角色形象定位）。
- 场景环境描述：场景设定为一间装饰豪华的酒店房间，房间内有宽大的床、整齐的床上用品（如枕头、被子），以及精致的家具（镜子、灯具等），整体环境高档且舒适，属于酒店客房类场景。
- 可能的剧情情节：剧情围绕空姐角色在酒店房间内与其他演员进行亲密互动、情色表演等情节展开，属于成人影视类剧情，包含亲密行为、性接触等元素。
- 人物关系和互动：角色之间为亲密关系，存在亲密互动、性接触等行为，关系偏向于亲密伴侣或表演中的互动搭档，互动过程中呈现出主动与被动结合的状态。",高颜值、空姐、运动装、白色过膝袜（白丝）、酒店房间、床上、亲密互动、性感、长卷发、丰满身材、白色上衣、深色下装、空姐职业装、酒店场景,高颜值、空姐、白丝、运动装、丝袜、酒店、床上、性感、一男两女
/Users/firewell/影视/国产mac/!!单男按着老婆不停怼操，老婆忘我的呻吟手中握着的绿帽鸡巴早就不重要了.mp4,!!单男按着老婆不停怼操，老婆忘我的呻吟手中握着的绿帽鸡巴早就不重要了.mp4,47930307,c7c5e81b6aad3568e8e03b1a5dec18bf,"- 外貌特征：年龄属于成熟女性（推测30 - 40岁左右），身材丰满且曲线明显，展现出饱满的胸部与臀部的立体感。发型为长发或中长发（部分画面中头发自然垂落，部分为束发状态），妆容为淡妆，突出眼部与唇部，整体呈现成熟女性的魅力。
- 服装穿着：多数画面中女性处于裸体状态，部分画面可见穿着黑色丝袜等轻着装服饰，无复杂衣物，属于成人影片常见的裸体或情趣装风格。
- 是否穿着丝袜以及丝袜的颜色：穿着丝袜，颜色为黑色（从画面中丝袜的纹理与颜色判断）。
- 整体气质和风格：整体呈现出成熟女性的性感、媚态，在互动过程中展现主动或配合的性爱姿态，风格偏向成人影片中熟女的媚俗与媚态，气质成熟且富有诱惑力。","- 女性职业：推测为成人影片演员，饰演“人妻”或“老婆”这类与家庭关系相关的角色（结合标题中“老婆”等字样）。
- 场景环境描述：场景为室内环境，具体为卧室（可见床、床单、窗帘、空调等设施，布置偏向酒店房间或家庭卧室，光线柔和，属于私密空间）。
- 可能的剧情情节：围绕“绿帽”主题展开，剧情情节可能为丈夫（单男）陪伴下，妻子（人妻）与男子发生亲密性爱行为，体现“无视绿帽、沉迷性爱”的剧情，包含口交、后入等性爱动作，属于成人影片中常见的夫妻关系与第三者互动的情节。
- 人物关系和互动：人物关系为“老婆”与“单男”的互动，其中“单男”按着“老婆”进行性爱动作，“老婆”在过程中表现出忘我的呻吟等反应，属于成人影片中角色间的亲密性爱互动，关系围绕“不忠、偷情”等情节展开。",熟女、性感、裸体、丝袜、床上、口交、后入、人妻、老婆、绿帽、淫荡、奶子、情趣装、酒店、卧室、性爱、亲密、媚态。,少妇、人妻、老婆、熟女、绿帽、性感、丝袜、床上、口交、后入、偷情、淫妻、淫荡、奶子、情趣装、酒店、卧室、凌辱、强暴、已婚、御姐、姐姐、少妇、母狗、极品、真实、女神、巨乳、调教、身材、黑丝、白丝、双飞、换妻、女友、大奶、内射、露脸、阿姨、颜值、熟女、淫荡、大学生、后入、小姐姐、骚货、良家、对白、丝袜、奶子、高颜值、自慰、御姐、漂亮、约炮、清纯、打桩、出轨、老师、顶级、精液、床上、性感、闺蜜、已婚、肉丝、口交、情趣装、姐姐、强奸、迷奸、高挑美女、多人、群交、一男两女、空姐、OL、职业装、办公室、旗袍、孕妇、哺乳、乳汁、丁字裤、野外、选秀、会所、女技师、秘书、凌辱、上司、屈辱、强暴、护士、医生、律师、警察、教授、主播、模特、萝莉、少女、成熟、中年、长发、短发、卷发、马尾、双马尾、浓妆、淡妆、素颜、红唇、苗条、丰满、微胖、娇小、高大、人妖、制服、和服、比基尼、内衣、睡衣、运动装、浴室、厨房、车内、酒店、学校、医院、按摩、瑜伽、女技师、秘书
/Users/firewell/影视/国产mac/!!大奶漂亮少妇偷情给他打电话我慢点操你刺激我不刺激知道了没得偷了.mp4,!!大奶漂亮少妇偷情给他打电话我慢点操你刺激我不刺激知道了没得偷了.mp4,118839372,a6ee0729fb9e3910e3cfbc997d361074,"- 外貌特征：年龄属于成熟阶段（少妇、熟女），身材丰满，留有黑色长发，妆容为浓妆风格（有红唇、眼妆等色彩丰富的妆容），整体面容精致。
- 服装穿着：多数场景为裸体状态，未穿着常规衣物，仅部分场景可见少量内衣；未穿着丝袜，无丝袜相关特征。
- 是否穿着丝袜以及丝袜的颜色：未穿着丝袜，该情况无。
- 整体气质和风格：气质妩媚、性感，风格偏向熟女的魅力展现与性感的互动表现，具有成熟女性的吸引力与肢体表现力，风格符合成人影片中性感熟女角色定位。","- 女性职业：饰演“少妇”或“人妻”类角色，属于成人影片中围绕婚外偷情或亲密互动展开的角色。
- 场景环境描述：场景为室内卧室环境，有床、窗帘、墙面装饰等元素，环境私密，具备居家亲密互动的空间特征，属于私人空间内的私密场景。
- 可能的剧情情节：剧情围绕婚外偷情与性互动展开，女性角色与男性角色进行亲密性接触、抚摸、性交等性相关动作，情节偏向成人影片中呈现的偷情与性爱情节，包含多个亲密互动环节。
- 人物关系和互动：女性与男性为偷情关系，互动包含性接触、抚摸、性交等亲密行为，关系亲密且带有偷情性质，互动过程中有肢体亲近与性爱动作呈现。",少妇、丰满、裸体、长发、浓妆、床、性互动、偷情、熟女、性感、卧室、内衣、抚摸、亲吻、大奶、巨乳、调教、身材、露脸、阿姨、高颜值、御姐、漂亮、约炮、打桩、已婚、口交、姐姐、后入、一男两女、多人,少妇、偷情、大奶、巨乳、调教、身材、熟女、性感、床上、淫妻、出轨、露脸、阿姨、颜值、淫荡、奶子、高颜值、御姐、漂亮、约炮、打桩、已婚、口交、姐姐、后入、一男两女、多人、母狗、绿帽、双飞
/Users/firewell/影视/国产mac/!!开大奔约少妇偷情！少妇老公出去健身偷偷跑出来玩车震.mp4,!!开大奔约少妇偷情！少妇老公出去健身偷偷跑出来玩车震.mp4,163971383,51b0867b9be74deb31e887f3ed87fba9,"- 外貌特征：年龄为成熟阶段（推测30 - 40岁），身材丰满，发型为长发（部分画面中为披肩长发，部分戴黑色蕾丝装饰的面具）；妆容以浓妆为主，有明显的眼妆和唇妆，整体面部妆容精致。
- 服装穿着：身着黑色网纱透视上衣，搭配黑色丝袜（黑丝），鞋子为黑色带钻装饰的高跟鞋；另外还有穿着白色上衣的搭配，但核心角色服装为黑色透视装与黑丝。
- 是否穿着丝袜以及丝袜的颜色：穿着丝袜，丝袜颜色为黑色。
- 整体气质和风格：整体气质性感成熟，风格偏向熟女风情，通过透视装、丝袜及亲密动作展现出魅惑与风情感。","- 女性职业：饰演的角色为“人妻”或“少妇”，属于婚外情感类角色，在剧情中承担偷情行为的女方角色。
- 场景环境描述：场景设定在汽车内部，从画面中的座椅、车门内饰、空间结构等判断，属于私密且封闭的汽车空间，光线较暗，营造出私密的氛围。
- 可能的剧情情节：剧情围绕少妇与男子在车内进行偷情行为展开，包含车震等亲密性爱情节，符合“约少妇偷情！少妇老公出去健身偷偷跑出来玩车震”的标题提示，属于婚外情感下的私密性爱场景。
- 人物关系和互动：女性角色（少妇/人妻）与男性角色存在偷情关系，互动形式包含性相关行为（如口交、抚摸、性爱等动作），关系为非夫妻的婚外亲密互动。",提取的关键词为：少妇、黑丝、车内、偷情、车震、透视装、性感、高跟鞋、丝袜、成熟、婚外、性爱、汽车、私密空间。,少妇、偷情、人妻、黑丝、车内、车震、性感、丝袜、熟女、婚外、性爱、汽车
/Users/firewell/影视/国产mac/!!昆明理工大学海源校区.mp4,!!昆明理工大学海源校区.mp4,86171066,04881a067db15cda993ab202b2e24cbf,"- 外貌特征：年龄约为20 - 30岁，身材较为丰满，长发（发型为自然垂落且带有白色发饰装饰），妆容为浓妆风格（面部有明显的妆容痕迹），整体面部神态展现出成熟优雅的气质。
- 服装穿着：上身穿着黑色贴身内衣（无外搭衣物），下半身穿着黑色丝袜，鞋子未出现在场景中（因处于床上环境，无需穿鞋），没有佩戴眼镜与眼罩；服装类型为贴身暴露风格，突出身材曲线，颜色以黑色为主，风格偏向性感。
- 是否穿着丝袜以及丝袜的颜色：穿着丝袜，丝袜颜色为黑色。
- 整体气质和风格：整体气质偏向成熟性感，风格具有风情万种、具有诱惑性的特点，在亲密互动场景中展现出主动热情的一面，给人一种成熟妩媚的印象。","- 女性职业：结合场景为酒店房间且存在亲密互动行为，推测女性角色可能是成人影视演员（女优）或从事情色服务相关职业（如酒店女技师等）。
- 场景环境描述：场景设定在酒店客房内，存在床、床单、窗帘、衣柜等设施，属于私密且具有现代酒店特征的室内空间，环境布置简洁，以床为中心展开互动场景。
- 可能的剧情情节：剧情围绕情色表演的亲密互动展开，包含女性角色主动接触男性私密部位、亲密抚摸等动作，属于成人影视中常见的亲密情节片段，通过动作呈现表演性的亲密互动。
- 人物关系和互动：女性与男性角色之间为职业化的表演互动关系，不存在真实情感关联，属于成人表演中的搭档配合，借助动作呈现亲密互动情节。",提取能够描述人物和场景的关键词有：黑丝、性感、熟女、酒店、床、丝袜、亲密、女性、男性、内衣、浓妆、丰满、私密空间等。,黑丝、丝袜、熟女、性感、酒店、内衣、丰满、亲密、女性、男性、浓妆
/Users/firewell/影视/国产mac/!!浴室爆操真空美女邻居用精液给她洗脸美女说我好变态.mp4,!!浴室爆操真空美女邻居用精液给她洗脸美女说我好变态.mp4,127952255,bad8056e6a08038cd348cfd891288860,"- 外貌特征：年龄推测在25 - 35岁左右，为成年女性；头发为黑色中长发，发丝自然且长度适中；身材偏向丰满，面部妆容为淡妆，整体形象成熟且有吸引力。
- 服装穿着：身着白色网状吊带短连衣裙（带有黑色网格图案），服装风格性感且短款；内搭灰色丝袜（覆盖全身腿部）；未出现鞋子、眼镜、眼罩等特殊配饰。
- 是否穿着丝袜以及丝袜的颜色：穿着丝袜，丝袜颜色为灰色。
- 整体气质和风格：整体气质偏向成熟性感，风格贴合成人影视题材中风情、大胆的形象设定，在互动场景中展现出亲密、主动的一面。","- 女性职业：推测饰演的是邻居角色，属于普通居民身份，无特定职业指向（剧情未明确职业，以邻居关系为主）。
- 场景环境描述：场景为家庭浴室，包含白色马桶、洗手池、瓷砖墙面与窗户，环境整洁且属于私人居住空间，光线明亮，呈现出日常家庭浴室的特征。
- 可能的剧情情节：结合标题信息，剧情围绕邻居之间的亲密/性接触展开，包含在浴室内的亲密互动、性爱等情节，属于成人影视题材的典型情节设定。
- 人物关系和互动：人物关系为邻居（女性为邻居，与男性互动），互动内容为亲密性接触、性爱行为等，展现成人影视中角色间的亲密关系与互动情节。",提取的关键词为：女性、邻居、浴室、网状裙、丝袜、亲密互动、性接触、短裙、成熟女性、性感、马桶、洗手池。重点关注人物特征（长发、网状连衣裙、灰色丝袜）、服装（白色网状短连衣裙、灰色丝袜）、场景（浴室、瓷砖墙、卫浴设施）、动作（亲密接触、性互动）等维度，故关键特征标签为：女性、邻居、浴室、网状裙、丝袜、亲密、性接触、短裙、成熟、性感、马桶、洗手池。,少妇、偷情、人妻、熟女、丝袜、精液、浴室、性感、邻居、内射、口交、巨乳、大奶、丝袜、高颜值、性感、约炮、出轨、浴室、成熟、长发、浓妆、淡妆、苗条、丰满、微胖、高挑美女、一男两女
/Users/firewell/影视/国产mac/!!淫荡人妻玩刺激路边勾引陌生人.mp4,!!淫荡人妻玩刺激路边勾引陌生人.mp4,121061207,9b9e85eacd00cff0e9d62df873b83977,"- 外貌特征：年龄约30 - 40岁，身材丰满，曲线明显，属于成熟女性；发型为中长发（棕色，自然卷曲）；妆容为淡妆，部分画面佩戴白色口罩（遮盖面部，符合角色设计需求），整体神态成熟。
- 服装穿着：穿着白色短袖上衣，搭配浅卡其色短裤；穿着浅色凉拖；未穿着丝袜；服装风格偏向休闲且带有性感元素，符合情色题材穿着设计。
- 是否穿着丝袜以及丝袜的颜色：未穿着丝袜，画面中无丝袜显示。
- 整体气质和风格：整体气质主动、挑逗，风格为情色表演中的性感诱惑型，通过动作和穿着传递勾引、刺激氛围，展现挑逗性角色特质。","- 女性职业：情色演员（或成人影片女演员），饰演“人妻”角色，属于成人影片特定题材表演角色。
- 场景环境描述：场景为室内私密空间，布置有沙发、小桌子、床铺等，属于酒店房间或提供私密服务的场所，环境整洁温馨，光线柔和，为封闭私密场景。
- 可能的剧情情节：围绕“室内勾引陌生人”展开，剧情呈现女性（人妻角色）主动与男性互动，进行亲密、情色行为，属于成人影片“勾引、性互动”类情节，强调角色主动性和挑逗性。
- 人物关系和互动：女性与男性为表演性互动关系，属于成人影片角色配合，互动含亲密接触、性动作等，无真实情感关系，仅表演配合，呈现角色间情色互动关系。",提取关键词：少妇、人妻、淫荡、熟女、性感、丰满身材、浅卡其短裤、白色短袖、白色口罩、室内沙发、性互动、挑逗、裸露、格子袜、性场景等，重点关注人物特征（丰满、性感）、服装（短袖、短裤、口罩、长袜）、场景（室内沙发）、动作（挑逗、性互动）等元素。,少妇、人妻、淫荡、熟女、淫妻、性感、巨乳、身材、偷情、出轨、内射、打桩、约炮、已婚、丝袜、酒店、情趣装、姐姐、口交、淫妻、学妹、口交、情趣装、姐姐、强奸、迷奸、多人、群交、一男两女、空姐、OL、职业装、办公室、酒店、女技师、秘书、凌辱、上司、屈辱、强暴、护士、医生、律师、警察、教授、主播、模特、成熟、中年、长发、短发、浓妆、淡妆、素颜、红唇、丰满、微胖、高大、制服、和服、比基尼、内衣、睡衣、运动装、车内、酒店、按摩、女同
/Users/firewell/影视/国产mac/!!淫荡白晢骚妹被洋肠操到连续高潮三次.mp4,!!淫荡白晢骚妹被洋肠操到连续高潮三次.mp4,48715183,5fdfac4157e0ccca75a2663ca0297283,"- 外貌特征：年龄推测约为25 - 35岁，处于熟女阶段；身材丰满，体态优美；发型为短发（或扎起的发型，不同画面中存在细微变化，如扎发或自然短发）；面部妆容以淡妆或自然妆容为主，无浓妆，整体妆容贴合成熟女性风格。
- 服装穿着：画面中女性以裸露状态为主，未穿着衣物（如上衣、裤子、丝袜、鞋子等），也不佩戴眼镜、眼罩等配饰。
- 是否穿着丝袜以及丝袜的颜色：未穿着丝袜。
- 整体气质和风格：整体气质成熟且具有性感诱惑性，风格偏向成人影视中熟女或姐姐形象，在互动过程中表现主动且配合，风格为性感、亲昵的成人题材风格。","- 女性职业：推测为成人影视演员，所饰演的角色为亲密关系中的女性角色（如情侣、情人等，属于成人题材角色）。
- 场景环境描述：场景为酒店房间，房间内有白色床具、大理石墙面及现代装修，环境整洁且具有私密性，属于室内空间。
- 可能的剧情情节：剧情围绕两人之间的亲密、性爱互动展开，包含拍摄过程（画面中出现拍摄设备），属于成人影视中的性爱表演场景，情节以亲密互动为主。
- 人物关系和互动：两人关系为亲密关系（如情侣、情人），互动形式以性爱动作、亲密接触为主，属于表演性的亲昵互动，女性主动参与互动，男性配合，关系亲昵。",提取能够描述人物和场景的关键词，包括：熟女、性感、裸体、丰满、短发、墨镜、酒店、床上、性爱、亲密、淫荡、淫妻、老师、女友、大奶、内射、打桩、出轨、姐姐、女技师、秘书、凌辱、上司、屈辱、强暴、主播、模特、成熟、中年、短发、浓妆、淡妆、素颜、红唇、丰满、微胖、娇小、眼镜、床上、性感、闺蜜、已婚、肉丝、奶子、高颜值、约炮、出轨、老师、OL、酒店、女技师、秘书、凌辱、上司、屈辱、强暴、主播、模特、成熟、中年、短发、浓妆、淡妆、素颜、红唇、丰满、微胖、娇小、高挑美女、多人、群交、一男两女、空姐、OL、职业装、办公室、旗袍、孕妇、哺乳、乳汁、丁字裤、野外、会所、女技师、秘书、凌辱、上司、屈辱、强暴、护士、医生、律师、警察、教授、主播、模特、萝莉、少女、成熟、中年、长发、短发、卷发、马尾、双马尾、浓妆、淡妆、素颜、红唇、苗条、丰满、微胖、娇小、高大、人妖、制服、和服、比基尼、内衣、睡衣、运动装、浴室、厨房、车内、酒店、学校、医院、按摩、瑜伽、女同、对白、骚话、丝袜、奶子、高颜值、自慰、御姐、漂亮、约炮、清纯、打桩、出轨、老师、顶级、精液、床上。,淫荡、熟女、性感、裸体、床上、丰满、短发、墨镜、酒店、裸露、淫妻、老师、女友、大奶、内射、打桩、出轨、姐姐、女技师、秘书、凌辱、上司、屈辱、强暴、主播、模特、成熟、中年、短发、浓妆、淡妆、素颜、红唇、丰满、微胖、娇小、眼镜、床上、性感、闺蜜、已婚、肉丝、奶子、高颜值、约炮、出轨、老师、OL、酒店、女技师、秘书、凌辱、上司、屈辱、强暴、主播、模特、成熟、中年、短发、浓妆、淡妆、素颜、红唇、丰满、微胖、娇小、高挑美女、多人、群交、一男两女、空姐、OL、职业装、办公室、旗袍、孕妇、哺乳、乳汁、丁字裤、野外、会所、女技师、秘书、凌辱、上司、屈辱、强暴、护士、医生、律师、警察、教授、主播、模特、成熟、中年、短发、浓妆、淡妆、素颜、红唇、丰满、微胖、娇小、高大、人妖、制服、和服、比基尼、内衣、睡衣、运动装、浴室、厨房、车内、酒店、学校、医院、按摩、瑜伽、女同、对白、骚话、丝袜、奶子、高颜值、自慰、御姐、漂亮、约炮、清纯、打桩、出轨、老师、顶级、精液、床上
/Users/firewell/影视/国产mac/!!绝美！18岁长腿清纯嫩美灌肠被自己的粪便包围.mp4,!!绝美！18岁长腿清纯嫩美灌肠被自己的粪便包围.mp4,28983505,18eaab0ce04d2c506d702261db79ac92,"- 外貌特征：年龄约18岁，身材高挑修长，腿部长度突出，臀部饱满，面部线条柔和，长发（黑色，部分场景中头发束起），妆容为淡妆，整体形象清纯且具有辨识度。
- 服装穿着：仅穿着浅色（接近米白色或浅粉色）过膝丝袜，无其他衣物覆盖，无鞋子、眼镜、眼罩等配饰。
- 是否穿着丝袜以及丝袜的颜色：穿着过膝丝袜，颜色为浅色（推测米白或浅粉色）。
- 整体气质和风格：兼具清纯与性感，在成人影片场景下展现出性感的氛围，动作配合剧情需求，风格偏向于职业性表演。","- 女性职业：推测为成人影片演员（从事成人影视表演行业）。
- 场景环境描述：场景为现代风格的淋浴间（浴室），带有玻璃隔断、大理石纹理地面、墙面瓷砖、淋浴设施等，属于私密且整洁的室内空间，符合成人影片拍摄的场景设定。
- 可能的剧情情节：围绕“灌肠”主题展开，女性在淋浴间内进行灌肠操作后，处于排泄状态被拍摄，属于成人影片中常见的情节，通过表演展现相关场景，呈现剧情内的互动与动作。
- 人物关系和互动：女性为表演者，与拍摄者（导演、摄影师）存在职业性互动关系，拍摄者记录其动作，属于成人影片拍摄过程中演员与拍摄团队的配合，无实际生活关系，仅基于表演需求互动。",18岁女性、高挑身材、白色过膝丝袜、淋浴间、灌肠、排泄、成人影片场景、性感、私密空间、丝袜、待机姿势,丝袜、高颜值、性感、清纯、高挑美女、白丝、模特、大学生
/Users/firewell/影视/国产mac/mp4/!!情人节和公司男同事偷情，第一次隔丝内射整个骚逼沾满精液.mp4,!!情人节和公司男同事偷情，第一次隔丝内射整个骚逼沾满精液.mp4,165864724,121f2deca987ca437e76996a34f8f6cd,"- 外貌特征：年龄约30岁，身材丰满，发型为利落短发，妆容为淡妆（呈现自然清新风格），佩戴带有装饰的银色口罩。
- 服装穿着：穿着浅灰色宽松上衣、黑色内衣（部分露出），搭配浅色丝袜与浅色高跟鞋，整体着装风格结合了职业感和性感元素。
- 是否穿着丝袜以及丝袜的颜色：穿着丝袜，丝袜颜色为浅肤色（或肉色）。
- 整体气质和风格：成熟性感，带有媚态，兼具职业女性的干练与性感的风格，整体气质表现为媚惑且成熟。","- 女性职业：推测为办公室职员（OL）、秘书等类似职业，依据服装的宽松上衣风格及场景中的办公环境判断。
- 场景环境描述：场景涵盖现代办公环境（设有办公桌、电话、装饰画）与酒店房间（设有床、沙发等现代家具），整体处于室内私密空间。
- 可能的剧情情节：演员饰演的角色与公司男同事（或男性角色）发生偷情关系，剧情包含亲密互动、性爱行为，如内射、口交、后入等情色情节，呈现秘密的暧昧关系与亲密行为。
- 人物关系和互动：女性角色与男性角色为秘密的亲密关系，属于偷情关系，互动涵盖亲密的身体接触、性爱动作，关系非公开，属于私密情色互动。",提取的关键词有：少妇、偷情、丝袜、内射、办公室、酒店、性交、口交、丰满、高跟鞋、成熟、性感、丝袜、奶子、高颜值、御姐、漂亮、约炮、出轨、老师、精液、床上、性感、已婚、肉丝、后入、小姐姐、骚货、姐姐、丝袜、奶子、口交、情趣装等。,少妇、偷情、丝袜、内射、办公室、酒店、性交、口交、丰满、高跟鞋、成熟、性感、丝袜、奶子、高颜值、御姐、漂亮、约炮、出轨、老师、精液、床上、性感、已婚、肉丝、后入、小姐姐、骚货、姐姐、丝袜、奶子、口交、情趣装、办公室、酒店、内射、偷情、成熟、性感、丰满
/Users/firewell/影视/国产mac/mp4/!!无套内射173D杯已婚少妇从大理操到上海拼多多员工1.mp4,!!无套内射173D杯已婚少妇从大理操到上海拼多多员工1.mp4,24225734,d7e07012a17afad63853cfd26a02454c,"- 外貌特征：年龄约25 - 35岁（成熟女性），身材丰满，胸部较大、体态饱满；发型为黑色长发，自然披散；妆容淡，面部状态自然，未呈现浓妆或特殊妆容风格。
- 服装穿着：画面中女性处于裸露状态，无衣物、鞋子、眼镜、眼罩等穿戴物品；未穿着丝袜。
- 是否穿着丝袜以及丝袜的颜色：未穿着丝袜，因此无丝袜颜色相关内容。
- 整体气质和风格：气质偏向成熟性感，风格为成人影视中演绎的少妇角色，在性爱场景中呈现主动或配合的姿态，整体风格符合成人影片中女性角色的表现。","- 女性职业：推测饰演的是已婚少妇，属于成人影视中的女演员，饰演具有亲密行为情节的角色。
- 场景环境描述：场景为室内私密空间，大概率是卧室，存在床、衣柜、镜子等家具，光线为暖光，属于居住类私密场所。
- 可能的剧情情节：剧情围绕已婚少妇与拼多多员工发生性关系展开，在卧室等私密空间内呈现性爱行为（如性交、抚摸等动作），包含内射、性爱互动等元素，属于成人影视中的情节演绎。
- 人物关系和互动：女性与男性为性伴侣关系，互动形式为性爱行为（如男性进行性爱动作，女性配合或参与），属于成人影视中角色间的亲密互动关系。",少妇、裸露、丰满、卧室、床、镜子、性爱、内射、长发、成熟、私密空间、女性、男性、互动、性感、已婚、巨乳、身材、裸露、床上、性感。,少妇、偷情、老婆、人妻、巨乳、身材、内射、绿帽、露脸、熟女、淫荡、大奶、性感、已婚、淫妻、口交、御姐、姐姐、微胖、长发、漂亮、约炮、出轨、顶级、精液、床上、女技师、高颜值、后入、小姐姐、淡妆、素颜、裸露、私密空间
/Users/firewell/影视/国产mac/mp4/!!极品.mp4,!!极品.mp4,196740717,41655cba092b0e2c9d69d92d98269243,"- 外貌特征：年龄约30 - 40岁，属于成熟女性；身材丰满，胸部饱满、臀部圆润，体型曲线明显；发型为长发，头发自然披散；妆容为浓妆，有红唇等表现，增强性感特质。
- 服装穿着：主要穿着黑色内衣（三角型款式）、黑色内裤（小内裤风格）；部分画面中穿着黑色或粉色的丝袜；无鞋子，呈现赤脚状态；未佩戴眼镜、眼罩等配饰。
- 是否穿着丝袜以及丝袜的颜色：部分画面中穿着丝袜，丝袜颜色为黑色或粉色（结合画面判断存在穿丝袜的情况）。
- 整体气质和风格：具有强烈的性感与挑逗性，属于情色题材下的成熟女性角色，气质成熟且富有魅力，风格偏向亲密互动与性感的呈现。","- 女性职业：推测为情色演员，饰演情色场景中的女性角色。
- 场景环境描述：场景为室内私密空间，布置有沙发、床等居家家具，灯光偏暗，营造出私密、暧昧的居家氛围。
- 可能的剧情情节：视频呈现情色互动场景，女性与男性有亲吻、性爱等亲密动作，属于情色表演类剧情，围绕亲密互动展开，无日常职业相关情节。
- 人物关系和互动：女性与男性为表演关系（演员），互动呈现亲密、性爱的表演动作，属于情色题材下的角色互动，无真实生活关系，仅通过表演展现亲密互动。",- 丰满、内衣、内裤、丝袜、居家、沙发、床、情色、亲密、性爱、长发、熟女、性感、一男两女,极品、少妇、熟女、丰满、巨乳、黑丝、丝袜、床上、性感、一男两女
/Users/firewell/影视/国产mac/mp4/!!极品身材小姐姐疯狂榨精爆操视觉盛宴好嫩啊.mp4,!!极品身材小姐姐疯狂榨精爆操视觉盛宴好嫩啊.mp4,65741594,f26e895a368194a0a5a45e42731fb83a,"- 外貌特征：年龄约25 - 35岁，身材丰满，胸部与臀部曲线突出，留着棕色长发，妆容为浓妆（包含眼妆、唇妆等），面部妆容精致。
- 服装穿着：身着黑色蕾丝系带内衣（含胸罩与内裤），搭配黑色渔网丝袜（覆盖至膝盖以上），部分画面中出现黑色眼罩，无其他衣物，整体为情趣装风格。
- 是否穿着丝袜以及丝袜的颜色：穿着丝袜，丝袜颜色为黑色（渔网丝袜）。
- 整体气质和风格：气质性感且主动，风格偏向情色表演，动作具有挑逗性，呈现出诱惑性的姿态，符合成人影片中情色角色的表现风格。","- 女性职业：推测为成人影片演员（情趣模特或情色表演者），从事情色内容的拍摄工作。
- 场景环境描述：室内环境，具体为酒店房间类场所，设有床（铺有白色床单）、墙面（部分为绿色与白色相间）、房门、三脚架（用于固定拍摄设备）等元素，整体布置简洁，以床为核心场景。
- 可能的剧情情节：女性与男性演员在室内环境中进行亲密互动的表演，包含亲吻、抚摸、性互动等动作，属于成人影片中的情色情节，围绕两人间的亲密行为展开剧情。
- 人物关系和互动：两人为合作关系（演员搭档），互动为剧本或情节要求的亲密行为，非真实生活中的亲密关系，属于表演性质的角色互动。",极品身材、熟女、姐姐、性感、黑丝、丝袜、眼罩、内衣、床上、情色、丰满、蕾丝、渔网袜、互动等。,极品、熟女、姐姐、黑丝、丝袜、性感、床上、小姐姐、内射、巨乳、身材、高颜值、御姐、漂亮、约炮、出轨、酒店、丝袜、奶子、淫荡、熟女、女技师、情趣装、姐姐、床上、性感、丝袜
/Users/firewell/影视/国产mac/mp4/!!河南精神小伙.mp4,!!河南精神小伙.mp4,64999752,1072a5b1cbd2ebc56630c5b369325517,"- 外貌特征：年龄推测为成熟女性（25 - 35岁左右），身材丰满，发型以黑色长发为主（部分画面呈现长发造型，发丝较长且自然），妆容浓，有红唇等化妆特征；由于画面模糊，具体年龄细节难以精准判断，整体给人成熟且具吸引力之感。
- 服装穿着：身着黑色透明类服饰（属于情趣装风格），搭配黑色丝袜，未明显显示鞋子、眼镜、眼罩等配饰；服装风格偏向性感、情色化，符合影视中角色造型特点。
- 是否穿着丝袜以及丝袜的颜色：穿着黑色丝袜。
- 整体气质和风格：性感、成熟，风格偏向情色影视角色，气质妩媚，具有情色表演所呈现的妩媚、挑逗性特点。","- 女性职业：推测为情色影视演员，所饰演角色属于情色题材相关角色，从事影视表演工作。
- 场景环境描述：室内环境，属于私密空间，有类似座椅、室内布置的元素，光线较暗，营造出私密、暧昧的氛围。
- 可能的剧情情节：属于情色题材的亲密互动情节，包含表演性的近距离亲密行为、互动等，属于影视中情色内容的剧情范畴。
- 人物关系和互动：与其他角色（男性等）存在亲密互动关系，属于表演性的情色场景下的人物互动，关系偏向亲密、表演性质，符合影视表演中角色互动设定。",长发、黑丝、性感、室内、情色、亲密、丝袜、情趣装、私密空间、座椅,黑丝、丝袜、性感、室内、情色、情趣装
/Users/firewell/影视/国产mac/mp4/!!真实偷情已婚熟女阿姨熟女受不住年輕小伙的誘惑，一次激情竟讓她回味無.mp4,!!真实偷情已婚熟女阿姨熟女受不住年輕小伙的誘惑，一次激情竟讓她回味無.mp4,12080553,e232cf5236b9510de4fd2330e9248376,"- 外貌特征：年龄为中年熟女（可关联“阿姨”），身材丰满，胸部较大；发型为黑色长发；妆容为淡妆，突出面部轮廓，风格成熟；面部佩戴黑色眼罩，未佩戴眼镜。
- 服装穿着：身着黑色网状服饰（覆盖胸部与手臂，兼具情趣装与服饰功能），后期出现带有粉色蕾丝设计的内衣，同时存在灰色覆盖物（如衣物或床品）；未穿着传统丝袜，但黑色网状服饰属于类似丝袜风格；鞋子未在画面中呈现。
- 是否穿着丝袜以及丝袜的颜色：穿着类似丝袜的黑色网状服饰，可视为黑色网袜，属于丝袜范畴。
- 整体气质和风格：成熟性感，带有魅惑与诱惑的气质，整体风格呈现成人影片的演出化特征，气质偏向女性魅惑感与成熟吸引力。","- 女性职业：推测为成熟职业女性，如家庭主妇、教师、白领（OL）等，符合“熟女”“阿姨”等角色设定下的职业方向。
- 场景环境描述：处于室内私密空间，以床铺为核心场景，配有床单等床上用品，属于卧室或酒店房间类的封闭私人空间，环境私密且无其他多余外部元素。
- 可能的剧情情节：熟女（已婚）在私密场所与年轻男性发生亲密互动，以“年轻小伙的诱惑”为线索，呈现婚外偷情情节，体现熟女因诱惑难以抗拒而发生激情行为，契合标题“一次激情竟让她回味无”的剧情走向。
- 人物关系和互动：熟女（演员饰演的角色）与年轻男性存在偷情关系（婚外情），互动形式为亲密的身体接触（如手部触摸等），呈现成人影片中角色间的亲密互动情节。",提取的关键词有：熟女、阿姨、丰满、胸部、眼罩、黑色网状服饰、粉色蕾丝内衣、床上、私密空间、亲密互动、性感、情趣装、偷情、已婚、黑丝、成熟、魅惑、床铺、室内、演出化风格 等，用于描述人物特征、服装、场景、动作等方面。,熟女、阿姨、偷情、已婚、丝袜、性感、情趣装、床上、御姐、巨乳、黑丝、内射、绿帽、露脸、淫妻、丝袜、奶子、高颜值、御姐、漂亮、约炮、出轨、老师、巨乳、黑丝、床上、性感、已婚、丝袜、眼镜、成熟、淫荡、骚货、良家、对白、骚话、丝袜、奶子、高颜值、自慰、姐姐、骚货、约炮、出轨、老师、巨乳、黑丝、床上、性感、已婚、丝袜、眼镜、成熟、淫荡、骚货、良家、对白、骚话、丝袜、奶子、高颜值、自慰、姐姐、足交、强奸、迷奸、成熟、中年、长发、浓妆、素颜、红唇、丰满、娇小、高大、制服、内衣、睡衣、运动装、酒店、女技师、秘书、护士、医生、律师、警察、教授、主播、模特、萝莉、少女、情趣装、姐姐、足交、强奸、迷奸、成熟、中年、长发、浓妆、素颜、红唇、丰满、娇小、高大、制服、和服、比基尼、内衣、睡衣
/Users/firewell/影视/国产mac/mp4/!!老婆用双腿夹住单男的头让他舔穴.mp4,!!老婆用双腿夹住单男的头让他舔穴.mp4,34588663,f2fb51b1db40c606bf336d3d516c00f5,"- 外貌特征：该女性人物年龄约在25 - 35岁之间，身材丰满，留着黑色长发（部分场景佩戴黑色眼罩），妆容为浓妆，眼妆与唇妆突出，面部神态在互动中主动且魅惑。
- 服装穿着：身着黑色透视网纱类服装，内搭带有绿色边饰的胸罩，穿着黑色丝袜，脚穿黑色高跟鞋（部分画面可见）；无佩戴眼镜，仅部分场景戴黑色眼罩；整体服装为性感、情趣装，属成人演艺表演服饰。
- 是否穿着丝袜以及丝袜的颜色：穿着黑色丝袜，画面中清晰呈现黑丝细节。
- 整体气质和风格：气质性感魅惑，风格偏向主动挑逗，塑造具有主导性的角色形象，契合成人影视中展现的性感、媚态风格。","- 女性职业：推测为成人影视演员，饰演“老婆”类角色，属剧情化表演职业。
- 场景环境描述：场景为室内私人空间，有衣柜、带圆形镜子的梳妆台、椅子等家具，光线柔和，属卧室或类似私密居住场所。
- 可能的剧情情节：剧情围绕女性（饰演“老婆”）与男性演员的亲密互动展开，包含女性主导的挑逗行为（如用双腿夹住男性头部让其进行口交等动作），属成人影视角色互动情节，呈现“老婆”与男性伴侣的表演化亲密关系。
- 人物关系和互动：人物关系为表演角色关系，女性演“老婆”角色，男性为配合角色，互动以女性主导、男性配合形式呈现，动作含挑逗、主动的亲密行为（如夹持、口交等）。",提取描述人物和场景的关键词为：少妇、老婆、人妻、黑丝、透视装、情趣装、室内、口交、主动、丰满、巨乳、御姐、淫妻、丝袜、奶子、性感、床上、高颜值、浓妆、约炮、出轨、成熟、中年、长发、对白、调教、后入、骚货、已婚、女技师、秘书、会所、淫荡、熟女等。,少妇、老婆、人妻、黑丝、性感、巨乳、口交、情趣装、御姐、丰满、床上、淫妻、高颜值、漂亮、约炮、出轨、老师、成熟、中年、长发、浓妆、红唇、丰满、微胖、丝袜、奶子、对白、骚话、调教、后入、小姐姐、骚货、已婚、性感、闺蜜、床上、女技师、秘书、会所、淫荡、熟女
/Users/firewell/影视/国产mac/mp4/!!聊了好久的女同事人妻终于同意我去她家操她哈哈.mp4,!!聊了好久的女同事人妻终于同意我去她家操她哈哈.mp4,134318472,00a390b7cc8271030aff3ff070fe19ab,"- 外貌特征：年龄为成熟阶段（属于熟女或中年女性范畴），身材丰满，胸部、臀部等部位圆润饱满；发型为长发（部分画面可见长发或发顶）；妆容以成熟风格为主，面部因动作部分遮挡，整体呈现浓妆或淡妆（画面未明确显示，但符合熟女妆面特征）；无眼镜、眼罩等特殊配饰。
- 服装穿着：穿着带有花纹的浅色系旗袍，内搭深蓝色内衣或内裤，同时穿着浅色丝袜（如白丝或肉色丝袜），鞋子为浅色高跟鞋；场景中也有脱衣动作，露出深色内衣、内裤等下装。
- 是否穿着丝袜以及丝袜的颜色：穿着丝袜，丝袜颜色为肉色（或浅肤色）。
- 整体气质和风格：成熟性感，带有风情韵味，属于熟女或御姐风格，气质偏向主动、讨好，符合“人妻”角色的表现，整体风格偏向成人影片中熟女的性感表现。","- 女性职业：人妻（结合标题“聊了好久的女同事人妻”及剧情推测，该女性为已婚女性，角色定位为人妻）。
- 场景环境描述：场景为居家私密环境，布置有红色床铺（带有图案装饰）、绿色布料等，属于室内床铺类场所，属于家庭或类似私密居所，环境偏向私密、居家。
- 可能的剧情情节：剧情围绕“与女同事（人妻）发生亲密关系”展开，属于成人影片中常见的偷情、出轨类情节，情节包含亲密互动、性接触等行为，展现两人之间的亲密关系与性接触过程。
- 人物关系和互动：人物关系为“女同事”与“人妻”发展出亲密关系，互动为亲密的性接触行为，包含抚摸、性接触等互动动作，关系偏向暧昧、亲密甚至出轨性质，符合“去她家后发生关系”的剧情设定。",少妇、人妻、旗袍、丝袜、内衣、丰满、性感、居家、私密、抚摸、性接触、熟女、内裤、红色床单、旗袍花纹、深色内裤、肉色丝袜等。重点关注人物特征（丰满身材、丝袜、旗袍）、服装（旗袍、内衣、内裤、丝袜）、场景（红色床单、居家私密场所）、动作（抚摸、性接触）,少妇、人妻、丝袜、丰满、熟女、内衣、旗袍、已婚、居家、私密、性接触、抚摸、巨乳、性感、内裤、姐姐、御姐、漂亮、出轨、旗袍、OL、职业装、丝袜、奶子、高颜值、情趣装
/Users/firewell/影视/国产mac/mp4/!!茜特菈莉COS.mp4,!!茜特菈莉COS.mp4,14053746,bfe3b90b8fd6215b596d1882eedea2af,"- 外貌特征：年龄为青年女性，身材丰满，发型为淡紫色双马尾（长发且编发造型），妆容为浓妆（带有红唇等特征），整体形象呈现出角色扮演角色的风格，外貌具备动漫或游戏角色的设计感。
- 服装穿着：穿着以蓝色、浅灰色为主的奇幻风格COS服装，包含露脐/低胸设计，搭配带有几何图案装饰的深色长袖护臂，无眼镜、眼罩等配饰，穿着浅色的丝袜（推测为白色或淡色，与服装风格协调）。
- 是否穿着丝袜以及丝袜的颜色：穿着丝袜，丝袜颜色为浅色（如白色或淡色）。
- 整体气质和风格：整体呈现游戏/动漫角色扮演的夸张与性感风格，通过服装设计和肢体动作展现出角色的个性，气质偏向活泼且具表演性的角色形象。","- 女性职业：饰演的是奇幻或游戏类女性角色，职业偏向奇幻领域的特殊角色（如魔法使、战士等，结合服装的奇幻元素判断）。
- 场景环境描述：场景为室内居家环境，布置有沙发、窗帘、家具等，属于现代舒适的客厅或休息空间，光线明亮，环境整洁。
- 可能的剧情情节：围绕角色扮演互动展开，剧情基于游戏或动漫中的角色互动情节，结合COS后的表演动作，呈现角色间的情感或任务相关互动，属于表演性质的剧情演绎。
- 人物关系和互动：两人存在互动关系，女性角色主导互动，动作偏向角色扮演的情境互动，无真实现实中的亲密关系，仅为表演性质的互动演绎。",提取的关键特征标签为：粉色长发、双马尾、奇幻COS服装、丝袜、室内沙发场景、角色扮演互动、浓妆、丰满身材、高颜值、御姐、性感、巨乳、露肤设计、居家环境。,丝袜、御姐、性感、高颜值、巨乳、熟女
/Users/firewell/影视/国产mac/mp4/!!阿姨，你怎么叫的这么骚，你老公知道吗.mp4,!!阿姨，你怎么叫的这么骚，你老公知道吗.mp4,74607129,db6eeb350ebac826ccae311378d95f0a,"- 外貌特征：年龄为成熟女性（约30 - 40岁），留着黑色长发；身材丰满，体态成熟；妆容以淡妆或红唇为主，突出性感特征。
- 服装穿着：身着黑色蕾丝内衣，搭配黑色丝袜；无其他衣物，属于内衣套装搭配丝袜，风格为性感、情趣化；未穿鞋子、佩戴眼镜或眼罩等配饰。
- 是否穿着丝袜以及丝袜的颜色：穿着黑色丝袜（黑丝），且为长筒款式。
- 整体气质和风格：整体气质性感、成熟，风格偏向情色、挑逗，带有强烈的情欲氛围，展现出成熟女性的魅力与性感特质。","- 女性职业：推测为“人妻”或“熟女”等情色题材中的成熟女性角色，属于家庭场景下的亲密互动角色。
- 场景环境描述：场景为室内卧室，有床铺、带有花纹的枕头和床单，属于私人居住空间，布置温馨，为私密环境。
- 可能的剧情情节：属于情色题材下的亲密情欲行为情节，围绕女性与男性的亲密互动（如亲吻、抚摸、情欲接触等）展开，可能涉及“偷情”“出轨”类情节，结合标题调侃暗示亲密行为与婚内或暧昧关系相关。
- 人物关系和互动：女性与男性之间为亲密关系（可能是夫妻或情侣），互动模式为亲密、情欲接触，包含亲吻、肢体抚摸等行为，呈现出亲密的情欲互动关系。",提取的关键词有：熟女、黑丝、蕾丝内衣、性感、床、情欲互动、私密空间、丝袜、内衣、亲密、情趣装等。,少妇、熟女、黑丝、丝袜、老婆、人妻、淫荡、骚货、性感、内衣、床上、情趣装、姐姐、阿姨、出轨、人妻、御姐、漂亮、丰满、酒店、情趣装、性感、丝袜、熟女、淫荡、黑丝
/Users/firewell/影视/国产mac/mp4/!00后只有暴力操服她才能宣誓我的性主权_副本.mp4,!00后只有暴力操服她才能宣誓我的性主权_副本.mp4,53963018,34f8a00925d95c9d8982a44d05c3a4d6,"- 外貌特征：年龄约为25 - 35岁（属于成熟阶段，非00后），身材丰满，呈现性感曲线；发型为棕色长发，整体面容成熟，妆容以浓妆为主，突出面部和身材的性感感。
- 服装穿着：穿着黑色紧身连体情趣服饰，服装类型为紧身、暴露，风格偏向性感；腿部穿着黑色丝袜，未佩戴眼镜、眼罩等配饰。
- 是否穿着丝袜以及丝袜颜色：穿着丝袜，丝袜颜色为黑色。
- 整体气质和风格：整体气质魅惑、性感，风格偏向成人题材的性张力，呈现挑逗、诱人的状态，符合情色表演中角色的风格。","- 女性职业：饰演成人影片中的角色，属于情色表演者或情趣模特，职业围绕成人题材的性互动表演。
- 场景环境描述：场景为酒店客房，房间内有床、木质家具（如衣柜、床头柜）、台灯等，环境整洁且私密，属于成人题材拍摄的场所。
- 可能的剧情情节：围绕成人的性互动展开，包含多种性动作和亲密接触，属于成人影片中的性表演剧情。
- 人物关系和互动：女性与男性角色之间是表演性的亲密关系，通过性动作进行互动，属于成人题材中的表演互动关系，无现实常规关系。",提取的关键词：黑丝、熟女、性感、酒店、床上、情趣装、丝袜、淫荡、少妇、巨乳、情色表演等。,黑丝、熟女、性感、床上、酒店、情趣装、丝袜、少妇、淫荡、巨乳
/Users/firewell/影视/国产mac/mp4/!01女上全程淫叫包射偷情就是水多.mp4,!01女上全程淫叫包射偷情就是水多.mp4,83858172,9e5ae6be290a4535e142a0a9a6c0e7aa,"- 外貌特征：年龄约30 - 40岁，属于成熟女性；身材丰满，体态线条优美；发型为黑色长发；妆容为浓妆，突出眼妆与唇妆，整体呈现成熟性感风格。
- 服装穿着：身着黑色带亮片的紧身连衣裙（或短款连衣裙），搭配红色细带内裤与黑色丝袜，无佩戴眼镜、眼罩等物品，鞋子未在画面中显示。
- 是否穿着丝袜以及丝袜的颜色：穿着丝袜，丝袜颜色为黑色。
- 整体气质和风格：整体呈现出成熟性感、充满挑逗感的气质，属于成人影片中常见的“熟女”或“人妻”风格角色，风格偏向性感的近距离互动。","- 女性职业：饰演“熟女”或“人妻”角色，属于家庭/亲密关系中的女性形象。
- 场景环境描述：场景为室内卧室，可见床铺、绿色床单及房间内陈设，属于私密且舒适的居住空间，氛围暧昧。
- 可能的剧情情节：围绕性互动展开，属于“女上”情节（符合标题“女上全程淫叫”），包含“后入”等性爱动作，呈现成人影片中常见的亲密性爱场景，女性主导性活动，与男性进行亲密接触。
- 人物关系和互动：人物关系为亲密关系（如伴侣），互动以性爱行为为主，女性主导性活动，男性配合，呈现出亲密、挑逗性的互动关系。",提取的关键特征标签有：熟女、性感、黑丝、亮片裙、红色内裤、女上、后入、床、卧室、性爱、亲密、挑逗、丝袜、性互动等（选取与人物形象、服装、场景、动作等相关的核心关键词）。,少妇、熟女、人妻、偷情、黑丝、丝袜、后入、床上、性感、内射、女上、黑丝、丝袜、熟女、性感、床上
/Users/firewell/影视/国产mac/mp4/!40岁人妻需求旺盛真的很骚啊一天就想北操.mp4,!40岁人妻需求旺盛真的很骚啊一天就想北操.mp4,102944930,1f7a10809fdd18d0db7cccaddcfc934b,"- 外貌特征：年龄约30 - 40岁，身材丰满，胸部与臀部线条饱满；发型多为长发（如棕色披肩发、金色马尾等）；妆容为浓妆，包含红唇等，整体呈现成熟女性的魅力。
- 服装穿着：身着多种性感服饰，如白色蕾丝罩衫、黑色蕾丝吊带/连体衣、蓝色内衣等，无外套类衣物；未佩戴眼镜、眼罩等配饰，鞋子未在画面中清晰显示。
- 是否穿着丝袜以及丝袜的颜色：画面中未显示女性穿着丝袜，因此无丝袜及丝袜颜色信息。
- 整体气质和风格：风情、性感且成熟，风格偏向情色表演，动作大胆热情，展现出成人影片中成熟女性的特质。","- 女性职业：推测为成人影片演员（模特、演员），饰演情色场景下的女性角色（如人妻、老婆等情境角色）。
- 场景环境描述：场景为室内空间，包含卧室（有床、床单、枕头等）与现代风格私人空间（有电视、办公桌、厨房设施等），属于私密居住或酒店房间类环境。
- 可能的剧情情节：属于成人影片的情色情节，包含亲密互动、性相关动作等表演性内容，剧情围绕情色场景下的角色互动展开。
- 人物关系和互动：与男性角色存在亲密接触（如亲吻、抚摸、性相关动作等），属于职业性的表演互动，无真实情感关系，是影片剧情内的角色互动。",丰满、成熟、性感、内衣、蕾丝、床、亲密、成年、女性、蓝色内衣、黑色吊带、白色蕾丝、巨乳、御姐、熟女、情趣装、床上、口交、淫妻、模特、长发、浓妆、红唇、丰满、高颜值、性感、约炮、出轨、情趣装、姐姐、口交等。,少妇、母狗、极品、偷情、老婆、人妻、女神、巨乳、调教、身材、熟女、淫荡、骚货、性感、已婚、蕾丝、内衣、床上、御姐、漂亮、约炮、出轨、情趣装、姐姐、口交、淫妻、模特、成熟、长发、浓妆、红唇、丰满、高颜值、床上、性感、闺蜜、酒店、情趣装
/Users/firewell/影视/国产mac/mp4/!40岁熟女散发的韵味真的是非常诱人欠操的骚母狗.mp4,!40岁熟女散发的韵味真的是非常诱人欠操的骚母狗.mp4,80998143,f625ee3c368007f59fc276fa932abe21,"- 外貌特征（年龄、身材、发型、妆容等）：年龄约为40岁左右，身材丰满有曲线感；发型为长发（自然垂落或束起）；妆容偏向淡妆或自然风格，不浓艳，贴合生活化场景。
- 服装穿着（衣物、类型、颜色、风格、鞋子、眼镜、眼罩等）：穿着黑色紧身服饰（带有透明或黑色设计，属于情趣类服装），搭配黑色丝袜，鞋子为银色高跟鞋；未佩戴眼镜、眼罩等物品。
- 是否穿着丝袜以及丝袜的颜色：穿着丝袜，丝袜颜色为黑色。
- 整体气质和风格：成熟性感，散发着成熟女性的韵味，带有强烈诱惑感，属于熟女风格，动作和装扮展现出性感和主动（或配合）的气质。","- 女性职业：推测为“人妻”或“熟女”（符合成人影片中常见角色设定）。
- 场景环境描述：场景为室内住宅环境，包含沙发、装饰架（摆满装饰品的置物架）、床等家具，布置有生活气息，同时满足成人影片的场景需求，属于住宅内的客厅或卧室区域，灯光柔和，布置温馨但带有成人影片特有的布置特征。
- 可能的剧情情节：成人影片中的性爱互动情节，包含男性与女性之间多组亲密性爱动作，呈现强烈的性爱互动过程，属于常见的成人影片剧情类型。
- 人物关系和互动：男性与女性之间呈现亲密的性爱关系，女性在互动中表现出主动或配合的状态，属于成人影片中常见的角色互动模式，人物关系偏向于性伴侣关系（剧情或表演中的亲密互动）。",熟女、性感、黑丝、丝袜、银色高跟鞋、室内、沙发、床、性爱、亲密互动、丰满身材、成熟、40岁、诱惑、情趣装等。重点关注人物特征（长发、丰满、黑丝、银色高跟鞋）、服装（黑色紧身衣、黑丝）、场景（室内沙发、床）、动作（性爱互动）,少妇、母狗、极品、偷情、老婆、人妻、熟女、淫荡、骚货、丝袜、黑丝、身材、性感、熟女、高颜值、御姐、约炮、出轨、人妻、已婚、情趣装、姐姐、床上、多人、一男两女、黑丝、丝袜
/Users/firewell/影视/国产mac/mp4/!42岁熟女阿姨排卵期性欲最强的时候榨精机器.mp4,!42岁熟女阿姨排卵期性欲最强的时候榨精机器.mp4,184353589,fc62d40066af96b8330eab70e664dd54,"- 外貌特征：年龄约42岁（结合标题“42岁熟女阿姨”），身材丰满成熟，体型偏丰满；发型为短发，整体形象呈现成熟女性特征；妆容注重表现媚态，可能有红唇等美妆风格。
- 服装穿着：身着红色蕾丝内衣，搭配黑色丝袜；无其他衣物（如外套、裤子等），鞋子未在画面中显示（场景为床上互动，可能未穿鞋）；未佩戴眼镜、眼罩等特殊配饰（部分画面显示戴眼罩，属于场景道具）。
- 是否穿着丝袜以及丝袜的颜色：穿着黑色丝袜。
- 整体气质和风格：整体气质成熟性感，风格偏向媚态与诱惑，呈现熟女特有的魅力与风情。","- 女性职业：推测为成人影片演员，饰演成熟女性角色（如熟女阿姨、女技师等）。
- 场景环境描述：场景为室内酒店房间，有床、窗帘、木质桌子等家具，环境布置偏向私密化，适合私密互动。
- 可能的剧情情节：呈现成年演员间的亲密性爱互动场景，结合标题“排卵期性欲最强的时候榨精机器”，剧情围绕女性在特定时期（排卵期）的性欲表现与互动展开，属于成人影片的性爱情节演绎。
- 人物关系和互动：两人为表演关系（演员角色），互动为亲密性爱行为，关系呈现为表演中的情侣或服务与被服务模式（如女技师与客人），互动行为包含亲吻、性爱动作等亲密接触。",熟女、阿姨、性感、丝袜、蕾丝内衣、酒店、床上、性爱、亲密、蕾丝、情趣装、眼罩、暧昧、媚态、私密、互动、黑色丝袜、红色内衣,少妇、阿姨、熟女、淫荡、丝袜、性感、酒店、床上、性爱、蕾丝、调教、淫妻、出轨、眼罩、暧昧、私密、互动、蕾丝内衣
/Users/firewell/影视/国产mac/mp4/!“阿姨，你真的好猛，要坐死我了”.mp4,!“阿姨，你真的好猛，要坐死我了”.mp4,71947614,559aa20ddccd99896c8ed1c07aff31f1,"- 外貌特征：年龄约为30 - 40岁，属于熟女或阿姨范畴；身材丰满，曲线明显；发型为黑色长发（部分画面呈现）；妆容为浓妆，呈现红唇等精致妆容效果。
- 服装穿着：身着黑色或米色的吊带类性感内衣；穿着黑色丝袜（黑丝），部分画面可见黑色高跟鞋；无眼镜、眼罩等特殊配饰。
- 是否穿着丝袜以及丝袜的颜色：穿着黑色丝袜。
- 整体气质和风格：成熟性感，风格带有诱惑与魅惑感，属于熟女或阿姨类型，穿着暴露且包含情趣元素，气质魅惑。","- 女性职业：推测为情色题材演员，饰演在情色场景中与男性亲密互动的角色。
- 场景环境描述：室内环境，包含床（搭配蓝色床品与软包床头）、沙发（蓝色沙发）等，属于卧室或酒店房间类场景。
- 可能的剧情情节：属于情色题材的表演剧情，包含亲密挑逗、性爱互动等情节。
- 人物关系和互动：与男性演员存在亲密互动关系，包含亲吻、抚摸、性爱等动作，属于合作表演的情色互动关系。",阿姨、熟女、丰满、黑丝、吊带、床、沙发、亲密、性爱、浓妆、性感、御姐、姐姐、情趣装、丝袜、床上、高颜值、丰满、微胖、长发、红唇、情色、表演,阿姨、熟女、巨乳、黑丝、丝袜、床上、性感、御姐、姐姐、情趣装、老婆、人妻、淫荡、大奶、高颜值、淫妻、口交、女技师、秘书、凌辱、上司、屈辱、强暴、护士、医生、酒店、情趣装、床、沙发、亲密、性爱、成熟、中年、长发、浓妆、红唇、丰满、微胖、高大、模特、OL、办公室、丁字裤、会所、口交、强奸、强暴、老师、教授、主播、模特、萝莉、少女、成熟、中年、长发、浓妆、红唇、丰满、微胖、娇小、高大、人妖、制服、和服、比基尼、内衣、睡衣、运动装、浴室、厨房、车内、酒店、学校、医院、按摩、瑜伽、女同
/Users/firewell/影视/国产mac/mp4/!人妻被操高潮多次无套内射.mp4,!人妻被操高潮多次无套内射.mp4,65733561,91aba7ab3cd3f5e6fee3e7ca60c32863,"- 外貌特征：年龄处于成熟阶段（属熟女范畴），身材丰满且曲线优美；发型为长发，自然垂落；妆容为淡妆或素颜，面部细节不清晰但整体风格偏向简约自然；无眼镜、眼罩、眼罩等配饰。
- 服装穿着：穿着灰色连体衣物（部分画面可见），搭配银色带钻高跟鞋与深色鞋子；未佩戴眼罩、眼镜等配饰；穿着灰色长筒袜（或连体裤属于长筒袜类服饰）。
- 是否穿着丝袜以及丝袜的颜色：穿着丝袜，丝袜颜色为灰色。
- 整体气质和风格：成熟性感，具有人妻风格的媚惑气质，整体风格偏向情色、成人化，给人成熟且大胆的印象。","- 女性职业：演员饰演“人妻”角色（属于成人影片中的人妻形象），职业为成人影片演员，饰演家庭主妇类角色。
- 场景环境描述：场景为酒店客房，内设有床、平板电视、衣柜、门、沙发等设施，空间私密，光线柔和，属于成人影片常见的拍摄场景。
- 可能的剧情情节：成人影片中，人妻角色与男性角色发生多次性爱互动，包含高潮、无套内射等性爱情节，属于情色影片常见的激情性爱剧情。
- 人物关系和互动：演员之间为表演关系，女性（人妻角色）与男性角色通过性爱动作互动，包含前入、后入等姿势，互动偏向激情与挑逗，属于成人影片中常见的角色互动模式。",提取的关键词为：人妻、熟女、丰满、内射、丝袜、酒店、床上、后入、高跟鞋、银色高跟鞋、连体裤、性感、女性、男性、亲密、情色、酒店房间、性爱动作。,人妻、内射、少妇、熟女、丝袜、酒店、床上、后入、高跟鞋、丰满、巨乳、性感、连体裤、老婆、淫妻、淫荡、已婚
/Users/firewell/影视/国产mac/mp4/!光听叫床骚话就能让你射的极品骚货眼镜妹呻吟天花板了.mp4,!光听叫床骚话就能让你射的极品骚货眼镜妹呻吟天花板了.mp4,92198599,d1f57ae1df35bf32cd578b890a8d5a19,"- 外貌特征：为青年女性（约20 - 30岁），发型有马尾、长发等，妆容为浓妆（眼妆、红唇），面部呈现女性特征，面部因画面存在模糊但整体为女性形象。
- 服装穿着：穿着黑色吊带类情趣装、黑色丝袜，还有白色短袖上衣、黑色短裙等；风格为性感情趣装，包含蕾丝、吊带等元素；佩戴眼镜；鞋子为黑色短袜类（黑丝）。
- 是否穿着丝袜以及丝袜的颜色：穿着，颜色为黑色。
- 整体气质和风格：性感挑逗，属于成人影视中展现魅力的女性角色，风格大胆，具有挑逗性。","- 女性职业：推测为成人影视演员，饰演具有挑逗、性感风格的女性角色（无明确现实职业，仅为影视角色设定）。
- 场景环境描述：室内私密场景，包含沙发、床、浴室等空间，属于私人居住或类似私密场所。
- 可能的剧情情节：成人影视常见的性爱互动情节，包含后入、近距离挑逗等动作，台词带有“爸爸”“叔叔”等亲昵（或情色）词汇，属于家庭伦理式情色情节，角色间有亲密、支配与被支配的互动。
- 人物关系和互动：男性与女性之间呈现亲密的性爱互动关系，属于影视角色间的情色互动，无现实关系，仅为剧情设定下的互动。","- 人物特征：眼镜、黑丝、性感、吊带、长发、浓妆、性爱、挑逗。
- 服装：吊带、黑丝、短裙、白上衣、制服（水手服类）、深V。
- 场景：床、沙发、私密空间、性爱场景。
- 动作：挑逗、性爱动作、后入、近距离互动。",骚货、眼镜、黑丝、性感、丝袜、爸爸、妈妈、后入、骚话、口交、情趣装、姐姐、学生、淫荡、打桩、出轨、姐姐、老师、顶级、精液、床上、丝袜、奶子、高颜值、自慰、御姐、漂亮、约炮、出轨、老师、黑丝、白丝、双飞、换妻、女友、大奶、内射、绿帽、阿姨、颜值、熟女、淫妻、学妹、口交、情趣装、姐姐、足交、强奸、迷奸、多人、群交、一男两女、空姐、OL、办公室、旗袍、孕妇、哺乳、乳汁、丁字裤、野外、会所、女技师、秘书、凌辱、上司、屈辱、强暴、护士、医生、律师、警察、教授、主播、模特、萝莉、少女、成熟、中年、长发、短发、卷发、马尾、浓妆、淡妆、素颜、红唇、苗条、丰满、微胖、娇小、高大、制服、和服、比基尼、内衣、睡衣、运动装、浴室、厨房、车内、酒店、学校、医院、按摩、瑜伽、女同、少妇、母狗、极品、偷情、老婆、人妻、真实、女神、巨乳、调教、身材、白丝、双飞、换妻、女友、大奶、内射、绿帽、露脸、阿姨、颜值、熟女、淫妻、学妹、口交、高颜值、自慰、御姐、漂亮、约炮、清纯、打桩、出轨、老师、顶级、精液、床上、闺蜜、已婚、肉丝、学生、淫妻、学妹、口交、情趣装、姐姐、足交、强奸、迷奸、高挑美女、多人、群交、一男两女、空姐、OL、职业装、办公室、旗袍、孕妇、哺乳、乳汁、丁字裤、野外、选秀、会所、女技师、秘书、凌辱、上司、屈辱、强暴、护士、医生、律师、警察、教授、主播、模特、萝莉、少女、成熟、中年、长发、短发、卷发、马尾、双马尾、浓妆、淡妆、素颜、红唇、苗条、丰满、微胖、娇小、高大、人妖、制服、和服、比基尼、内衣、睡衣、运动装、浴室、厨房、车内、酒店、学校、医院、按摩、瑜伽、女同
/Users/firewell/影视/国产mac/mp4/!全程字幕对白！母狗刚结婚还穿着婚纱就忍不住了，当然帮他带绿帽.mp4,!全程字幕对白！母狗刚结婚还穿着婚纱就忍不住了，当然帮他带绿帽.mp4,48881755,609880fb7a944f5009d6b41bbc70ac71,"- 外貌特征：年龄为成熟女性（约30 - 40岁），身材丰满，发型为带有华丽装饰的传统风格头饰（类似戏曲或婚礼头饰），妆容为浓妆；
- 服装穿着：身着红色传统风格服饰（含红色长裙、华丽头饰、红色高跟鞋），未佩戴眼镜、眼罩，穿着丝袜（颜色为白色）；
- 是否穿着丝袜以及丝袜的颜色：穿着丝袜，颜色为白色；
- 整体气质和风格：整体呈现表演性气质，风格偏向传统喜庆（类似婚礼/戏曲）与剧情演绎结合，因动作和场景具有主动配合剧情的特质，属于剧情中的新娘角色，风格偏向戏剧化、情感化演绎。","- 女性职业：演员（属于影视或剧情表演类职业）；
- 场景环境描述：场景为室内环境，布置包含沙发、圆形桌子等现代居家或酒店类设施，属于封闭的室内空间，光线明亮；
- 可能的剧情情节：围绕婚姻题材展开，女性角色（新娘）在结婚后发生不忠行为（如“带绿帽”），剧情包含亲密互动、情感冲突等元素，属于成人题材的剧情化演绎；
- 人物关系和互动：人物关系为配偶关系（新娘与丈夫等角色），互动呈现亲密、异常的亲密行为（从画面中亲密接触、互动动作可推测），存在情感或婚姻关系层面的冲突与互动。",红色传统服饰、头饰、婚纱装扮、室内场景、亲密动作、丝袜、新娘、熟女、淫妻、绿帽、床上、性感、一男两女、情趣装、对白,少妇、母狗、熟女、淫妻、绿帽、丝袜、已婚、性感、床上、一男两女、情趣装、对白、淫荡、出轨、御姐、漂亮、高颜值、口交、姐姐、绿帽、丝袜
/Users/firewell/影视/国产mac/mp4/!全程完美露脸魔都巨乳母狗穿上皮衣，被我后入狂操打桩听声可射.mp4,!全程完美露脸魔都巨乳母狗穿上皮衣，被我后入狂操打桩听声可射.mp4,8882649,45195dc9f1250ecb267a34d8c2b4d05b,"- 外貌特征：年龄为成熟女性（约30 - 40岁），身材丰满，胸部饱满呈现巨乳特征；发型为黑色长发，面部妆容为自然淡妆，面部清晰可见（全程露脸）；
- 服装穿着：身穿黑色皮质衣物（皮衣），属于情趣装风格，无其他覆盖衣物，鞋子未在画面中显示，无眼镜、眼罩等配饰；
- 是否穿着丝袜以及丝袜的颜色：从提供照片未显示丝袜，推测未穿着丝袜（或画面未呈现丝袜部分）；
- 整体气质和风格：呈现出性感、魅惑的气质，通过服装与动作传递挑逗性，风格偏向情色表现。","- 女性职业：推测为情色影视演员，饰演具有性感风格的性爱角色；
- 场景环境描述：室内私密空间，灯光为暗紫色调，存在床，环境类似酒店房间或私人居住空间；
- 可能的剧情情节：两人在床上的亲密性爱互动，包含后入等动作情节；
- 人物关系和互动：两人为性伴侣关系，通过亲密的身体接触与性爱动作呈现互动，关系偏向亲密调情性。",- 提取关键词：巨乳、皮衣、床上、后入、露脸、打桩、母狗、性感、丝袜（推测）、情色装、性爱、丰满、御姐、骚货等。,巨乳、母狗、后入、露脸、打桩、皮衣、床上、性感、熟女、淫荡、御姐、骚货、偷情、老婆、人妻、身材、黑丝、内射、口交、情趣装、姐姐、出轨、强奸、迷奸、高颜值、丰满、丝袜、奶子、约炮、酒店、情色装、性爱、长发、浓妆、丰满、微胖、御姐、骚货、巨乳、母狗、后入、露脸、打桩、皮衣、床上、性感、熟女、淫荡
/Users/firewell/影视/国产mac/mp4/!内蒙大奶模特高诗瑶完美露脸私房拍摄无套内射.mp4,!内蒙大奶模特高诗瑶完美露脸私房拍摄无套内射.mp4,17770419,a409f679c98b1eba7bad0c43b65bc6f1,"- 外貌特征：年龄约25 - 35岁，身材丰满，胸部体积较大；发型为齐肩棕色长发，自然垂落；妆容为淡妆，带有眼妆和唇妆，整体神态成熟且具吸引力。
- 服装穿着：服装多样，包含黑色短袖上衣、格纹长裤、内裤、黑色蕾丝连衣裙、肉色丝袜等；鞋子有拖鞋和无鞋状态；无眼镜、眼罩；穿着丝袜时为肉色。
- 整体气质和风格：呈现性感、成熟风貌，动作主动且具挑逗性，风格偏向成人内容展示的表演者形象。","- 女性职业：推测为成人模特或表演者。
- 场景环境描述：场景为酒店房间，房间内有床、沙发、床头柜、地毯等设施，灯光柔和，属室内居住类空间。
- 可能的剧情情节：属于成人影视拍摄，以女性主动展示、互动为主，含私房风格、裸露等表现，属成人表演类情节。
- 人物关系和互动：画面以单人物（女性）为主，无明显其他角色互动，呈独立表演状态。",丰满、大奶、酒店、床上、裸露、丝袜、黑衣、蕾丝、高颜值、性感、模特、挑逗、内射、裸体、私房等。,少妇、极品、内射、裸露、女神、巨乳、身材、黑丝、丝袜、高颜值、性感、模特、姐姐、熟女、丰满、大奶、酒店、床上、御姐、漂亮、约炮、出轨、老师、顶级、精液、丝袜、奶子、高颜值、自慰、口交、情趣装、裸露、露脸、阿姨、淫荡、淫妻
/Users/firewell/影视/国产mac/mp4/!出轨大奶人妻好骚啊！满嘴骚话喷水注意音量听声必射.mp4,!出轨大奶人妻好骚啊！满嘴骚话喷水注意音量听声必射.mp4,124682982,3d67fe85b79e7eba08de3320a420fe58,"- 外貌特征：年龄约为30 - 40岁，属于成熟女性；身材丰满，胸部与臀部曲线突出；留黑色长发，妆容为浓妆（有红唇、眼妆等），面部特征妩媚成熟。
- 服装穿着：身着粉色短款上衣（褶皱设计，颜色鲜艳），搭配带有花卉图案的短裤（花色丰富，含粉色、绿色等）；未穿着丝袜，鞋子为黑色短靴或平底鞋（部分画面显示）。
- 是否穿着丝袜以及丝袜的颜色：未穿着丝袜，画面中无丝袜显示。
- 整体气质和风格：性感媚态，带有“人妻”角色的风情，通过服装（凸显身材的粉色上衣、花色下装）、妆容（浓妆）与亲密互动动作，展现出妩媚、主动的气质，属于成人影视中典型的熟女/人妻风格，氛围营造性感、魅惑。","- 女性职业：饰演“人妻”角色，为成人影视演员，通过塑造该角色演绎相关剧情。
- 场景环境描述：场景为室内私密空间，主要是卧室，床铺铺有带花卉图案的床单，房间内可见衣物堆放，属于居家、私密且舒适的私人空间，适合亲密互动。
- 可能的剧情情节：剧情围绕“出轨”主题展开，人妻角色与男性（可能是丈夫或其他男性）发生亲密互动，包含接吻、抚摸身体、性接触等情节，属于成人向的爱情/伦理类剧情，强调角色间的情感与性互动。
- 人物关系和互动：她与男性角色属于亲密互动关系，可能是“人妻”与丈夫之外的男性发生关系（符合“出轨”情境），互动方式有亲吻、抚摸躯体、性接触等，属于表演性的亲密行为，角色关系偏向亲密伴侣或临时互动对象。",提取的关键词为：人妻、大奶、熟女、性感、粉色上衣、花色下装、长发、浓妆、床上、骚话、奶子、出轨、口交、情趣装、亲密互动。,少妇、人妻、极品、偷情、老婆、熟女、巨乳、身材、露脸、阿姨、淫荡、打桩、出轨、奶子、高颜值、御姐、漂亮、约炮、性感、床上、骚话、情趣装、姐姐、自慰、口交、淫妻
/Users/firewell/影视/国产mac/mp4/!出轨巨乳少妇太骚了！干柴烈火疯狂做爱全程无尿点.mp4,!出轨巨乳少妇太骚了！干柴烈火疯狂做爱全程无尿点.mp4,55523232,7bba51689e90ad8f118e48fb3f605676,"- 外貌特征：年龄属于30 - 40岁的成熟阶段，身材丰满，胸部较大（呈现巨乳特征）；发型为黑色中长发；妆容为浓妆，带有红唇、眼妆等精致妆容。
- 服装穿着：身着红色吊带（紧身设计，风格性感）；搭配黑色丝袜；佩戴带有羽毛装饰的白色蕾丝眼罩；未穿着明显鞋子等，整体穿着属于情趣装范畴。
- 是否穿着丝袜以及丝袜的颜色：穿着丝袜，丝袜颜色为黑色（黑丝）。
- 整体气质和风格：整体气质性感撩人，带有强烈挑逗性，风格偏向熟女、淫妻类角色，展现出亲昵且具有侵略性的互动气质，属于成人影片中常见的成熟女性性角色风格。","- 女性职业：推测饰演“人妻”“淫妻”或“熟女”等角色，属于成人影视针对成熟女性设定的性角色定位。
- 场景环境描述：场景为室内卧室，存在床、床单、枕头等设施，属于私密且私人的空间（可能是酒店房间或家中卧室），光线柔和，营造私密氛围。
- 可能的剧情情节：围绕婚外情、挑逗性亲密互动、激情性爱等展开，属于成人影片常见剧情类型，演员饰演的可能是基于亲密关系产生的激情互动情节。
- 人物关系和互动：女性与男性为亲密关系（可能是情人、伴侣），互动充满挑逗、亲昵与性爱行为（如口交、性爱等动作），呈现成人影片中常见的亲密角色互动模式。",少妇、巨乳、黑丝、淫妻、人妻、淫荡、丝袜、奶子、熟女、性感、出轨、老婆、偷情、床上、大奶、后入、骚货、口交、情趣装、姐姐、成熟、中年、长发、卷发、浓妆、红唇、丰满、微胖、酒店、口交、情趣装、姐姐、成熟、中年、长发、卷发、浓妆、红唇、丰满、微胖,少妇、巨乳、黑丝、淫妻、人妻、淫荡、丝袜、奶子、熟女、性感、出轨、老婆、偷情、床上、大奶、后入、骚货、口交、情趣装、姐姐、成熟、中年、长发、卷发、浓妆、红唇、丰满、微胖、酒店、口交、情趣装、姐姐、成熟、中年、长发、卷发、浓妆、红唇、丰满、微胖
/Users/firewell/影视/国产mac/mp4/!双视角欣赏人妻穿着情趣灰丝高跟鞋被操.mp4,!双视角欣赏人妻穿着情趣灰丝高跟鞋被操.mp4,58732581,46ac2a7206d4177bd3b9506a2ca07818,"- 外貌特征：年龄约30 - 40岁，身材丰满，发型为长发，妆容为浓妆（含红唇、眼妆等），整体呈现出成熟女性的魅力与风情。
- 服装穿着：身着情趣风格吊带上衣、短款下装，搭配灰色或黑色高跟鞋（带有装饰元素），部分角色穿着丝袜（包含黑色丝袜与可能的其他颜色丝袜），整体风格偏向性感、情趣化，契合人妻角色的装扮特点。
- 是否穿着丝袜以及丝袜的颜色：穿着丝袜，颜色涵盖黑色（黑丝）等，属于穿着丝袜的情况。
- 整体气质和风格：成熟性感，具有人妻角色的特质，整体风格偏向情色、性感，展现出成熟女性的风情与魅力，给人留下成熟、风情万种的视觉印象。","- 女性职业：推测为OL（办公室女性，属于成熟女性职业），也符合人妻角色（已婚职业女性）的设定。
- 场景环境描述：场景为室内酒店房间，设有床、镜子等设施，房间布置生活化，床铺与镜子等元素表明这是一个私密且舒适的室内环境，属于酒店或类似住宿场所。
- 可能的剧情情节：属于情色题材的剧情，围绕人妻角色穿着情趣装进行亲密互动，包含双视角下的情色表演，角色间开展亲密接吻、性爱等动作，属于情色影视中的情节设定。
- 人物关系和互动：人物关系为亲密关系（如夫妻或其他亲密伴侣），角色间进行亲密互动，包括接吻、性爱等动作，属于情色表演中的互动情节，角色间有近距离的亲密接触与动作表现。",提取的关键特征标签为：人妻、熟女、情趣装、高跟鞋、丝袜、酒店、床、亲密互动、双飞、成熟、性感、OL、职业装、办公室、情色等（重点关注人物特征、服装、场景、动作等要素）。,人妻、熟女、丝袜、情趣装、高跟鞋、酒店、床、双飞、性感、OL、职业装、办公室、少妇、淫荡、黑丝、白丝、内射、绿帽、淫妻、强奸、熟女、淫妻、情色、亲密互动、熟女、淫荡、丝袜、高颜值、性感、黑丝、白丝、双飞、换妻、女友、大奶、内射、绿帽、露脸、阿姨、颜值、熟女、淫妻、老师、顶级、精液、床上、性感、闺蜜、已婚、肉丝、眼镜、口交、情趣装、姐姐、强奸、迷奸、床上、酒店、熟女、淫荡、丝袜、高颜值、性感、黑丝、白丝、双飞、换妻、女友、大奶、内射、绿帽、露脸、阿姨、颜值、熟女、淫妻、老师、顶级、精液、床上、性感、闺蜜、已婚、肉丝、眼镜、口交、情趣装、姐姐、强奸、迷奸、高挑美女、多人、群交、一男两女、空姐、OL、职业装、办公室、旗袍、孕妇、哺乳、乳汁、丁字裤、野外、选秀、会所、女技师、秘书、凌辱、上司、屈辱、强暴、护士、医生、律师、警察、教授、主播、模特、萝莉、少女、成熟、中年、长发、短发、卷发、马尾、双马尾、浓妆、淡妆、素颜、红唇、苗条、丰满、微胖、娇小、高大、制服、和服、比基尼、内衣、睡衣、运动装、浴室、厨房、车内、酒店、学校、医院、按摩、瑜伽、女同
/Users/firewell/影视/国产mac/mp4/!后续来了，黑丝极品巨乳G奶，视角无敌.mp4,!后续来了，黑丝极品巨乳G奶，视角无敌.mp4,45852230,b682fd56a668cd9f356c6b7fd933f2cc,"- 外貌特征：年龄约为成年女性（25 - 40岁区间），身材丰满，胸型突出（巨乳），发型为黑色中长发，妆容为浓妆（包含红唇、眼妆等，风格成熟）；
- 服装穿着：身着黑色蕾丝类性感服饰（兼具内衣与连衣裙风格），搭配黑色丝袜，无其他外露衣物；无眼镜、眼罩等配饰；
- 是否穿着丝袜以及丝袜的颜色：穿着黑色丝袜；
- 整体气质和风格：性感成熟，带有成人影片表演性的大胆风格，属于熟女或人妻类角色气质，整体风格突出性感吸引力。","- 女性职业：推测为成人影片演员，饰演熟女、人妻类成熟女性角色；
- 场景环境描述：室内环境，具体为卧室，空间内有床、床上用品等，属于私密的生活空间，布置生活化且适配成人影片场景；
- 可能的剧情情节：成人影片中的亲密互动情节，包含性爱相关动作（如口交、性交等），属于表演性的成人剧情；
- 人物关系和互动：与男性演员存在亲密的性爱互动关系，属于成人影片中表演性质的角色互动，无明显现实关系，仅呈现影片内的亲密行为。",提取的关键特征标签：巨乳、黑丝、蕾丝、熟女、性感、床上、丝袜、内衣、亲密互动、成人片场景。,少妇、极品、巨乳、黑丝、熟女、性感、丝袜、床上、淫妻、姐姐、口交、情趣装、淫荡、强奸、迷奸、后入、小姐姐、骚货、足交、成熟、丰满、长发、浓妆、大奶、高颜值
/Users/firewell/影视/国产mac/mp4/!和大一小女友的做爱日常白皙极品身材爆操嫩穴不停娇喘淫叫抱着屁股在.mp4,!和大一小女友的做爱日常白皙极品身材爆操嫩穴不停娇喘淫叫抱着屁股在.mp4,42257371,5cb2f0c48d6b84c9e3210f7a3c288f0d,"- 外貌特征：年龄约为青年（20 - 30岁左右），身材白皙且丰满，曲线优美，胸部饱满，腹部有肚脐，体型适中；发型为黑色长发，自然垂落；妆容偏向素颜或淡妆，面部皮肤白皙无浓妆。
- 服装穿着：穿着浅灰色内裤，无其他上衣；未穿丝袜、鞋子、眼镜、眼罩等；整体穿着为裸露上半身搭配内裤，无其他覆盖衣物。
- 是否穿着丝袜以及丝袜的颜色：未穿着丝袜，无丝袜颜色。
- 整体气质和风格：气质热情主动，风格偏向成人影视中展现性感、亲密互动的演绎，呈现出具有吸引力的形象。","- 女性职业：饰演的角色为恋爱关系中的亲密伴侣（如女友、老婆），属于成人影视中演绎亲密关系的演员角色。
- 场景环境描述：室内私密空间，具体为配备白色床单、枕头的床铺，环境封闭且柔和，类似卧室或酒店房间。
- 可能的剧情情节：围绕两人在床上的亲密互动展开，包含多种性爱姿势（如后入、抱腰等），属于成人影视中展现日常亲密关系的剧情。
- 人物关系和互动：两人呈现亲密的情侣或夫妻关系，互动方式为亲密性爱，包含拥抱、抚摸、多种性爱姿势，关系亲近且情感互动强烈。",身材、白皙、内裤、床上、性感、女友、做爱、抱腰、后入、娇喘、巨乳、大奶、内射、熟女、高颜值、裸体、亲密、酒店,身材、极品、女友、床上、性感、后入、大奶、内射、熟女、白丝、裸体、亲密、酒店
/Users/firewell/影视/国产mac/!!露脸很骚的淫妻少妇，多人轮流操再口爆射她一嘴.mp4,!!露脸很骚的淫妻少妇，多人轮流操再口爆射她一嘴.mp4,79372288,f7336768af781ea1d9cdf3cffec969ca,"- 外貌特征：年龄为成熟阶段（可归为“熟女”“少妇”），面部妆容以浓妆为主，有红唇等妆容，发型为黑色长发；身材属于丰满类型，胸部和身体线条展现出成熟女性的特征。
- 服装穿着：穿着深色（如黑色、深绿色）吊带式内衣，搭配黑色内裤，部分场景穿着黑色丝袜（黑丝），无外套、鞋子等复杂衣物，整体为情趣装风格。
- 是否穿着丝袜以及丝袜的颜色：穿着丝袜，颜色为黑色。
- 整体气质和风格：整体气质偏向性感成熟，风格大胆挑逗，符合成人影视中“少妇”角色特质，展现出主动或被动的性互动特质。","- 女性职业：推测为“人妻”或“熟女”类角色，属于成熟女性职业形象（由演员饰演，剧情中扮演家庭主妇或类似成熟女性身份）。
- 场景环境描述：场景为室内私密空间，主要为卧室或休息室，存在床、沙发等软体家具，环境布置温馨且封闭，光线柔和，属于私人居住场所。
- 可能的剧情情节：围绕“多人轮流与女性进行性互动”展开，包含口交、性交等多重性爱行为，剧情中女性作为核心角色，被多名男性围绕开展性活动，符合“多人操再口爆射”等情节设定。
- 人物关系和互动：女性与多名男性存在性伴侣关系，互动形式为亲密性接触（如抚摸、性交等），多人围绕女性进行不同位置的性互动，关系偏向性爱互动关系。",提取能够描述人物和场景的关键词有：少妇、淫妻、熟女、人妻、黑丝、多人、群交、口交、情趣装、性感、丰满、床上、已婚、丝袜、奶子、高颜值、御姐、淫荡、后入、大奶、内射、露脸、阿姨、颜值、淫妻、淫荡、多人、群交、口交、床上、性感、丰满、丝袜、奶子、高颜值、御姐、淫荡、后入、大奶、内射、露脸、阿姨等（重点关注人物特征、服装、场景、动作等）。,少妇、淫妻、人妻、熟女、黑丝、多人、群交、口交、情趣装、性感、丰满、床上、已婚、丝袜、奶子、高颜值、御姐、淫荡、后入、大奶、内射、露脸、阿姨、淫妻、淫荡、老师、顶级、精液、出轨、床上、性感、闺蜜、已婚、丝袜、奶子、高颜值、御姐、淫荡、后入、大奶、内射、露脸、阿姨、淫妻
/Users/firewell/影视/国产mac/!!饥渴黑丝高跟荡妇眼镜娘，淫水直喷，最后还要舔手指，真的骚！_1.mp4,!!饥渴黑丝高跟荡妇眼镜娘，淫水直喷，最后还要舔手指，真的骚！_1.mp4,107886406,f9b30b03bdb12b9e062f019c21a24fe1,"- 外貌特征：年龄处于成年阶段（呈现成熟女性特质），身材丰满，发型为带有大卷发饰的黑色长发，妆容为浓妆（红唇、眼部妆容突出），整体给人成熟且具魅力的印象。
- 服装穿着：身穿黑色吊带类衣物（带有蕾丝设计），风格偏向性感、情趣装；脚蹬黑色高跟鞋子，穿着黑色过膝丝袜；佩戴黑色边框眼镜，无眼罩；整体服装以黑色为主，搭配丝袜与高跟鞋，突出性感风格。
- 是否穿着丝袜以及丝袜的颜色：穿着丝袜，丝袜颜色为黑色（黑丝）。
- 整体气质和风格：呈现性感、挑逗、淫荡的气质，风格偏向轻挑媚态，属于熟女或御姐类，整体给人媚态十足、带有挑逗性的风格。","- 女性职业：推测为成人内容表演者（如女技师、情趣模特），在专业场景下进行角色扮演或个人表演。
- 场景环境描述：场景为室内环境，包含黄色单人沙发、镜子、窗帘、绿植等元素，属于布置有舒适感的私人空间或专业表演场地（类似工作室、会所）。
- 可能的剧情情节：女性以挑逗性动作（如自慰、身体互动等）呈现成人表演内容，情节围绕性感、媚态的互动与展示展开。
- 人物关系和互动：角色作为独立表演者，与拍摄者或场景互动以动作为主，无明显其他互动对象，主要通过自身动作营造挑逗氛围。",黑丝、高跟、眼镜、熟女、性感、淫荡、情趣装、吊带、丝袜、媚态、御姐、室内、沙发、自慰、约炮、口交、姐姐、高颜值、漂亮、性感、丝袜、奶子、高颜值、自慰、御姐、漂亮、约炮、清纯（结合风格）、打桩、出轨、少妇、淫妻等，重点关注人物特征、服装、场景、动作等的关键词为：黑丝、高跟、眼镜、熟女、性感、淫荡、情趣装、丝袜、御姐、自慰、约炮、口交、姐姐、室内、沙发、吊带,因标签表庞大，实际需逐一核对画面元素后筛选，以上为分析后输出，最终匹配标签行按规则列出。）
/Users/firewell/影视/国产mac/!!骚情女秘书出差性事穿上网袜高跟给老板展示口技.mp4,!!骚情女秘书出差性事穿上网袜高跟给老板展示口技.mp4,113562006,092df18fbb8e9ac69308acc1290cb2c4,"- 外貌特征：年龄约30 - 40岁，属于成熟女性；身材丰满，体型健硕；留着黑色长发，发型为直发披肩式；妆容为浓妆，红唇、眼妆等妆容精致，面部妆容偏向表演化，呈现出有质感的形象。
- 服装穿着：身着白色透视长袖上衣（带有透明质感与黑色装饰设计），搭配黑色皮革类短裙（或下装），脚穿黑色高跟；同时穿着黑色网眼丝袜（网袜），未佩戴眼镜、眼罩等物品。
- 是否穿着丝袜以及丝袜的颜色：穿着网眼丝袜（属于丝袜范畴），丝袜颜色为黑色。
- 整体气质和风格：整体气质妩媚、性感，风格偏向情色表演，结合“女秘书”的角色设定，呈现出职业女性与情色表现结合的独特风格，动作大胆且风情万种。","- 女性职业：女秘书（根据标题及角色设定判断）。
- 场景环境描述：场景包含现代办公环境（设有灰色布艺沙发，属于高档办公区域或休闲空间）与酒店私密空间（设有床、床品等，属于酒店套房类私密场所），整体空间为室内，环境私密且高档，有沙发、茶几、床等家具，光线明亮，属于办公场所或酒店高级空间。
- 可能的剧情情节：女秘书因出差与老板在私密空间内发生亲密互动情节，包含展示口技等情色表演内容，属于模拟职场关系下的私密情色类剧情，演员通过角色扮演呈现秘书与老板的亲密互动过程。
- 人物关系和互动：女性角色饰演女秘书，男性角色饰演老板，二者为上下级或亲密关系，互动方式为亲密、情色行为，属于表演场景下的角色互动，剧情围绕出差后的私密互动展开。",提取能描述人物和场景的关键词，包括人物特征（丰满、网袜、高跟、浓妆）、服装（透视上衣、皮革下装、网袜）、场景（沙发、床、酒店、办公室）、动作（口交、亲密互动）等。具体关键词：女秘书、网袜、高跟、口交、办公室、酒店、性感、透视装、皮革、丰满、亲密互动、情色、口技、秘书、老板、私密空间、成熟女性、浓妆、黑色丝袜。,少妇、巨乳、性感、熟女、御姐、口交、情趣装、女秘书、办公室、酒店、偷情、出轨、丝袜、高颜值、丰满、黑丝、高跟、口技、情趣装、熟女、淫荡、性感、丰满、御姐、漂亮、出轨、女秘书、办公室、酒店、口交、丝袜、高跟、情趣装、秘书、上司、黑丝
/Users/firewell/影视/国产mac/!!：淫荡的妻子正对镜头摇奶！疯狂的样子让人着迷！.mp4,!!：淫荡的妻子正对镜头摇奶！疯狂的样子让人着迷！.mp4,8559535,504a94b111662d79fef3ac070f673608,"- 外貌特征：年龄为成熟女性（属于熟女、中年范畴），身材丰满，胸部硕大（呈现“巨乳”特征）；发型有长发与短发情况，妆容为裸体状态下的自然风格（无额外浓妆，接近素颜或淡妆）；
- 服装穿着：画面中女性均为裸体，无衣物、鞋子、眼镜、眼罩、丝袜等穿着或配饰；
- 整体气质和风格：气质偏向性感、主动，风格贴合成人影视中展现的“淫荡”特质，整体呈现热情且富有表现力的状态。","- 女性职业：推测饰演“人妻”等角色（结合标题“淫荡的妻子”），属于成人影视中的演员角色；
- 场景环境描述：场景为室内私密空间，包含床铺与简洁墙面，属于成人内容的拍摄场景（如卧室、酒店房间等）；
- 可能的剧情情节：剧情围绕成人互动展开，包含“正对镜头疯狂摇奶”“后入”等动作，属于性爱相关的表演情节，可能是夫妻间的激情互动或多人互动情节；
- 人物关系和互动：人物包含女性与男性，女性为妻子角色，与男性存在亲密互动（如抚摸、后入等动作），关系为表演性质的亲密或情侣关系。",提取的关键词包括“巨乳”“淫荡”“熟女”“裸体”“后入”“大奶”“淫妻”“床上”“性感”“人妻”“老婆”“淫荡妻子”“互动”等（重点关注人物特征、服装、场景、动作）。,少妇、人妻、淫荡、巨乳、老婆、熟女、阿姨、女神、身材、后入、小姐姐、骚货、淫妻、大奶、露脸、奶子、高颜值、性感、床上、淫荡、巨乳、后入、淫妻、大奶、双飞、换妻、女友、大奶、内射、绿帽、露脸、阿姨、颜值、熟女、淫荡、后入、小姐姐、骚货、淫妻、大奶、奶子、高颜值、床上、性感、闺蜜、已婚、御姐、漂亮、约炮、打桩、出轨、顶级、精液、多人、一男两女、会所、女技师、秘书、凌辱、上司、屈辱、强奸、模特、中年、长发、短发、微胖
/Users/firewell/影视/国产mac/!FEETFUCK.mp4,!FEETFUCK.mp4,53546555,338ffed43247f7f7644788bfbf118e2e,"- 外貌特征：年龄约为20 - 25岁，属于年轻女性；身材曲线优美，胸部丰满，臀部与腿部线条良好；发型为长直发（浅棕色），自然垂落；妆容为淡妆，有红唇与眼妆，显得精致且不过分浓艳。
- 服装穿着：身着浅粉色（带淡紫色调）的蕾丝装饰连体衣，连体衣设计贴合身体，带有蕾丝花边与褶皱裙摆，风格性感、情趣化；未穿鞋子，处于赤脚状态；无眼镜、眼罩等配饰。
- 是否穿着丝袜以及丝袜的颜色：从所提供的照片中未观察到丝袜，推测该女性未穿着丝袜（或仅穿着内衣类服饰，未呈现丝袜），若存在丝袜也不符合画面呈现情况。
- 整体气质和风格：整体呈现出性感、主动的气质，风格偏向情趣表演，动作自然且带有引导互动的感觉，属于成人向的表演型风格。","- 女性职业：推测为情趣/成人影片演员，饰演具有性感气质的角色，属于亲密互动类剧情角色。
- 场景环境描述：场景为现代化的室内住宅空间，包含厨房区域（有黄色橱柜、黑色冰箱、微波炉、水槽等厨房设施）与休息区域（床、椅子等），整体环境整洁、灯光明亮，属于舒适的室内居住环境。
- 可能的剧情情节：围绕两人间的亲密互动展开，包含足部互动（如照片中女性与男性的足部接触、互动动作）、身体接触等情节，属于成人向的表演类剧情，强调亲密与性感氛围。
- 人物关系和互动：两人在剧情中为演员关系，通过肢体互动呈现亲密关系，女性作为主动角色，与男性角色存在足部、身体等亲昵互动，属于表演性质的剧情互动。","提取能够描述人物和场景的关键词，重点关注人物特征、服装、场景、动作等：
- 人物特征：长发、丰满身材、性感、赤脚、淡妆、红唇
- 服装：粉色蕾丝连体衣、情趣内衣
- 场景：现代厨房、室内居所、床
- 动作：足部互动、亲密接触、主动姿态",性感、情趣装、足交、巨乳、丰满、熟女、御姐、高颜值、大奶、床上、姐姐、淫荡、身材、床
/Users/firewell/影视/国产mac/!“你不要射里面会被我老公发现”没想到人妻还是一个M舔脚吞精样样精.mp4,!“你不要射里面会被我老公发现”没想到人妻还是一个M舔脚吞精样样精.mp4,80975813,1b9e97b78fe40b5f44741e64ad5a06c9,"- 外貌特征：年龄约25 - 35岁，属于成熟女性；身材丰满，胸部较大，腰部线条明显；发型为棕色长发；妆容为浓妆，有红唇、眼妆等，显得精致。
- 服装穿着：初始穿着带有花卉图案的深色衣物（类似睡衣或和服，带有浅色镶边），后期更换为黑色丝袜（黑丝，带有蕾丝装饰），同时穿着黑色蕾丝边小内裤；最终场景中脱至内裤，部分场景穿着蓝色内衣等，多为赤脚或仅穿丝袜。
- 是否穿着丝袜以及丝袜的颜色：穿着丝袜，颜色为黑色（黑丝，带有蕾丝装饰）。
- 整体气质和风格：整体气质呈现出媚感与服从感，风格偏向性感、挑逗，属于人妻形象的表演风格，动作上主动参与性互动，展现出成熟女性的媚态。","- 女性职业：演员饰演“人妻”角色，属于成人影视中的表演角色，无对应真实职业，以人妻形象呈现。
- 场景环境描述：场景设定在室内卧室，床为主要场景地点，床单带有花纹，房间内有窗户、家具等，属于私密、封闭的室内空间，营造私密氛围。
- 可能的剧情情节：剧情围绕“人妻”在丈夫不在时与男性发生的性互动展开，包含舔脚、口交、性交等亲密行为，结合标题“你不要射里面会被我老公发现”，暗示情节是人妻偷情或与男性发生性关系，属于成人影片中“人妻出轨/偷情”的剧情类型，演员通过角色表演呈现这些情节。
- 人物关系和互动：人物关系为演员扮演的人妻角色与男性角色，互动形式为亲密的性接触，包含舔脚、口交、性交等动作，强调人妻与男性的互动关系，剧情设定下为“婚外情”或“偷情”关系，演员在表演中呈现这种互动关系。",人妻、熟女、黑丝、丝袜、卧室、床、舔脚、口交、性交、性感、偷情、出轨、绿帽、床上、蕾丝、花卉衣物、丰满、浓妆、人妻角色、熟女形象、性互动、私密空间。,人妻、少妇、母狗、极品、偷情、老婆、熟女、巨乳、调教、身材、黑丝、丝袜、内射、绿帽、露脸、阿姨、颜值、淫荡、后入、小姐姐、骚货、对白、骚话、丝袜、奶子、高颜值、御姐、漂亮、约炮、出轨、淫妻、床上、性感、足交、蕾丝、花卉衣物、丰满、浓妆、私密空间
/Users/firewell/影视/国产mac/!“哦买噶好大好深”年纪轻轻就爱上大洋屌情愿当精盆.mp4,!“哦买噶好大好深”年纪轻轻就爱上大洋屌情愿当精盆.mp4,134690191,360c89c6465ae41825f10c592d175fbf,"- 外貌特征：年龄约为20 - 30岁，身材丰满，面部化有浓妆，红唇，眼妆突出，长发扎成低马尾并佩戴粉色发饰；
- 服装穿着：前期穿着露肩带花纹上衣，后期有穿着贴身内衣（类似丁字裤或情趣内衣），未穿着鞋子，无眼镜、眼罩；
- 是否穿着丝袜以及丝袜的颜色：未穿着丝袜；
- 整体气质和风格：性感热情，在互动过程中表现主动，整体风格偏向成人情境表演，气质成熟且富有吸引力。","- 女性职业：成人影视女演员，饰演具有亲密互动情节的角色；
- 场景环境描述：场景为酒店客房，内有床、现代装饰（如电视、沙发、卫生间等），环境私密且布置现代化；
- 可能的剧情情节：剧情围绕两人亲密互动展开，包含亲吻、肢体接触、性爱等激情类情节，属于成人影片中的亲密互动场景；
- 人物关系和互动：两人为亲密合作演员或伴侣关系，互动亲密，有接吻、拥抱、性爱动作等表现，呈现成人表演中的激情互动关系。",女性、丰满、浓妆、露肩装、酒店房间、亲密互动、性爱动作、长发、内衣、情趣装、床、激情、成人表演,性感、床上、酒店、情趣装、口交、内射、调教、淫荡、熟女、姐姐、小姐姐、大奶、奶子、丰满、微胖、御姐、高颜值、漂亮、约炮、出轨、淫妻、人妻、老婆、女友、闺蜜、已婚、情趣装、床上、酒店、口交、内射、调教、淫荡、熟女、姐姐、小姐姐、大奶、奶子、丰满、微胖、御姐、高颜值、漂亮、约炮、出轨、巨乳、身材、女神、真实、少妇、母狗、极品、偷情、绿帽、露脸、颜值、大学生、后入、骚货、对白、奶子、高颜值、自慰、御姐、漂亮、约炮、打桩、出轨、老师、顶级、精液、床上、性感、闺蜜、已婚、淫妻、学妹、口交、会所、女技师、秘书、凌辱、上司、屈辱、强暴、护士、医生、律师、警察、教授、主播、模特、成熟、长发、马尾、浓妆、红唇、微胖、娇小、高大、人妖、制服、和服、比基尼、内衣、睡衣、运动装、浴室、按摩、酒店、学校、医院、足交、强奸、迷奸、多人、群交、一男两女、空姐、OL、职业装、办公室、旗袍、孕妇、哺乳、乳汁、丁字裤、野外、选秀、会所、女技师、秘书、凌辱、上司、屈辱、强暴、护士、医生、律师、警察、教授、主播、模特、萝莉、少女、成熟、中年、长发、短发、卷发、马尾、双马尾、浓妆、淡妆、素颜、红唇、苗条、微胖、娇小、高大、人妖、制服、和服、比基尼、内衣、睡衣、运动装、浴室、酒店、学校、医院、按摩、瑜伽、女同
/Users/firewell/影视/国产mac/!一镜到底！520开房爆操女神小姐姐让人欲罢不能全程高能.mp4,!一镜到底！520开房爆操女神小姐姐让人欲罢不能全程高能.mp4,79259052,dfffec768c111e02a84766e8c9a3ca2e,"- 外貌特征：年龄约25 - 30岁，身材丰满，发型为扎起的低马尾，妆容为浓妆（眼妆、唇妆细致），面部神态成熟且具有吸引力，整体形象展现出成熟女性的魅力。
- 服装穿着：前期穿着黑色吊带连衣裙（带有金色链条装饰），鞋子为黑色高跟凉鞋；不佩戴眼镜、眼罩，未穿着丝袜。
- 是否穿着丝袜以及丝袜的颜色：未穿着丝袜。
- 整体气质和风格：成熟性感，具有熟女、女神风格，整体气质富有吸引力与风情，展现性感魅力。","- 女性职业：推测为与酒店相关的职业（如女技师、女服务员），或作为普通酒店客人，饰演的是在酒店房间内参与亲密互动的角色。
- 场景环境描述：场景主要位于酒店客房内，包含床、镜子、坐椅、窗帘等私密空间，环境为室内酒店房间，灯光柔和，属于私密住宿场景。
- 可能的剧情情节：女性进入酒店开房后，与男性发生亲密互动（包含性爱等动作），剧情围绕酒店内的私密性互动展开，属于具有亲密、性暗示的情节。
- 人物关系和互动：女性与男性关系亲密，属于亲密伴侣或服务与被服务关系（如女技师与客人），互动包含亲密动作、性爱动作等，关系密切且带有性暗示。",提取的关键词有：熟女、女神、性感、酒店、床、黑色吊带裙、金色链条、高跟凉鞋、亲密互动、性爱动作、丰满、微胖、长发、浓妆、红唇、露脸、情趣装、凌辱、强暴、酒店、床上、性感、女技师、秘书等。,少妇、女神、极品、偷情、老婆、人妻、真实、巨乳、调教、身材、露脸、熟女、淫荡、后入、小姐姐、骚货、良家、高颜值、御姐、漂亮、约炮、出轨、会所、女技师、秘书、凌辱、强暴、丰满、微胖、长发、浓妆、红唇、酒店、床上、性感、已婚、情趣装、口交
/Users/firewell/影视/国产mac/!一镜到底！520当天小姐姐来家里做客强推做爱全程高能注意音量听声必射.mp4,!一镜到底！520当天小姐姐来家里做客强推做爱全程高能注意音量听声必射.mp4,79560128,7dcdf805438aa47f15dbdafdc9af55ef,"- 外貌特征：为一位成熟女性，年龄约25 - 35岁，留着黑色长发（披肩），身材丰满，胸部与臀部线条明显，面部有淡妆或自然妆容，整体给人成熟性感的印象。
- 服装穿着：画面中可见穿着黑色蕾丝内衣（含吊带与内裤），同时存在裸体状态；外穿有浅色上衣；未佩戴眼镜与眼罩；穿着黑色丝袜；鞋子未在画面中显示。
- 整体气质和风格：整体气质偏向性感媚态，带有明显的挑逗性，风格符合成人影视中情色角色的设定，展现出成熟且具有诱惑力的特质。","- 女性职业：推测为成人影视演员，饰演情色类剧情中的女性角色。
- 场景环境描述：场景为室内私人空间（家庭卧室），设有床、沙发等家具，布置普通，光线柔和，属于私密性较强的居家场景。
- 可能的剧情情节：剧情围绕亲密性爱互动展开，包含多种性爱姿势、身体抚摸等动作，属于成人影视中的激情类情节。
- 人物关系和互动：角色间为亲密关系，互动以性爱行为为主，属于演员表演性质的亲密互动模式。",提取的关键词包括：长发、丰满身材、黑色蕾丝、内衣、裸体、私密空间、性爱姿势、性感、成熟女性、内衣、床上、丝袜、巨乳、媚态、挑逗等。,少妇、熟女、性感、黑丝、巨乳、床上、淫妻、姐姐、骚货、约炮、出轨、强暴、后入、丝袜、奶子、高颜值、自慰、调教、淫荡、内射、床上、性感、已婚、丝袜、淫妻、强奸、迷奸、后入、骚货、约炮
/Users/firewell/影视/国产mac/!九头身170CM高挑大长腿女神漂亮脸蛋很温柔腼腆高颜值白浆多她狂.mp4,!九头身170CM高挑大长腿女神漂亮脸蛋很温柔腼腆高颜值白浆多她狂.mp4,80036523,46dad20d719a82bc4001c5d69c68d4f5,"- 外貌特征：年龄为成熟女性（25 - 35岁左右），身材高挑（符合170CM描述），拥有漂亮脸蛋，五官精致，长发（部分画面可见），妆容为淡妆，整体形象展现出成熟女性的魅力与精致感。
- 服装穿着：穿着橄榄绿色短款紧身上衣，搭配黑色丝袜，无可见鞋子，无眼镜、眼罩等装饰，服装风格性感贴身，凸显身材曲线。
- 是否穿着丝袜以及丝袜的颜色：穿着丝袜，丝袜颜色为黑色。
- 整体气质和风格：整体气质温柔且性感，风格成熟魅惑，符合“漂亮脸蛋很温柔腼腆高颜值”的描述，展现出温柔中带魅惑的特质。","- 女性职业：推测饰演的角色为情色影视中的女友、情人或女技师（符合成人影视角色设定）。
- 场景环境描述：场景为室内私密空间，以床为核心场景，床铺布置有床单、枕头，背景有窗帘，环境简洁，属于私人居住或酒店类私密场所。
- 可能的剧情情节：剧情围绕两人亲密关系展开，包含亲密互动、性爱等情节，属于成人影视中常见的情侣/情人间的亲密场景，情节偏向浪漫与性感的结合。
- 人物关系和互动：人物关系可能为情侣、情人或服务与被服务关系（如女技师与客户），互动以亲密接触、性爱动作为主，呈现亲密且激情的关系互动。",提取的关键词为：高挑美女、高颜值、女神、黑丝、丝袜、床、性感、亲密互动、橄榄绿色上衣、私密空间、成人影视元素等。,女神、高颜值、黑丝、丝袜、床、性感、高挑美女、内射、口交、女友、大奶、出轨
/Users/firewell/影视/国产mac/!任务被闺蜜男友整个寝室轮.mp4,!任务被闺蜜男友整个寝室轮.mp4,124126951,659db3404e2e5e9839b3936418d3b22e,"- 外貌特征：年龄约为25 - 30岁，身材丰满，曲线明显；发型为黑色长发（部分场景呈披散状态，部分场景有造型设计）；妆容为浓妆，包含红唇、眼妆等，整体呈现性感风格。
- 服装穿着：身着白色系性感服装，包含蕾丝设计吊带（或连体装）、短裙；搭配黑色高跟鞋（或白色丝袜）；无眼镜、眼罩等配饰。
- 是否穿着丝袜以及丝袜的颜色：穿着丝袜，丝袜颜色为白色。
- 整体气质和风格：性感魅惑，展现成熟女性的性感特质，整体风格偏向情色、挑逗，在剧情中作为被多人互动的对象，气质上配合互动，风格为性感成熟型。","- 女性职业：推测为参与情色表演或性爱场景的演员（基于情节为多人亲密互动的情色内容）。
- 场景环境描述：室内环境，设有铺设白色床单的床，属于酒店房间或类似私密空间（床具、枕头等布置，光线明亮）。
- 可能的剧情情节：围绕闺蜜男友带领寝室成员对女性进行轮番性爱互动展开，属于多人性爱、换妻类情节，女性是剧情中被多人发展的对象，场景以床上多人亲密行为为核心。
- 人物关系和互动：人物关系为闺蜜的男友（及寝室男性成员）与女性（闺蜜或朋友）的亲密互动，互动形式为性爱、亲密接触等，多人围绕女性进行互动，属于群交、换妻类情节，关系为熟人（寝室成员）间的亲密互动。",- 提取的关键词：白色情趣装、黑色长发、白色丝袜、床上场景、多人互动、性爱行为、情色风格、闺蜜关系、私密空间、蕾丝装饰、高跟鞋、丰满身材等。,少妇、母狗、极品、偷情、老婆、人妻、真实、女神、巨乳、调教、身材、黑丝、白丝、双飞、换妻、女友、大奶、内射、绿帽、床上、性感、闺蜜、已婚、丝袜、奶子、高颜值、御姐、漂亮、约炮、打桩、出轨、口交、情趣装、姐姐、强奸、迷奸、多人、群交、一男两女、熟女、丰满、微胖、浓妆、红唇、内衣、酒店、按摩
/Users/firewell/影视/国产mac/!你这么骚你男友知道么爆炸身材短发超级骚.mp4,!你这么骚你男友知道么爆炸身材短发超级骚.mp4,176206705,1fe45640fb0fd4d2deb914cb61cfa0b1,"- 外貌特征：年龄为成熟阶段（30 - 40岁左右，呈现熟女特征），身材丰满，曲线明显；发型为短发，造型利落时尚；妆容为浓妆，红唇等细节突出，风格风情。
- 服装穿着：身着深红色蕾丝内衣与内裤，搭配黑色丝袜，无其他额外服饰（眼罩为遮眼装置），风格为性感情趣装。
- 是否穿着丝袜以及丝袜的颜色：穿着丝袜，颜色为黑色。
- 整体气质和风格：整体气质性感风情，风格偏向成熟诱惑，带有“骚”感的表演风格，属于熟女或骚货形象。","- 女性职业：推测为演员，饰演情色题材中的角色（如情妇、情人等）。
- 场景环境描述：场景为酒店房间（或类似居住空间的卧室），布置有床、枕头、床架、窗帘，环境私密，适合亲密互动。
- 可能的剧情情节：围绕情色表演展开，涉及亲密互动、激情场景等情节。
- 人物关系和互动：画面中存在一男一女，女性与男性存在亲密的性爱或角色扮演互动，关系为表演中的亲密搭档（非真实情感关系）。",,少妇、熟女、骚货、黑丝、性感、床上、丝袜、淫荡、情趣装、妈咪、极品、偷情、老婆、人妻、巨乳、调教、身材、后入、小姐姐、口交、会所、女技师、凌辱、屈辱、丰满、微胖、短发、浓妆、红唇、酒店、床上、丝袜、情趣装
/Users/firewell/影视/国产mac/!剧情ASMR-泳衣肉丝人妻被主人调教道具自慰骚话不断.mp4,!剧情ASMR-泳衣肉丝人妻被主人调教道具自慰骚话不断.mp4,99456430,14d37764272a04970246d9139eff014f,"- 外貌特征：年龄约为30岁左右的成熟女性，身材丰满且曲线明显；发型为长直发，颜色呈浅棕色或金色；妆容属于浓妆，红唇十分突出，整体妆容精致且具有表现力。
- 服装穿着：身穿带有红、白、黑网格图案的性感紧身衣，紧身衣为露肩设计，同时搭配黑色蕾丝材质的长袖外搭（蕾丝为透明黑色并带有花纹）；未穿着鞋子；未佩戴眼镜、眼罩等物品。
- 是否穿着丝袜以及丝袜的颜色：穿着丝袜，丝袜颜色为肉色（接近人体肤色）。
- 整体气质和风格：整体呈现出性感妩媚的气质，带有成熟女性的魅力，风格偏向成人影视中“人妻”或“熟女”类角色的表演风格，具有调教、自慰等情节的激情表演特质。","- 女性职业：推测为成人影视中的表演角色，饰演“人妻”类角色。
- 场景环境描述：场景设定在室内卧室，床上有白色床单、黑白条纹的毛绒垫，还有印有文字的黑色枕头等物品，环境布置温馨且具有私密感，光线柔和，营造出成人影视表演所需的私密场景氛围。
- 可能的剧情情节：剧情围绕“主人”对“人妻”角色的调教展开，包含使用粉色造型自慰道具，角色进行自慰表演，同时配合说骚话，呈现支配与服从的互动情节，强调调教、自慰、说骚话等元素。
- 人物关系和互动：角色与“主人”之间存在支配与被支配的关系，“主人”进行调教，“人妻”角色配合完成自慰、说骚话等互动行为，属于成人影视中角色扮演类的人物关系与互动形式。",红唇、长发、肩部飞鸟纹身、网格紧身衣、黑色蕾丝外搭、肉色丝袜、粉色自慰道具、卧室床、黑色印字枕头、性感表演、调教、自慰、骚话,人妻、调教、丝袜、自慰、骚话、熟女、性感、床上、肉丝、高颜值、御姐、少妇、淫妻、淫荡
/Users/firewell/影视/国产mac/!剧情ASMR-灰丝空姐情人的足交口交侍奉，光听声音都硬了.mp4,!剧情ASMR-灰丝空姐情人的足交口交侍奉，光听声音都硬了.mp4,89290773,82afa270000592d1b36c4e86a80bed95,"- 外貌特征（年龄、身材、发型、妆容等）：年龄属于成熟女性（约30 - 40岁），身材丰满呈曲线型；发型为长发（画面中可见部分长发）；妆容有红唇，指甲涂红色指甲油，面部特征偏向成熟性感。
- 服装穿着（衣物、类型、颜色、风格、鞋子、眼镜、眼罩等）：上衣为带有花纹图案的短袖衣物，下装为黑色内裤，同时穿着深色（如黑色）丝袜，无眼镜、眼罩等特殊配饰。
- 是否穿着丝袜以及丝袜的颜色：穿着丝袜，丝袜颜色为深色（推测为黑丝或深灰色丝袜）。
- 整体气质和风格：成熟性感，带有御姐或熟女风格，整体呈现情色表演角色的气质，动作和姿态偏向主动且具有挑逗性。","- 女性职业：推测为空姐（结合标题“空姐情人”），或职场女性（OL）。
- 场景环境描述：场景为室内私密空间，具体为酒店房间或卧室，可见白色床单、床体等，属于适合性互动的私密场所。
- 可能的剧情情节：围绕空姐与情人（假阳具或男性角色）的私密性互动展开，包含足交、口交等性服务情节，属于情色表演类剧情，模拟亲密情人间的侍奉与互动场景。
- 人物关系和互动：女性与假阳具（或男性）存在情人关系，互动以性接触为主，包含足交、口交等动作，属于表演性质的互动，无真实人物关系，仅角色扮演类剧情互动。",黑丝、丝袜、足交、口交、空姐、熟女、红指甲、短袖、床、私密空间、性互动、假阳具、调情,黑丝、丝袜、足交、口交、熟女、空姐、OL、性感、红唇、床上、丝袜、口交、足交、成熟、床上
/Users/firewell/影视/国产mac/!大量淫水，竟然还把毛剃了。床单都被打湿一片。.mp4,!大量淫水，竟然还把毛剃了。床单都被打湿一片。.mp4,29142390,7d61ef5c0fb889138a421dda35f897f0,"- 外貌特征：年龄约为20 - 30岁青年女性，身材丰满，长发扎成马尾造型，面部有淡妆、红唇，腹部和手臂存在多个纹身。
- 服装穿着：身着带有粉色心形装饰的黑色短款上衣，下身未穿着丝袜，无其他衣物遮挡（部分场景为内裤或裸露状态），未佩戴鞋子、眼镜、眼罩等物品。
- 是否穿着丝袜以及丝袜的颜色：未穿着丝袜。
- 整体气质和风格：整体气质性感主动，风格偏向成人影片中的演员表现，动作投入且大胆，展现出亲昵与激情的氛围。","- 女性职业：演员（饰演成人影片中的性爱互动角色）。
- 场景环境描述：室内酒店房间，空间内有床、窗帘、落地灯、衣柜等现代家具，属于私密且布置温馨的居住或娱乐场所。
- 可能的剧情情节：成人影片中的亲密性爱场景，包含亲吻、口交、性交等动作，配合台词“鸡巴好大好舒服，用力啊～”呈现角色在性爱互动中的表现，属于表演性的激情情节。
- 人物关系和互动：与男性角色有亲密且性感的互动，包含物理接触与性爱动作，属于表演性的角色互动，无真实生活关系，仅呈现影片剧情。",性感、黑色上衣、纹身、酒店、床上、亲密、性爱、情趣装、丰满、御姐、熟女、淫荡、约炮、情趣装、口交、床上、纹身,性感、熟女、丰满、御姐、淫荡、约炮、情趣装、纹身、酒店、床上、口交、淫妻、骚货、自慰
/Users/firewell/影视/国产mac/!娇小老婆被单男们围住轮流操，叫声可射全程无尿点.mp4,!娇小老婆被单男们围住轮流操，叫声可射全程无尿点.mp4,53401764,3713fddfae08cd6eb48f26f8a8637ac5,"- 外貌特征：年龄约为30 - 40岁的成熟女性，身材属于丰满型，胸部较大；发型为披散的长发（棕色系）；妆容为淡妆或自然状态，无眼镜、眼罩等配饰，整体外貌呈现出具有性感的成熟女性特征。
- 服装穿着：全身赤裸，未穿着任何衣物（包括丝袜、鞋子、眼镜、眼罩等），服装风格为裸露的性感展示。
- 是否穿着丝袜以及丝袜的颜色：未穿着丝袜，丝袜颜色无。
- 整体气质和风格：具有性感、激情的表演气质，风格偏向成人影片中裸露、性感的角色呈现，整体风格为性感且具有表演性的成熟女性风格。","- 女性职业：演员饰演的角色，推测为家庭女性角色（如“人妻”“熟女”“老婆”等）。
- 场景环境描述：场景为室内私密空间，以床为核心，存在床铺、床单等设施，属于住宅或类似私密的卧室环境。
- 可能的剧情情节：围绕多人性互动展开，女性作为被多名男性围绕、轮流进行性接触的对象，呈现多种性姿势与互动动作，属于成人影片中“群交”“多人操”类的剧情设定。
- 人物关系和互动：女性与多名男性存在性互动关系，属于表演中的亲密、性接触关系，人物关系为虚构的性互动伙伴关系，互动方式包含直接的性接触（如抚摸、性交等动作）。",熟女、裸体、丰满、床、多人、性交、轮流操、老婆、人妻、性感、淫荡、娇小、巨乳、床上、群交、一男两女、内射、淫妻、口交,少妇、母狗、极品、老婆、人妻、熟女、巨乳、多人、群交、一男两女、床上、性感、淫荡、娇小、内射、淫妻、口交
/Users/firewell/影视/国产mac/!实勾搭有夫之妇性奴骚妇背着老公偷情成瘾舔脚扇耳光喜欢被调教性虐.mp4,!实勾搭有夫之妇性奴骚妇背着老公偷情成瘾舔脚扇耳光喜欢被调教性虐.mp4,66437589,799771726cbcd72067ac7f503551da69,"- 外貌特征：年龄为成熟女性（约30 - 40岁），身材丰满，长发（部分画面为披发并佩戴黑猫耳发饰），妆容偏向浓妆或成熟风格，面部因表演存在部分遮挡（如佩戴黑色眼罩等）；
- 服装穿着：身着黑色紧身连衣裙，搭配黑色丝袜与黑色高跟鞋，无眼镜、眼罩等（部分画面有黑色眼罩、发饰属于角色装饰），风格为性感成人影视装扮；
- 是否穿着丝袜以及丝袜的颜色：穿着黑色丝袜；
- 整体气质和风格：整体气质成熟性感，风格偏向成人影片中“有夫之妇”“性奴”等角色的演绎，带有挑逗、服从与被调教的特质。","- 女性职业：成人影片演员；
- 场景环境描述：场景为酒店房间（内有床、电视、衣柜等设施，布置现代，属于私密拍摄空间）；
- 可能的剧情情节：围绕“有夫之妇偷情、性奴、被调教、性虐”主题，情节包含与男性演员的亲密互动（如床上性接触、调教、服从等行为），符合视频标题中“背着老公偷情成瘾、舔脚、扇耳光、喜欢被调教性虐”的剧情设定；
- 人物关系和互动：女性演员饰演“有夫之妇”或“性奴”等角色，与男性演员存在亲密、调教类的互动关系，动作涵盖亲密接触、性行为等，符合成人影片角色互动逻辑。",提取的关键词（人物、服装、场景、动作等）：少妇、母狗、偷情、人妻、调教、黑丝、丝袜、床上、骚货、熟女、淫妻、情趣装、姐姐、足交、内射、出轨、御姐、已婚、性感、酒店、情趣装、淫妻、御姐、黑丝、眼罩、高跟鞋等。,匹配标签：少妇、母狗、偷情、人妻、调教、黑丝、丝袜、足交、内射、出轨、床上、骚货、熟女、淫妻、情趣装、姐姐、足交、御姐、已婚、丝袜、性感、酒店、情趣装、淫妻、御姐、黑丝、眼镜、御姐、漂亮、出轨、性感、闺蜜、已婚、黑丝、眼罩
/Users/firewell/影视/国产mac/!客厅地板上操美艳人妻三十岁反而更有风情.mp4,!客厅地板上操美艳人妻三十岁反而更有风情.mp4,77910360,40ef6a6b457fe42489e4cda1cd772452,"- 外貌特征：年龄约为三十岁，身材丰满且曲线优美，中长发（棕色）发型，妆容为浓妆（含红唇、眼妆等），面部妆容精致，整体神态成熟且带有性感韵味。
- 服装穿着：身着深蓝色带白色条纹的运动风格上衣（带有露背或镂空设计），搭配短款服饰，外穿白色长筒丝袜，未穿鞋；无眼镜、眼罩等配饰。
- 是否穿着丝袜以及丝袜的颜色：穿着丝袜，丝袜颜色为白色。
- 整体气质和风格：整体展现出成熟女性的性感与风情，动作和姿态充满魅力与诱惑感，风格偏向于具有成熟魅力的“美艳”形象，给人富有魅力的感觉。","- 女性职业：推测为人妻（家庭主妇或具有稳定家庭关系的女性角色）。
- 场景环境描述：场景为客厅，地面铺有粉色垫子（类似瑜伽垫），周围有置物架（放置包包、杂物等日常物品），属于居家私密空间，氛围随意且亲近。
- 可能的剧情情节：剧情围绕人妻女性与男性角色在客厅内进行亲密互动展开，包含多种亲密姿态，属于成人题材中的情感或亲密情节，可能涉及“偷情”“出轨”等元素。
- 人物关系和互动：女性与男性角色存在亲密互动关系，在私密空间内进行亲密行为，人物关系偏向情感暧昧或亲密接触。",三十岁、风情、丰满身材、深蓝色运动装、白色丝袜、客厅、瑜伽垫、亲密互动、地板动作、人妻、美艳、性感、偷情、老婆、已婚、白丝、丝袜、巨乳、成熟、运动装、瑜伽、床上、私密空间、高颜值、御姐、漂亮、丰满、微胖等。,少妇、人妻、熟女、性感、丝袜、偷情、老婆、已婚、身材、白丝、巨乳、出轨、阿姨、颜值、高挑美女、床上、情趣装、姐姐、丝袜、奶子、高颜值、御姐、漂亮、丰满、微胖、运动装、瑜伽、床上、闺蜜、已婚、肉丝、长发、浓妆、白丝、强奸、迷奸、多人、群交、一男两女、OL、职业装、运动装、瑜伽、床上、丝袜
/Users/firewell/影视/国产mac/!性瘾母狗无缝灰丝做瑜伽忍不住隔丝袜玩骚穴。又想要了！.mp4,!性瘾母狗无缝灰丝做瑜伽忍不住隔丝袜玩骚穴。又想要了！.mp4,64835188,8736ed44ca3a83d901c9dc92b87adb5e,"- 外貌特征：年龄为成年阶段（约25 - 40岁），身材丰满，体态优美。头发为长发，自然垂落，无明显特殊发型（如马尾等）。妆容以淡妆或素颜为主，面部线条柔和，整体给人成熟且有魅力的感觉。
- 服装穿着：穿着黑色无缝连裤丝袜，内搭黑色简约衣物（如内衣或短裤），未穿鞋子，处于赤脚状态。无眼镜、眼罩等配饰。
- 是否穿着丝袜以及丝袜的颜色：穿着黑色无缝连裤丝袜，丝袜颜色为黑色，贴肤材质清晰展现身体轮廓。
- 整体气质和风格：整体呈现性感、成熟的气质，动作主动且富有表现力，风格偏向成人影视中的性感展示，带有熟女或少妇的气质，突出身体线条与性感特质。","- 女性职业：推测为成人影视演员，从事表演性爱相关场景的工作。
- 场景环境描述：场景设于室内，地面铺有白色毛绒地毯，背景简洁干净，光线柔和，环境私密，属于成人影视常见拍摄场景。
- 可能的剧情情节：剧情围绕女性在私密空间内穿黑色无缝丝袜做瑜伽动作，同时伴随隔丝袜玩弄自身私密部位等自慰动作，展现性感身体表现与性爱动作，属于成人影视单人展示类情节，侧重性感身体动作与私密部位互动。
- 人物关系和互动：场景中无其他人物，仅呈现女性自身进行性爱动作的表演，属于单人情境下的动作展示，无人物互动关系。",提取的关键特征标签包括：熟女、丰满、黑丝、丝袜、长发、性感、高颜值、室内、毛绒地毯、私密空间、瑜伽、自慰、性爱动作、隔丝袜、骚穴、黑色无缝连裤袜、黑色内搭。,少妇、母狗、黑丝、丝袜、熟女、淫荡、性感、自慰、瑜伽、高颜值、巨乳、骚货、淫妻、打桩、出轨
/Users/firewell/影视/国产mac/!情侣酒店疯狂，淫声浪响.mp4,!情侣酒店疯狂，淫声浪响.mp4,64698826,c0f5996c964027202f1f73d72e57fbeb,"- 外貌特征：年龄约30 - 40岁，属于成熟女性；身材丰满，体型偏丰满；发型为黑色长发（长度较长，披于身体两侧）；妆容为浓妆风格（面部妆容明显）；面部特征因动作姿态虽不清晰，但整体形象偏向成熟。
- 服装穿着：画面中女性处于裸体状态，无衣物覆盖，无衣物类型、颜色、风格、鞋子、眼镜、眼罩等。
- 是否穿着丝袜以及丝袜的颜色：未穿着丝袜，画面中无丝袜。
- 整体气质和风格：气质主动热情，风格偏向成人影视表演的性感、亲昵，属于情色表演类角色，整体风格展现亲密性与性感表演特质。","- 女性职业：推测为成人影视演员，饰演情色剧情中的女性角色（如情色场景亲密伴侣）。
- 场景环境描述：场景为酒店房间，房间内有床、电视等设施，灯光较暗，空间布置符合酒店客房，属室内私密空间。
- 可能的剧情情节：两人在酒店房间内呈现亲密/性爱互动，属于成人影视情节，围绕性爱动作、亲密接触展开。
- 人物关系和互动：两人在场景中为表演关系，呈现亲密互动（性爱动作等），人物关系为表演中伴侣/性伴侣，互动具亲密性、性爱性质。",性感、裸体、酒店、床上、亲密、性爱、长发、丰满、情色、酒店房间、性爱动作,酒店、床上、淫荡、淫妻、内射、出轨、少妇、熟女、性感、裸体、口交、约炮
