完整路径,文件名,文件大小,文件大小(MB),MD5值,分析时间(秒),分析帧数,成功分析帧数,匹配标签数,匹配标签列表,标签详情,错误信息
/Volumes/HC530_1/待整理/新建文件夹/HMN-260.mp4,HMN-260.mp4,5350961702,5103.1,865b584a3d265f9f09dc7e9c7fee2450,218.8,10,10,15,"中年, 内衣, 卷发, 和服, 姿势, 床上, 性感, 成熟, 旗袍, 模特, 短发, 苗条, 身材, 酒店, 长发","{""性感"": 6, ""身材"": 5, ""模特"": 4, ""长发"": 4, ""姿势"": 3, ""床上"": 3, ""苗条"": 3, ""酒店"": 3, ""卷发"": 1, ""短发"": 1, ""内衣"": 1, ""成熟"": 1, ""中年"": 1, ""和服"": 1, ""旗袍"": 1}",
/Volumes/HC530_1/待整理/新建文件夹/!SSIS-139.mp4,!SSIS-139.mp4,7368507109,7027.2,91ca983f5fb7235d26e341dab68d9988,228.2,10,10,15,"中年, 内衣, 制服, 口交, 姿势, 床上, 性感, 护士, 模特, 浴室, 淡妆, 短发, 苗条, 身材, 酒店","{""酒店"": 6, ""短发"": 5, ""身材"": 4, ""床上"": 2, ""姿势"": 2, ""模特"": 2, ""护士"": 1, ""性感"": 1, ""中年"": 1, ""淡妆"": 1, ""制服"": 1, ""苗条"": 1, ""浴室"": 1, ""内衣"": 1, ""口交"": 1}",
/Volumes/HC530_1/待整理/新建文件夹/MBYD-367.mp4,MBYD-367.mp4,2950741912,2814.0,4fe5134793fb038cbabad19147cd5e72,242.2,11,11,16,"中年, 人妻, 厨房, 学生, 床上, 微胖, 性感, 成熟, 按摩, 模特, 熟女, 短发, 身材, 酒店, 长发, 马尾","{""身材"": 4, ""短发"": 3, ""中年"": 3, ""长发"": 3, ""床上"": 2, ""模特"": 2, ""学生"": 1, ""人妻"": 1, ""熟女"": 1, ""成熟"": 1, ""按摩"": 1, ""厨房"": 1, ""性感"": 1, ""马尾"": 1, ""微胖"": 1, ""酒店"": 1}",
/Volumes/HC530_1/待整理/新建文件夹/!!PRED-434.mp4,!!PRED-434.mp4,5296617634,5051.2,e865e3a29a245fd4a050e98a2ac56528,202.7,10,10,18,"中年, 内衣, 卷发, 姿势, 床上, 性感, 成熟, 按摩, 模特, 熟女, 睡衣, 短发, 职业装, 苗条, 身材, 酒店, 长发, 马尾","{""床上"": 6, ""身材"": 6, ""苗条"": 6, ""长发"": 5, ""酒店"": 5, ""性感"": 4, ""成熟"": 3, ""模特"": 3, ""内衣"": 3, ""卷发"": 2, ""职业装"": 1, ""睡衣"": 1, ""马尾"": 1, ""姿势"": 1, ""熟女"": 1, ""中年"": 1, ""短发"": 1, ""按摩"": 1}",
/Volumes/HC530_1/待整理/新建文件夹/MBYD-371.mp4,MBYD-371.mp4,10566629663,10077.1,c2eeaaeec67a488cdf863d20b180223e,225.9,10,10,16,"中年, 内衣, 卷发, 双马尾, 和服, 姿势, 性感, 情趣, 按摩, 模特, 短发, 苗条, 身材, 酒店, 长发, 马尾","{""身材"": 6, ""短发"": 4, ""模特"": 3, ""内衣"": 3, ""长发"": 3, ""酒店"": 2, ""中年"": 2, ""苗条"": 2, ""性感"": 2, ""卷发"": 1, ""按摩"": 1, ""姿势"": 1, ""情趣"": 1, ""和服"": 1, ""马尾"": 1, ""双马尾"": 1}",
/Volumes/HC530_1/待整理/新建文件夹/FC2-PPV-2843783/FC2-PPV-2843783.mp4,FC2-PPV-2843783.mp4,1726267537,1646.3,d66d8588af3a5da3bcac40eb1282c34b,471.9,11,11,15,"制服, 办公室, 口交, 和服, 姿势, 学生, 少女, 床上, 淡妆, 短发, 职业装, 苗条, 身材, 酒店, 长发","{""身材"": 9, ""学生"": 6, ""制服"": 6, ""短发"": 6, ""长发"": 4, ""苗条"": 4, ""口交"": 3, ""酒店"": 3, ""姿势"": 3, ""办公室"": 2, ""职业装"": 2, ""少女"": 1, ""和服"": 1, ""淡妆"": 1, ""床上"": 1}",
/Volumes/HC530_1/待整理/新建文件夹/hjd2048.com-0406ssni168-h264/HJD2048.COM-0406SSNI168-H264.mp4,HJD2048.COM-0406SSNI168-H264.mp4,3715506936,3543.4,371e3f8521e024ff996628587bea1c89,558.2,11,11,15,"中年, 内衣, 口交, 后入, 姿势, 床上, 性感, 成熟, 按摩, 模特, 短发, 苗条, 身材, 酒店, 长发","{""身材"": 5, ""床上"": 5, ""酒店"": 5, ""短发"": 4, ""苗条"": 3, ""口交"": 2, ""姿势"": 2, ""性感"": 2, ""成熟"": 2, ""按摩"": 1, ""后入"": 1, ""中年"": 1, ""内衣"": 1, ""长发"": 1, ""模特"": 1}",
/Volumes/HC530_1/待整理/新建文件夹/hjd2048.com-0406ssni168-h264/SSNI168-5.mp4,SSNI168-5.mp4,454950996,433.9,e7e4be526106e26deff3c8bc507b6c79,529.3,11,11,21,"中年, 内衣, 制服, 卷发, 口交, 大学生, 天花板, 姿势, 学生, 床上, 性感, 按摩, 模特, 淡妆, 短发, 职业装, 苗条, 身材, 酒店, 长发, 马尾","{""长发"": 6, ""身材"": 5, ""苗条"": 5, ""酒店"": 5, ""短发"": 4, ""床上"": 3, ""学生"": 2, ""淡妆"": 2, ""性感"": 2, ""口交"": 2, ""模特"": 2, ""按摩"": 2, ""马尾"": 2, ""职业装"": 1, ""大学生"": 1, ""中年"": 1, ""姿势"": 1, ""天花板"": 1, ""制服"": 1, ""内衣"": 1, ""卷发"": 1}",
/Volumes/HC530_1/待整理/av2/MIDV-240.mp4,MIDV-240.mp4,6561635058,6257.7,e95854ad0096e7edcb5ae59e816ee861,476.4,10,8,19,"丁字裤, 丝袜, 中年, 内衣, 制服, 办公室, 学生, 床上, 性感, 成熟, 模特, 浴室, 眼镜, 短发, 职业装, 苗条, 身材, 酒店, 长发","{""长发"": 5, ""苗条"": 4, ""身材"": 3, ""中年"": 2, ""性感"": 2, ""内衣"": 2, ""职业装"": 1, ""眼镜"": 1, ""短发"": 1, ""酒店"": 1, ""学生"": 1, ""办公室"": 1, ""制服"": 1, ""浴室"": 1, ""丝袜"": 1, ""模特"": 1, ""成熟"": 1, ""床上"": 1, ""丁字裤"": 1}",
/Volumes/HC530_1/待整理/AV/MKMP-485.mp4,MKMP-485.mp4,6861455730,6543.6,b0a461c7385f534dff2263eb23b1758f,480.1,10,10,19,"内衣, 制服, 医生, 医院, 口交, 天花板, 学生, 床上, 性感, 情趣, 护士, 模特, 淡妆, 真实, 短发, 苗条, 身材, 酒店, 长发","{""短发"": 5, ""护士"": 4, ""床上"": 4, ""身材"": 3, ""性感"": 3, ""苗条"": 3, ""内衣"": 3, ""制服"": 3, ""医院"": 3, ""长发"": 3, ""淡妆"": 2, ""学生"": 2, ""情趣"": 1, ""模特"": 1, ""天花板"": 1, ""医生"": 1, ""口交"": 1, ""真实"": 1, ""酒店"": 1}",
/Volumes/HC530_1/待整理/AV/MEYD-806.mp4,MEYD-806.mp4,5396049873,5146.1,539fe1eca6e12e16bf8567952916b909,497.2,10,8,13,"内衣, 卷发, 口交, 姿势, 床上, 性感, 模特, 浴室, 红唇, 苗条, 身材, 酒店, 长发","{""身材"": 5, ""长发"": 5, ""苗条"": 4, ""内衣"": 3, ""酒店"": 2, ""性感"": 2, ""卷发"": 1, ""红唇"": 1, ""浴室"": 1, ""口交"": 1, ""床上"": 1, ""姿势"": 1, ""模特"": 1}",
/Volumes/HC530_1/待整理/AV/WAAA-213.mp4,WAAA-213.mp4,6767889966,6454.4,c16f1e1f5981ed39bf4c23872cba292d,530.9,10,7,14,"丁字裤, 中年, 口交, 床上, 性感, 成熟, 按摩, 模特, 比基尼, 浴室, 苗条, 身材, 长发, 马尾","{""身材"": 5, ""模特"": 4, ""性感"": 3, ""苗条"": 3, ""长发"": 2, ""中年"": 1, ""浴室"": 1, ""床上"": 1, ""丁字裤"": 1, ""马尾"": 1, ""按摩"": 1, ""比基尼"": 1, ""口交"": 1, ""成熟"": 1}",
/Volumes/HC530_1/待整理/AV/SAME-051.mp4,SAME-051.mp4,6049398131,5769.2,2b03bfb29b557b0d7b99bdc5143f88a3,472.7,10,10,16,"丝袜, 内衣, 多人, 姿势, 学生, 床上, 性感, 成熟, 按摩, 模特, 淡妆, 熟女, 苗条, 身材, 长发, 马尾","{""身材"": 6, ""长发"": 6, ""姿势"": 3, ""苗条"": 3, ""床上"": 2, ""模特"": 2, ""内衣"": 2, ""多人"": 2, ""按摩"": 2, ""熟女"": 1, ""性感"": 1, ""成熟"": 1, ""丝袜"": 1, ""马尾"": 1, ""淡妆"": 1, ""学生"": 1}",
/Volumes/HC530_1/待整理/AV/RVG-169.mp4,RVG-169.mp4,10841057114,10338.8,9a84e044fca35fc6607dd0732653e924,531.8,11,10,15,"制服, 口交, 和服, 多人, 姿势, 学校, 学生, 床上, 性感, 模特, 短发, 苗条, 身材, 长发, 马尾","{""长发"": 7, ""身材"": 5, ""苗条"": 5, ""模特"": 3, ""床上"": 2, ""短发"": 2, ""多人"": 2, ""性感"": 2, ""马尾"": 1, ""口交"": 1, ""学生"": 1, ""制服"": 1, ""学校"": 1, ""姿势"": 1, ""和服"": 1}",
/Volumes/HC530_1/待整理/AV/MIDV-278.mp4,MIDV-278.mp4,6446060182,6147.4,68f46d9322d1975797e0862e9b365184,446.7,10,10,19,"内衣, 医生, 医院, 双马尾, 口交, 姿势, 对白, 床上, 性感, 护士, 按摩, 模特, 淡妆, 短发, 苗条, 身材, 酒店, 长发, 马尾","{""护士"": 7, ""身材"": 5, ""马尾"": 4, ""医院"": 4, ""短发"": 4, ""长发"": 3, ""床上"": 2, ""性感"": 2, ""姿势"": 2, ""苗条"": 2, ""内衣"": 2, ""对白"": 1, ""医生"": 1, ""双马尾"": 1, ""淡妆"": 1, ""模特"": 1, ""按摩"": 1, ""口交"": 1, ""酒店"": 1}",
/Volumes/HC530_1/待整理/AV/KSBJ-216.mp4,KSBJ-216.mp4,10718696227,10222.1,9bde0daba440ab14f12728fdb3e1d4c9,480.8,10,9,20,"丁字裤, 中年, 丰满, 内衣, 和服, 多人, 姿势, 学生, 床上, 性感, 旗袍, 模特, 淡妆, 睡衣, 短发, 苗条, 身材, 酒店, 长发, 马尾","{""身材"": 6, ""长发"": 5, ""床上"": 5, ""模特"": 3, ""苗条"": 3, ""短发"": 3, ""酒店"": 2, ""和服"": 2, ""丁字裤"": 1, ""多人"": 1, ""姿势"": 1, ""中年"": 1, ""淡妆"": 1, ""学生"": 1, ""睡衣"": 1, ""旗袍"": 1, ""丰满"": 1, ""马尾"": 1, ""性感"": 1, ""内衣"": 1}",
/Volumes/HC530_1/待整理/AV/324SRTD-0350.mp4,324SRTD-0350.mp4,2272213765,2167.0,91283dfa4030ae09c88be8869be20d28,523.4,11,10,15,"丰满, 制服, 卷发, 姿势, 性感, 模特, 浴室, 淡妆, 漂亮, 职业装, 苗条, 身材, 酒店, 长发, 马尾","{""长发"": 10, ""身材"": 5, ""酒店"": 4, ""模特"": 3, ""苗条"": 3, ""性感"": 2, ""卷发"": 2, ""淡妆"": 2, ""浴室"": 2, ""职业装"": 1, ""制服"": 1, ""姿势"": 1, ""丰满"": 1, ""漂亮"": 1, ""马尾"": 1}",
/Volumes/HC530_1/待整理/AV/STARS-905.mp4,STARS-905.mp4,5105224147,4868.7,5565184bbd5aa33c07e5923fd1922f47,519.5,11,11,17,"制服, 卷发, 厨房, 口交, 学生, 床上, 性感, 成熟, 旗袍, 模特, 短发, 苗条, 警察, 身材, 酒店, 长发, 马尾","{""身材"": 7, ""苗条"": 7, ""短发"": 7, ""长发"": 5, ""模特"": 4, ""床上"": 3, ""卷发"": 2, ""口交"": 2, ""性感"": 2, ""厨房"": 2, ""警察"": 1, ""制服"": 1, ""成熟"": 1, ""酒店"": 1, ""学生"": 1, ""马尾"": 1, ""旗袍"": 1}",
/Volumes/HC530_1/待整理/AV/SSIS-139.mp4,SSIS-139.mp4,7368507109,7027.2,91ca983f5fb7235d26e341dab68d9988,500.9,10,10,21,"丰满, 内衣, 制服, 办公室, 口交, 天花板, 姿势, 学生, 床上, 性感, 按摩, 模特, 浴室, 淡妆, 短发, 红唇, 职业装, 苗条, 身材, 酒店, 长发","{""短发"": 7, ""酒店"": 6, ""模特"": 4, ""身材"": 3, ""按摩"": 3, ""性感"": 3, ""长发"": 3, ""口交"": 2, ""红唇"": 2, ""浴室"": 2, ""姿势"": 2, ""苗条"": 1, ""天花板"": 1, ""床上"": 1, ""学生"": 1, ""职业装"": 1, ""制服"": 1, ""办公室"": 1, ""内衣"": 1, ""淡妆"": 1, ""丰满"": 1}",
/Volumes/HC530_1/待整理/AV/PRED-485.mp4,PRED-485.mp4,5450430998,5197.9,6dc2ddbeb97f12e662f2897782764859,501.7,10,8,14,"中年, 内衣, 制服, 办公室, 医生, 医院, 口交, 姿势, 护士, 模特, 短发, 苗条, 身材, 长发","{""长发"": 4, ""身材"": 3, ""制服"": 3, ""办公室"": 2, ""苗条"": 2, ""护士"": 2, ""姿势"": 1, ""中年"": 1, ""口交"": 1, ""医生"": 1, ""医院"": 1, ""内衣"": 1, ""短发"": 1, ""模特"": 1}",
/Volumes/HC530_1/待整理/AV/MYBA-053.mp4,MYBA-053.mp4,6081836078,5800.1,f97da30ea129bf5ee42c41013b1f27fe,500.3,10,10,15,"丁字裤, 中年, 内衣, 制服, 姿势, 床上, 性感, 模特, 淡妆, 职业装, 苗条, 身材, 酒店, 长发, 马尾","{""长发"": 8, ""酒店"": 6, ""身材"": 5, ""床上"": 4, ""苗条"": 4, ""模特"": 2, ""丁字裤"": 2, ""中年"": 2, ""制服"": 1, ""职业装"": 1, ""马尾"": 1, ""性感"": 1, ""姿势"": 1, ""内衣"": 1, ""淡妆"": 1}",
/Volumes/HC530_1/待整理/AV/324SRTD-0351.mp4,324SRTD-0351.mp4,2595904315,2475.6,bca8b36b939bc7a330752c874ecf85fd,547.0,11,11,12,"卷发, 姿势, 床上, 性感, 模特, 淡妆, 短发, 苗条, 身材, 酒店, 长发, 马尾","{""身材"": 7, ""长发"": 7, ""酒店"": 7, ""苗条"": 6, ""模特"": 5, ""床上"": 5, ""性感"": 2, ""姿势"": 2, ""短发"": 2, ""马尾"": 1, ""淡妆"": 1, ""卷发"": 1}",
/Volumes/HC530_1/待整理/AV/SSIS-703.mp4,SSIS-703.mp4,6947530718,6625.7,b8e7a51bdb17ff4c44e67553364b12be,463.0,10,10,18,"丁字裤, 丰满, 内衣, 卷发, 天花板, 姿势, 床上, 性感, 情趣, 成熟, 模特, 比基尼, 浴室, 短发, 苗条, 身材, 长发, 马尾","{""性感"": 6, ""模特"": 5, ""身材"": 5, ""内衣"": 5, ""苗条"": 3, ""短发"": 3, ""床上"": 2, ""长发"": 2, ""比基尼"": 2, ""卷发"": 1, ""丰满"": 1, ""丁字裤"": 1, ""天花板"": 1, ""马尾"": 1, ""浴室"": 1, ""情趣"": 1, ""姿势"": 1, ""成熟"": 1}",
/Volumes/HC530_1/待整理/AV/IPZZ-059.mp4,IPZZ-059.mp4,5403029808,5152.7,fcbe810eb30e5a817b24fc3d93a6ad4f,483.4,10,10,20,"丝袜, 制服, 办公室, 卷发, 口交, 姿势, 学生, 床上, 性感, 按摩, 模特, 浴室, 淡妆, 短发, 职业装, 苗条, 身材, 酒店, 长发, 马尾","{""身材"": 4, ""酒店"": 4, ""长发"": 3, ""床上"": 3, ""职业装"": 2, ""浴室"": 2, ""苗条"": 2, ""模特"": 2, ""丝袜"": 1, ""学生"": 1, ""办公室"": 1, ""短发"": 1, ""制服"": 1, ""淡妆"": 1, ""马尾"": 1, ""卷发"": 1, ""性感"": 1, ""按摩"": 1, ""口交"": 1, ""姿势"": 1}",
/Volumes/HC530_1/待整理/AV/200GANA-2795.mp4,200GANA-2795.mp4,3704462371,3532.9,e7f53a1cfee7f3d504cd56ad4ff35e82,266.2,11,11,16,"中年, 内衣, 办公室, 学校, 学生, 床上, 性感, 模特, 淡妆, 短发, 红唇, 苗条, 身材, 酒店, 长发, 马尾","{""身材"": 7, ""短发"": 6, ""苗条"": 5, ""长发"": 3, ""酒店"": 3, ""淡妆"": 2, ""学生"": 2, ""床上"": 2, ""性感"": 2, ""办公室"": 1, ""马尾"": 1, ""模特"": 1, ""学校"": 1, ""红唇"": 1, ""内衣"": 1, ""中年"": 1}",
/Volumes/HC530_1/待整理/AV/SSIS-713.mp4,SSIS-713.mp4,6547050389,6243.8,ca072a89e4079bb92838da8dd7ba37a8,232.3,10,10,21,"丁字裤, 中年, 丰满, 内衣, 卷发, 口交, 姿势, 学生, 床上, 律师, 性感, 成熟, 模特, 浴室, 短发, 职业装, 苗条, 身材, 酒店, 长发, 马尾","{""身材"": 7, ""长发"": 6, ""苗条"": 5, ""模特"": 4, ""床上"": 3, ""性感"": 3, ""口交"": 2, ""酒店"": 2, ""短发"": 2, ""内衣"": 2, ""职业装"": 1, ""律师"": 1, ""学生"": 1, ""姿势"": 1, ""马尾"": 1, ""丁字裤"": 1, ""成熟"": 1, ""卷发"": 1, ""中年"": 1, ""丰满"": 1, ""浴室"": 1}",
/Volumes/HC530_1/待整理/AV/SSNI-733.mp4,SSNI-733.mp4,1117369844,1065.6,98ce5895073254f5d8efd1759490d488,236.7,11,11,19,"丁字裤, 丝袜, 中年, 内衣, 姿势, 床上, 性感, 护士, 按摩, 模特, 浴室, 睡衣, 短发, 苗条, 身材, 酒店, 长发, 马尾, 黑丝","{""模特"": 6, ""身材"": 5, ""短发"": 4, ""性感"": 4, ""长发"": 4, ""酒店"": 2, ""苗条"": 2, ""床上"": 2, ""丁字裤"": 2, ""浴室"": 1, ""黑丝"": 1, ""丝袜"": 1, ""护士"": 1, ""睡衣"": 1, ""内衣"": 1, ""姿势"": 1, ""按摩"": 1, ""中年"": 1, ""马尾"": 1}",
/Volumes/HC530_1/待整理/AV/PKPD-240.mp4,PKPD-240.mp4,6328458693,6035.3,122eee0c3a28dbbc9e7fc08fc7d1e3c2,269.7,10,10,17,"丁字裤, 丰满, 内衣, 卷发, 口交, 和服, 姿势, 床上, 性感, 按摩, 旗袍, 模特, 短发, 苗条, 身材, 酒店, 长发","{""身材"": 8, ""性感"": 6, ""模特"": 5, ""苗条"": 5, ""酒店"": 4, ""长发"": 4, ""短发"": 3, ""床上"": 3, ""卷发"": 2, ""姿势"": 2, ""丰满"": 2, ""旗袍"": 1, ""丁字裤"": 1, ""和服"": 1, ""内衣"": 1, ""口交"": 1, ""按摩"": 1}",
/Volumes/HC530_1/待整理/AV/IPZZ-054.mp4,IPZZ-054.mp4,6426052927,6128.4,712b637c32992c9bffef7d6e1e0f313b,248.9,10,10,15,"内衣, 制服, 卷发, 姿势, 床上, 性感, 按摩, 模特, 淡妆, 短发, 苗条, 身材, 酒店, 长发, 马尾","{""身材"": 7, ""长发"": 4, ""按摩"": 4, ""酒店"": 3, ""苗条"": 3, ""床上"": 2, ""模特"": 2, ""短发"": 2, ""姿势"": 2, ""制服"": 1, ""性感"": 1, ""内衣"": 1, ""卷发"": 1, ""马尾"": 1, ""淡妆"": 1}",
/Volumes/HC530_1/待整理/AV/JUFE-432.mp4,JUFE-432.mp4,6893932645,6574.6,316c21493d9af34b5187213f90f1046d,249.9,10,10,14,"中年, 内衣, 和服, 姿势, 床上, 性感, 成熟, 模特, 短发, 苗条, 身材, 酒店, 长发, 马尾","{""身材"": 8, ""模特"": 5, ""长发"": 5, ""性感"": 4, ""苗条"": 3, ""酒店"": 3, ""短发"": 2, ""中年"": 2, ""马尾"": 2, ""内衣"": 2, ""姿势"": 1, ""和服"": 1, ""成熟"": 1, ""床上"": 1}",
/Volumes/HC530_1/待整理/AV/MIDV-176.mp4,MIDV-176.mp4,5190376835,4949.9,75b05b1a93e8f439b451eb3938accba0,253.2,10,10,19,"丁字裤, 内衣, 制服, 办公室, 口交, 多人, 天花板, 姿势, 学生, 性感, 成熟, 模特, 淡妆, 短发, 职业装, 苗条, 身材, 长发, 马尾","{""多人"": 5, ""短发"": 5, ""身材"": 4, ""学生"": 3, ""长发"": 3, ""性感"": 3, ""淡妆"": 3, ""马尾"": 2, ""苗条"": 2, ""内衣"": 2, ""办公室"": 2, ""制服"": 1, ""姿势"": 1, ""口交"": 1, ""职业装"": 1, ""模特"": 1, ""天花板"": 1, ""丁字裤"": 1, ""成熟"": 1}",
/Volumes/HC530_1/待整理/AV/PRED-500.mp4,PRED-500.mp4,5390732453,5141.0,cf79ecbae2fb99dcd6a9e9b01e9bae34,220.3,10,10,13,"中年, 办公室, 姿势, 学生, 床上, 按摩, 模特, 睡衣, 苗条, 身材, 酒店, 长发, 马尾","{""床上"": 6, ""长发"": 6, ""马尾"": 5, ""身材"": 4, ""苗条"": 3, ""姿势"": 2, ""模特"": 2, ""睡衣"": 2, ""学生"": 2, ""酒店"": 2, ""中年"": 1, ""办公室"": 1, ""按摩"": 1}",
/Volumes/HC530_1/待整理/AV/PRED-483.mp4,PRED-483.mp4,5334287843,5087.2,521fa8444f12a40003679a2ff4c3dc7c,252.6,10,10,19,"丝袜, 制服, 双马尾, 口交, 姿势, 学生, 床上, 性感, 护士, 按摩, 模特, 浴室, 睡衣, 职业装, 苗条, 身材, 酒店, 长发, 马尾","{""身材"": 7, ""长发"": 7, ""苗条"": 6, ""床上"": 5, ""职业装"": 3, ""性感"": 3, ""姿势"": 3, ""马尾"": 3, ""酒店"": 3, ""按摩"": 2, ""口交"": 2, ""丝袜"": 1, ""模特"": 1, ""双马尾"": 1, ""睡衣"": 1, ""浴室"": 1, ""学生"": 1, ""制服"": 1, ""护士"": 1}",
/Volumes/HC530_1/待整理/AV/JUQ-268.mp4,JUQ-268.mp4,7315482987,6976.6,eda4b4ab500870ee91dc1fd36a9359de,250.7,10,10,17,"丁字裤, 丰满, 内衣, 卷发, 口交, 和服, 姿势, 学生, 性感, 成熟, 模特, 短发, 苗条, 身材, 车内, 长发, 马尾","{""身材"": 7, ""长发"": 4, ""性感"": 4, ""苗条"": 4, ""模特"": 4, ""成熟"": 2, ""短发"": 2, ""内衣"": 2, ""卷发"": 1, ""口交"": 1, ""马尾"": 1, ""学生"": 1, ""车内"": 1, ""姿势"": 1, ""丰满"": 1, ""丁字裤"": 1, ""和服"": 1}",
/Volumes/HC530_1/待整理/AV/MVG-035.mp4,MVG-035.mp4,5941898933,5666.6,497c5bfbd33d66226b7243d0a840d5c4,207.7,10,10,17,"丁字裤, 中年, 内衣, 卷发, 口交, 和服, 姿势, 床上, 性感, 成熟, 模特, 比基尼, 浴室, 短发, 苗条, 身材, 长发","{""身材"": 6, ""长发"": 6, ""性感"": 4, ""苗条"": 3, ""姿势"": 2, ""浴室"": 2, ""模特"": 1, ""卷发"": 1, ""和服"": 1, ""床上"": 1, ""短发"": 1, ""丁字裤"": 1, ""中年"": 1, ""内衣"": 1, ""口交"": 1, ""成熟"": 1, ""比基尼"": 1}",
/Volumes/HC530_1/待整理/AV/VENX-195.mp4,VENX-195.mp4,4527575064,4317.8,d86c9a23712efed97de2be079e007167,206.4,10,10,13,"姿势, 床上, 性感, 成熟, 模特, 浴室, 淡妆, 熟女, 苗条, 身材, 酒店, 长发, 马尾","{""身材"": 7, ""长发"": 7, ""苗条"": 7, ""床上"": 4, ""模特"": 3, ""酒店"": 3, ""淡妆"": 3, ""姿势"": 2, ""性感"": 2, ""马尾"": 1, ""浴室"": 1, ""熟女"": 1, ""成熟"": 1}",
/Volumes/HC530_1/待整理/AV/FC2PPV-3112420.mp4,FC2PPV-3112420.mp4,1890805054,1803.2,45d5da7627704eb4a21c3cd19b07976e,196.5,10,10,15,"丁字裤, 内衣, 口交, 姿势, 学生, 床上, 性感, 成熟, 模特, 短发, 苗条, 身材, 酒店, 长发, 马尾","{""身材"": 6, ""床上"": 6, ""酒店"": 6, ""苗条"": 5, ""姿势"": 3, ""性感"": 2, ""内衣"": 2, ""长发"": 2, ""学生"": 1, ""短发"": 1, ""模特"": 1, ""成熟"": 1, ""马尾"": 1, ""丁字裤"": 1, ""口交"": 1}",
/Volumes/HC530_1/待整理/AV/MIDV-103.mp4,MIDV-103.mp4,6694524778,6384.4,42ff3db4c12d881881bd2d1eb520a14e,208.4,10,10,17,"丝袜, 内衣, 卷发, 厨房, 双马尾, 姿势, 床上, 性感, 成熟, 模特, 浴室, 淡妆, 苗条, 身材, 酒店, 长发, 马尾","{""身材"": 5, ""长发"": 4, ""性感"": 3, ""模特"": 3, ""苗条"": 3, ""马尾"": 2, ""淡妆"": 2, ""内衣"": 2, ""丝袜"": 2, ""床上"": 1, ""双马尾"": 1, ""姿势"": 1, ""厨房"": 1, ""浴室"": 1, ""卷发"": 1, ""酒店"": 1, ""成熟"": 1}",
/Volumes/HC530_1/待整理/AV/IDBD-875.mp4,IDBD-875.mp4,10862570204,10359.4,c989e2a2fc42b5e7a2e9e6755081df94,272.3,11,11,20,"中年, 内衣, 办公室, 厨房, 口交, 大学生, 学生, 床上, 性感, 情趣, 按摩, 模特, 淡妆, 睡衣, 短发, 苗条, 身材, 酒店, 长发, 马尾","{""身材"": 8, ""长发"": 6, ""苗条"": 6, ""床上"": 3, ""性感"": 3, ""内衣"": 3, ""酒店"": 3, ""模特"": 2, ""马尾"": 2, ""睡衣"": 2, ""学生"": 2, ""大学生"": 1, ""口交"": 1, ""中年"": 1, ""短发"": 1, ""厨房"": 1, ""淡妆"": 1, ""按摩"": 1, ""办公室"": 1, ""情趣"": 1}",
/Volumes/HC530_1/待整理/AV/FGEN-001.mp4,FGEN-001.mp4,10543416255,10055.0,f92ca71d537674df35f90378eeaa5217,225.8,10,10,17,"中年, 内衣, 卷发, 和服, 姿势, 床上, 性感, 情趣, 按摩, 模特, 比基尼, 短发, 苗条, 身材, 酒店, 长发, 马尾","{""性感"": 5, ""身材"": 5, ""苗条"": 5, ""模特"": 4, ""短发"": 4, ""酒店"": 4, ""长发"": 2, ""姿势"": 2, ""按摩"": 2, ""和服"": 1, ""床上"": 1, ""马尾"": 1, ""比基尼"": 1, ""卷发"": 1, ""情趣"": 1, ""中年"": 1, ""内衣"": 1}",
/Volumes/HC530_1/待整理/AV/MIDV-212.mp4,MIDV-212.mp4,6894057500,6574.7,4e7299589b70490c77b06d38da5a911d,239.6,10,10,21,"丁字裤, 丝袜, 内衣, 制服, 双马尾, 口交, 姿势, 床上, 性感, 情趣, 成熟, 按摩, 模特, 浴室, 淡妆, 短发, 苗条, 身材, 酒店, 长发, 马尾","{""长发"": 5, ""马尾"": 5, ""性感"": 4, ""模特"": 3, ""双马尾"": 3, ""内衣"": 3, ""身材"": 3, ""情趣"": 3, ""按摩"": 3, ""姿势"": 2, ""口交"": 2, ""苗条"": 2, ""酒店"": 2, ""淡妆"": 1, ""浴室"": 1, ""丝袜"": 1, ""短发"": 1, ""制服"": 1, ""成熟"": 1, ""床上"": 1, ""丁字裤"": 1}",
/Volumes/HC530_1/待整理/AV/SAME-054.mp4,SAME-054.mp4,5419451623,5168.4,a5bb81a069af4e5c5902881e62ebe608,257.4,10,10,17,"丝袜, 办公室, 双马尾, 多人, 学校, 学生, 性感, 成熟, 模特, 淡妆, 瑜伽, 短发, 老师, 苗条, 身材, 长发, 马尾","{""身材"": 8, ""苗条"": 7, ""长发"": 6, ""学生"": 4, ""模特"": 3, ""瑜伽"": 3, ""马尾"": 3, ""丝袜"": 2, ""办公室"": 2, ""双马尾"": 2, ""多人"": 2, ""成熟"": 1, ""淡妆"": 1, ""学校"": 1, ""性感"": 1, ""短发"": 1, ""老师"": 1}",
/Volumes/HC530_1/待整理/AV/MIDV-354.mp4,MIDV-354.mp4,5463146556,5210.1,56bfb68b6d30ca067e41a74eac3a6d27,250.1,10,10,24,"中年, 丰满, 内衣, 制服, 卷发, 双马尾, 口交, 和服, 天花板, 姿势, 学生, 床上, 性感, 成熟, 模特, 浴室, 清纯, 真实, 短发, 苗条, 身材, 酒店, 长发, 马尾","{""身材"": 6, ""苗条"": 5, ""酒店"": 4, ""学生"": 3, ""制服"": 3, ""性感"": 3, ""短发"": 3, ""模特"": 2, ""清纯"": 1, ""和服"": 1, ""真实"": 1, ""姿势"": 1, ""长发"": 1, ""天花板"": 1, ""中年"": 1, ""卷发"": 1, ""浴室"": 1, ""口交"": 1, ""成熟"": 1, ""马尾"": 1, ""双马尾"": 1, ""丰满"": 1, ""内衣"": 1, ""床上"": 1}",
/Volumes/HC530_1/待整理/AV/IPZZ-058.mp4,IPZZ-058.mp4,7111184432,6781.8,6c95bfef5f4b5687d14cee746313698e,237.6,10,10,17,"丁字裤, 内衣, 制服, 厨房, 口交, 姿势, 学生, 床上, 性感, 护士, 模特, 浴室, 短发, 苗条, 身材, 酒店, 长发","{""身材"": 7, ""短发"": 6, ""苗条"": 5, ""酒店"": 5, ""床上"": 4, ""内衣"": 3, ""姿势"": 3, ""长发"": 3, ""丁字裤"": 2, ""模特"": 2, ""性感"": 2, ""厨房"": 1, ""学生"": 1, ""口交"": 1, ""护士"": 1, ""制服"": 1, ""浴室"": 1}",
/Volumes/HC530_1/待整理/AV/MBYD-351.mp4,MBYD-351.mp4,5749283192,5482.9,ed98f8d6802c874e03cbb247bc5ea342,225.5,11,11,13,"丁字裤, 中年, 内衣, 厨房, 双马尾, 床上, 性感, 模特, 短发, 苗条, 身材, 长发, 马尾","{""身材"": 4, ""长发"": 4, ""模特"": 3, ""性感"": 2, ""苗条"": 2, ""内衣"": 2, ""短发"": 1, ""马尾"": 1, ""双马尾"": 1, ""床上"": 1, ""丁字裤"": 1, ""中年"": 1, ""厨房"": 1}",
/Volumes/HC530_1/待整理/AV/IPX-691.mp4,IPX-691.mp4,6968532199,6645.7,ea3a59ffab06c459b0fc730cbcf8f6ac,260.5,11,11,21,"内衣, 办公室, 卷发, 双马尾, 大学生, 姿势, 学生, 床上, 性感, 情趣, 按摩, 模特, 淡妆, 眼镜, 短发, 苗条, 身材, 运动装, 酒店, 长发, 马尾","{""长发"": 6, ""性感"": 5, ""模特"": 3, ""床上"": 3, ""马尾"": 2, ""学生"": 2, ""姿势"": 2, ""身材"": 2, ""双马尾"": 1, ""眼镜"": 1, ""运动装"": 1, ""情趣"": 1, ""内衣"": 1, ""短发"": 1, ""卷发"": 1, ""大学生"": 1, ""苗条"": 1, ""酒店"": 1, ""办公室"": 1, ""淡妆"": 1, ""按摩"": 1}",
/Volumes/HC530_1/待整理/AV/YMDD-323.mp4,YMDD-323.mp4,6217634676,5929.6,593cf5876c68bc5f45262b42c246af5c,259.5,11,11,19,"内衣, 制服, 姿势, 学生, 床上, 性感, 成熟, 模特, 淡妆, 熟女, 瑜伽, 短发, 红唇, 苗条, 身材, 车内, 酒店, 长发, 马尾","{""长发"": 7, ""酒店"": 5, ""身材"": 4, ""模特"": 4, ""苗条"": 3, ""性感"": 3, ""短发"": 2, ""床上"": 2, ""瑜伽"": 1, ""淡妆"": 1, ""学生"": 1, ""马尾"": 1, ""制服"": 1, ""内衣"": 1, ""熟女"": 1, ""姿势"": 1, ""成熟"": 1, ""红唇"": 1, ""车内"": 1}",
/Volumes/HC530_1/待整理/AV/XXFHD.COM_原版首发_IPX-416.mp4,XXFHD.COM_原版首发_IPX-416.mp4,7001524272,6677.2,734e3df89fb2f71674e00f883c222f71,246.6,11,11,23,"上司, 丝袜, 制服, 办公室, 大学生, 姿势, 学生, 床上, 性感, 情趣, 成熟, 护士, 模特, 淡妆, 清纯, 睡衣, 短发, 职业装, 苗条, 身材, 酒店, 长发, 马尾","{""长发"": 7, ""身材"": 6, ""苗条"": 3, ""床上"": 3, ""性感"": 3, ""酒店"": 3, ""学生"": 2, ""模特"": 2, ""马尾"": 2, ""大学生"": 1, ""丝袜"": 1, ""情趣"": 1, ""短发"": 1, ""清纯"": 1, ""姿势"": 1, ""职业装"": 1, ""护士"": 1, ""淡妆"": 1, ""制服"": 1, ""成熟"": 1, ""睡衣"": 1, ""办公室"": 1, ""上司"": 1}",
/Volumes/HC530_1/待整理/AV/SSIS-500.mp4,SSIS-500.mp4,8393610266,8004.8,91ef288301b92e18180ab41838e47ad0,239.4,10,10,17,"丝袜, 内衣, 制服, 双马尾, 口交, 床上, 性感, 情趣, 模特, 浴室, 清纯, 短发, 苗条, 身材, 酒店, 长发, 马尾","{""长发"": 7, ""身材"": 4, ""性感"": 4, ""模特"": 4, ""内衣"": 3, ""苗条"": 2, ""床上"": 2, ""酒店"": 2, ""情趣"": 2, ""马尾"": 2, ""丝袜"": 1, ""清纯"": 1, ""口交"": 1, ""浴室"": 1, ""短发"": 1, ""制服"": 1, ""双马尾"": 1}",
/Volumes/HC530_1/待整理/AV/SAN-162.mp4,SAN-162.mp4,5486812283,5232.6,0d8a2f97e2e957d899e60501a304e252,215.8,11,11,15,"内衣, 口交, 姿势, 学生, 床上, 性感, 按摩, 模特, 短发, 精液, 苗条, 身材, 长发, 马尾, 高大","{""长发"": 5, ""身材"": 5, ""学生"": 3, ""床上"": 3, ""苗条"": 3, ""姿势"": 2, ""短发"": 2, ""口交"": 1, ""高大"": 1, ""内衣"": 1, ""按摩"": 1, ""精液"": 1, ""性感"": 1, ""模特"": 1, ""马尾"": 1}",
/Volumes/HC530_1/待整理/AV/MVG-053.mp4,MVG-053.mp4,8109814087,7734.1,c51df07c45c60e806d6cdd23c031b5a2,266.5,10,10,19,"中年, 会所, 卷发, 多人, 学生, 床上, 情趣, 成熟, 按摩, 旗袍, 模特, 淡妆, 短发, 职业装, 苗条, 身材, 酒店, 长发, 马尾","{""长发"": 8, ""身材"": 4, ""短发"": 4, ""卷发"": 2, ""苗条"": 2, ""酒店"": 2, ""旗袍"": 1, ""床上"": 1, ""职业装"": 1, ""会所"": 1, ""按摩"": 1, ""模特"": 1, ""成熟"": 1, ""中年"": 1, ""淡妆"": 1, ""学生"": 1, ""多人"": 1, ""马尾"": 1, ""情趣"": 1}",
/Volumes/HC530_1/待整理/AV/MIDV-210.mp4,MIDV-210.mp4,6785015625,6470.7,08cb0b15ee66d2436dc23d9a37473f94,213.7,10,10,16,"制服, 口交, 娇小, 学生, 床上, 性感, 模特, 比基尼, 淡妆, 清纯, 短发, 红唇, 苗条, 身材, 酒店, 长发","{""身材"": 8, ""长发"": 6, ""苗条"": 4, ""床上"": 2, ""酒店"": 2, ""口交"": 2, ""模特"": 2, ""清纯"": 1, ""学生"": 1, ""制服"": 1, ""娇小"": 1, ""性感"": 1, ""短发"": 1, ""淡妆"": 1, ""比基尼"": 1, ""红唇"": 1}",
/Volumes/HC530_1/待整理/AV/REBD-724.mp4,REBD-724.mp4,3420306785,3261.9,81a1fe11681f24768945c0b121b913c0,294.4,11,11,20,"主播, 内衣, 厨房, 姿势, 学校, 学生, 床上, 性感, 成熟, 模特, 浴室, 淡妆, 清纯, 短发, 苗条, 身材, 酒店, 长发, 马尾, 高大","{""性感"": 8, ""身材"": 6, ""短发"": 6, ""长发"": 5, ""苗条"": 5, ""模特"": 4, ""马尾"": 3, ""浴室"": 2, ""姿势"": 2, ""成熟"": 1, ""高大"": 1, ""内衣"": 1, ""清纯"": 1, ""主播"": 1, ""淡妆"": 1, ""厨房"": 1, ""酒店"": 1, ""床上"": 1, ""学生"": 1, ""学校"": 1}",
/Volumes/HC530_1/待整理/AV/SSIS-253.mp4,SSIS-253.mp4,7461389259,7115.7,7a42838fde0f7e70a77220406995a7da,231.4,10,10,19,"中年, 内衣, 制服, 办公室, 医生, 卷发, 姿势, 床上, 律师, 性感, 护士, 模特, 淡妆, 职业装, 苗条, 身材, 车内, 长发, 马尾","{""长发"": 7, ""身材"": 4, ""职业装"": 3, ""淡妆"": 2, ""车内"": 2, ""性感"": 2, ""中年"": 1, ""办公室"": 1, ""医生"": 1, ""律师"": 1, ""姿势"": 1, ""内衣"": 1, ""模特"": 1, ""马尾"": 1, ""苗条"": 1, ""卷发"": 1, ""床上"": 1, ""护士"": 1, ""制服"": 1}",
/Volumes/HC530_1/待整理/AV/PRED-505.mp4,PRED-505.mp4,6964116441,6641.5,e7c78a513e1c0368288e49e316c2b2db,209.1,10,10,13,"丝袜, 内衣, 姿势, 床上, 性感, 情趣, 按摩, 模特, 短发, 苗条, 身材, 酒店, 长发","{""身材"": 5, ""模特"": 4, ""长发"": 4, ""苗条"": 4, ""性感"": 3, ""床上"": 2, ""内衣"": 2, ""酒店"": 2, ""姿势"": 1, ""按摩"": 1, ""丝袜"": 1, ""情趣"": 1, ""短发"": 1}",
/Volumes/HC530_1/待整理/AV/SSIS-700.mp4,SSIS-700.mp4,6395330284,6099.1,2bb53f64f5718bb282c8c08c58cc74a5,196.9,10,10,18,"内衣, 口交, 多人, 姿势, 床上, 性感, 成熟, 按摩, 模特, 浴室, 熟女, 眼镜, 短发, 苗条, 身材, 酒店, 长发, 马尾","{""长发"": 6, ""身材"": 6, ""模特"": 4, ""苗条"": 4, ""床上"": 3, ""短发"": 3, ""性感"": 3, ""内衣"": 2, ""马尾"": 2, ""口交"": 1, ""姿势"": 1, ""按摩"": 1, ""酒店"": 1, ""熟女"": 1, ""眼镜"": 1, ""成熟"": 1, ""浴室"": 1, ""多人"": 1}",
/Volumes/HC530_1/待整理/AV/MIAA-832.mp4,MIAA-832.mp4,7166785221,6834.8,81c00dae478d185f2d821419bae4b3d8,206.3,10,10,20,"内衣, 制服, 卷发, 口交, 姿势, 性感, 成熟, 按摩, 模特, 浴室, 熟女, 真实, 短发, 空姐, 职业装, 苗条, 身材, 酒店, 长发, 马尾","{""身材"": 7, ""苗条"": 4, ""性感"": 3, ""口交"": 3, ""长发"": 3, ""马尾"": 3, ""浴室"": 3, ""模特"": 2, ""内衣"": 2, ""卷发"": 2, ""空姐"": 1, ""职业装"": 1, ""制服"": 1, ""熟女"": 1, ""成熟"": 1, ""短发"": 1, ""真实"": 1, ""姿势"": 1, ""按摩"": 1, ""酒店"": 1}",
/Volumes/HC530_1/待整理/AV/SSNI-706.mp4,SSNI-706.mp4,5574532011,5316.3,e5325275e69f87242d0dad72b5bb7ab8,257.8,11,11,17,"内衣, 口交, 姿势, 学生, 少女, 床上, 性感, 按摩, 模特, 比基尼, 眼镜, 短发, 苗条, 身材, 酒店, 长发, 马尾","{""身材"": 10, ""苗条"": 6, ""模特"": 5, ""长发"": 5, ""床上"": 4, ""学生"": 3, ""马尾"": 2, ""酒店"": 2, ""性感"": 2, ""短发"": 2, ""姿势"": 2, ""少女"": 1, ""比基尼"": 1, ""按摩"": 1, ""内衣"": 1, ""口交"": 1, ""眼镜"": 1}",
/Volumes/HC530_1/待整理/AV/SSIS-437.mp4,SSIS-437.mp4,5308128094,5062.2,42fcae0129ddd68cac5117cdbfab4827,253.6,10,10,18,"丝袜, 制服, 办公室, 卷发, 多人, 姿势, 学生, 床上, 性感, 成熟, 模特, 短发, 秘书, 职业装, 苗条, 身材, 长发, 马尾","{""长发"": 5, ""身材"": 4, ""丝袜"": 4, ""学生"": 4, ""苗条"": 4, ""马尾"": 4, ""床上"": 3, ""制服"": 3, ""姿势"": 2, ""短发"": 1, ""职业装"": 1, ""办公室"": 1, ""秘书"": 1, ""多人"": 1, ""成熟"": 1, ""性感"": 1, ""模特"": 1, ""卷发"": 1}",
/Volumes/HC530_1/待整理/AV/JUQ-216.mp4,JUQ-216.mp4,7141503733,6810.7,abe4db95c9d3e6874e71ef426cebe9d6,227.5,10,10,20,"丝袜, 内衣, 办公室, 卷发, 天花板, 姿势, 学生, 床上, 性感, 情趣, 成熟, 模特, 熟女, 短发, 老师, 苗条, 身材, 酒店, 长发, 马尾","{""身材"": 6, ""性感"": 4, ""长发"": 4, ""马尾"": 3, ""模特"": 3, ""内衣"": 3, ""短发"": 2, ""姿势"": 2, ""床上"": 2, ""苗条"": 2, ""酒店"": 2, ""丝袜"": 1, ""办公室"": 1, ""老师"": 1, ""学生"": 1, ""熟女"": 1, ""成熟"": 1, ""卷发"": 1, ""天花板"": 1, ""情趣"": 1}",
/Volumes/HC530_1/待整理/AV/MILK-171.mp4,MILK-171.mp4,5425642180,5174.3,47f4089f3d025de077b889bb9d268e00,242.3,11,11,18,"内衣, 制服, 口交, 学生, 床上, 性感, 护士, 旗袍, 模特, 清纯, 短发, 老师, 自慰, 苗条, 身材, 酒店, 长发, 马尾","{""身材"": 5, ""长发"": 4, ""学生"": 4, ""床上"": 4, ""短发"": 3, ""模特"": 2, ""性感"": 2, ""制服"": 2, ""酒店"": 2, ""旗袍"": 1, ""护士"": 1, ""清纯"": 1, ""口交"": 1, ""内衣"": 1, ""老师"": 1, ""马尾"": 1, ""苗条"": 1, ""自慰"": 1}",
/Volumes/HC530_1/待整理/AV/300MIUM-868.mp4,300MIUM-868.mp4,5553596163,5296.3,e5b41f2a2402130cf5cf53442b842002,243.2,11,11,13,"口交, 姿势, 性感, 按摩, 模特, 比基尼, 浴室, 职业装, 苗条, 身材, 酒店, 长发, 马尾","{""长发"": 7, ""身材"": 6, ""模特"": 5, ""性感"": 4, ""苗条"": 3, ""酒店"": 3, ""姿势"": 3, ""比基尼"": 2, ""职业装"": 1, ""马尾"": 1, ""浴室"": 1, ""按摩"": 1, ""口交"": 1}",
/Volumes/HC530_1/待整理/AV/MIDV-185.mp4,MIDV-185.mp4,6458375151,6159.2,c8fe1a0d781c39d87da6b54ee01cc982,237.5,10,10,18,"丝袜, 中年, 内衣, 制服, 医院, 和服, 多人, 学校, 学生, 按摩, 淡妆, 短发, 空姐, 苗条, 身材, 酒店, 长发, 马尾","{""身材"": 5, ""短发"": 4, ""学生"": 3, ""制服"": 3, ""长发"": 3, ""苗条"": 2, ""多人"": 2, ""丝袜"": 1, ""内衣"": 1, ""空姐"": 1, ""中年"": 1, ""淡妆"": 1, ""学校"": 1, ""和服"": 1, ""酒店"": 1, ""按摩"": 1, ""马尾"": 1, ""医院"": 1}",
/Volumes/HC530_1/待整理/AV/MIDV-283.mp4,MIDV-283.mp4,7131355519,6801.0,c9d81a623e140a74f50000be301a338f,226.2,10,10,15,"中年, 内衣, 口交, 姿势, 学生, 少女, 床上, 浴室, 淡妆, 短发, 职业装, 苗条, 身材, 酒店, 长发","{""身材"": 6, ""酒店"": 6, ""短发"": 5, ""姿势"": 4, ""长发"": 3, ""学生"": 2, ""床上"": 2, ""口交"": 1, ""淡妆"": 1, ""内衣"": 1, ""中年"": 1, ""浴室"": 1, ""职业装"": 1, ""苗条"": 1, ""少女"": 1}",
/Volumes/HC530_1/待整理/AV/SSIS-666.mp4,SSIS-666.mp4,6474011122,6174.1,2f8e14428f30329b091eb86b4be36d88,239.5,10,10,16,"双马尾, 口交, 姿势, 床上, 性感, 情趣, 成熟, 按摩, 模特, 比基尼, 真实, 短发, 苗条, 身材, 长发, 马尾","{""长发"": 4, ""身材"": 4, ""短发"": 4, ""床上"": 3, ""苗条"": 3, ""模特"": 2, ""真实"": 1, ""马尾"": 1, ""双马尾"": 1, ""口交"": 1, ""姿势"": 1, ""情趣"": 1, ""按摩"": 1, ""性感"": 1, ""成熟"": 1, ""比基尼"": 1}",
/Volumes/HC530_1/待整理/AV/MAAN-854.mp4,MAAN-854.mp4,3038004280,2897.3,1cf8d26f7a72f66bfe46142a0b85ba98,236.2,11,11,19,"中年, 丰满, 内衣, 口交, 和服, 天花板, 姿势, 床上, 性感, 成熟, 旗袍, 模特, 浴室, 短发, 苗条, 身材, 酒店, 长发, 马尾","{""长发"": 7, ""身材"": 6, ""模特"": 5, ""苗条"": 5, ""和服"": 3, ""酒店"": 2, ""口交"": 2, ""短发"": 2, ""床上"": 2, ""浴室"": 2, ""姿势"": 2, ""性感"": 2, ""天花板"": 1, ""旗袍"": 1, ""马尾"": 1, ""中年"": 1, ""丰满"": 1, ""内衣"": 1, ""成熟"": 1}",
/Volumes/HC530_1/待整理/AV/STARS-798.mp4,STARS-798.mp4,6964811304,6642.2,40a2cf06ee92184294e1e43abd99d4d3,267.7,11,11,21,"丁字裤, 丝袜, 内衣, 办公室, 卷发, 双马尾, 姿势, 床上, 性感, 情趣, 成熟, 按摩, 模特, 真实, 短发, 苗条, 身材, 酒店, 长发, 马尾, 黑丝","{""身材"": 5, ""长发"": 5, ""酒店"": 5, ""内衣"": 5, ""性感"": 5, ""床上"": 4, ""苗条"": 4, ""短发"": 4, ""真实"": 2, ""姿势"": 2, ""模特"": 2, ""丁字裤"": 2, ""按摩"": 1, ""办公室"": 1, ""情趣"": 1, ""马尾"": 1, ""双马尾"": 1, ""成熟"": 1, ""黑丝"": 1, ""丝袜"": 1, ""卷发"": 1}",
/Volumes/HC530_1/待整理/AV/KWBD-283.mp4,KWBD-283.mp4,3933952601,3751.7,29756be1b095a577a264932bc98be666,241.7,11,11,21,"丁字裤, 中年, 内衣, 制服, 双马尾, 口交, 和服, 天花板, 姿势, 床上, 性感, 成熟, 护士, 模特, 熟女, 短发, 苗条, 身材, 酒店, 长发, 马尾","{""身材"": 8, ""苗条"": 6, ""长发"": 6, ""姿势"": 3, ""模特"": 2, ""马尾"": 2, ""双马尾"": 2, ""性感"": 2, ""床上"": 2, ""酒店"": 2, ""内衣"": 2, ""短发"": 1, ""天花板"": 1, ""中年"": 1, ""护士"": 1, ""制服"": 1, ""熟女"": 1, ""丁字裤"": 1, ""成熟"": 1, ""和服"": 1, ""口交"": 1}",
/Volumes/HC530_1/待整理/AV/YMDS-137.mp4,YMDS-137.mp4,2185925565,2084.7,f83abb1431abab435fdfb3a2d14a7bf2,271.7,11,11,14,"丰满, 双马尾, 口交, 学生, 床上, 成熟, 按摩, 模特, 淡妆, 短发, 苗条, 身材, 长发, 马尾","{""短发"": 5, ""长发"": 4, ""模特"": 3, ""身材"": 3, ""学生"": 2, ""苗条"": 2, ""按摩"": 2, ""成熟"": 1, ""丰满"": 1, ""口交"": 1, ""马尾"": 1, ""双马尾"": 1, ""淡妆"": 1, ""床上"": 1}",
/Volumes/HC530_1/待整理/AV/MIAD-957_UNCENSORED.mp4,MIAD-957_UNCENSORED.mp4,4585566381,4373.1,b6dfa4bda99acbd67b4e01ac76017c85,234.4,11,11,16,"制服, 办公室, 口交, 天花板, 姿势, 学生, 床上, 性感, 模特, 淡妆, 真实, 短发, 苗条, 身材, 酒店, 马尾","{""短发"": 7, ""身材"": 4, ""床上"": 4, ""学生"": 3, ""模特"": 3, ""苗条"": 2, ""酒店"": 2, ""淡妆"": 2, ""性感"": 2, ""办公室"": 1, ""真实"": 1, ""制服"": 1, ""口交"": 1, ""马尾"": 1, ""姿势"": 1, ""天花板"": 1}",
/Volumes/HC530_1/待整理/AV/SSIS-388.mp4,SSIS-388.mp4,6896789928,6577.3,f11ff83084b09de439955d8ccce6b561,237.5,11,11,18,"中年, 内衣, 卷发, 口交, 姿势, 床上, 性感, 成熟, 按摩, 模特, 淡妆, 熟女, 短发, 红唇, 身材, 酒店, 长发, 马尾","{""性感"": 4, ""模特"": 4, ""长发"": 3, ""酒店"": 3, ""身材"": 3, ""卷发"": 2, ""淡妆"": 2, ""内衣"": 2, ""短发"": 1, ""姿势"": 1, ""中年"": 1, ""熟女"": 1, ""成熟"": 1, ""红唇"": 1, ""床上"": 1, ""马尾"": 1, ""口交"": 1, ""按摩"": 1}",
/Volumes/HC530_1/待整理/AV/324SRTD-0353.mp4,324SRTD-0353.mp4,2656093467,2533.0,0cb490f06acbd59672cdfec12e09d77b,281.1,11,11,18,"内衣, 卷发, 姿势, 床上, 性感, 成熟, 按摩, 模特, 浴室, 熟女, 睡衣, 短发, 红唇, 职业装, 苗条, 身材, 酒店, 长发","{""长发"": 6, ""模特"": 3, ""熟女"": 2, ""性感"": 2, ""姿势"": 2, ""成熟"": 2, ""红唇"": 2, ""内衣"": 2, ""酒店"": 2, ""床上"": 2, ""身材"": 2, ""苗条"": 2, ""按摩"": 1, ""浴室"": 1, ""短发"": 1, ""卷发"": 1, ""睡衣"": 1, ""职业装"": 1}",
/Volumes/HC530_1/待整理/AV/PBD-443.mp4,PBD-443.mp4,10543339956,10054.9,e2a6d62c522fc059e69fa42ea2649911,247.8,10,10,19,"丁字裤, 中年, 内射, 内衣, 卷发, 口交, 姿势, 学生, 床上, 性感, 情趣, 模特, 眼镜, 短发, 自慰, 苗条, 身材, 酒店, 长发","{""床上"": 5, ""身材"": 4, ""短发"": 4, ""苗条"": 4, ""性感"": 3, ""内衣"": 3, ""酒店"": 3, ""长发"": 3, ""口交"": 2, ""卷发"": 1, ""内射"": 1, ""自慰"": 1, ""情趣"": 1, ""模特"": 1, ""中年"": 1, ""姿势"": 1, ""丁字裤"": 1, ""眼镜"": 1, ""学生"": 1}",
/Volumes/HC530_1/待整理/AV/YMDD-322.mp4,YMDD-322.mp4,5547138740,5290.2,539ffa536ba8c58beed820c713a5123e,270.3,11,11,20,"丁字裤, 中年, 内衣, 卷发, 口交, 多人, 姿势, 床上, 性感, 情趣, 成熟, 模特, 熟女, 短发, 苗条, 调教, 身材, 酒店, 长发, 黑丝","{""身材"": 9, ""苗条"": 8, ""短发"": 6, ""性感"": 5, ""模特"": 3, ""床上"": 3, ""姿势"": 3, ""酒店"": 3, ""长发"": 3, ""内衣"": 3, ""卷发"": 2, ""熟女"": 1, ""成熟"": 1, ""中年"": 1, ""黑丝"": 1, ""多人"": 1, ""口交"": 1, ""情趣"": 1, ""调教"": 1, ""丁字裤"": 1}",
/Volumes/HC530_1/待整理/AV/IPZZ-056.mp4,IPZZ-056.mp4,7734546976,7376.2,f6c613b2dac5cdf5383031f189ae5df2,209.6,10,10,16,"内衣, 口交, 姿势, 床上, 性感, 模特, 比基尼, 浴室, 睡衣, 短发, 职业装, 苗条, 身材, 酒店, 长发, 马尾","{""长发"": 7, ""身材"": 6, ""苗条"": 5, ""床上"": 4, ""酒店"": 4, ""睡衣"": 2, ""马尾"": 2, ""内衣"": 2, ""短发"": 1, ""姿势"": 1, ""职业装"": 1, ""浴室"": 1, ""性感"": 1, ""模特"": 1, ""比基尼"": 1, ""口交"": 1}",
/Volumes/HC530_1/待整理/AV/FSDSS-468.mp4,FSDSS-468.mp4,4786299109,4564.6,ba80d85845e728788e51ff66848dc2fc,284.7,11,11,22,"丁字裤, 丝袜, 内衣, 办公室, 双马尾, 口交, 和服, 学生, 床上, 性感, 旗袍, 模特, 比基尼, 浴室, 清纯, 短发, 职业装, 苗条, 身材, 酒店, 长发, 马尾","{""身材"": 8, ""长发"": 6, ""苗条"": 5, ""床上"": 4, ""内衣"": 4, ""性感"": 4, ""模特"": 4, ""口交"": 2, ""酒店"": 2, ""丁字裤"": 2, ""比基尼"": 2, ""办公室"": 2, ""短发"": 2, ""马尾"": 2, ""和服"": 1, ""丝袜"": 1, ""清纯"": 1, ""学生"": 1, ""双马尾"": 1, ""浴室"": 1, ""职业装"": 1, ""旗袍"": 1}",
/Volumes/HC530_1/待整理/AV/KBI-108.mp4,KBI-108.mp4,6754504469,6441.6,e914ab750fc8bfc1fd3d7e1eae893e11,240.0,11,11,13,"内衣, 双马尾, 和服, 床上, 性感, 按摩, 模特, 浴室, 红唇, 苗条, 身材, 长发, 马尾","{""长发"": 8, ""身材"": 4, ""苗条"": 3, ""马尾"": 3, ""性感"": 3, ""双马尾"": 2, ""床上"": 2, ""模特"": 2, ""浴室"": 1, ""按摩"": 1, ""内衣"": 1, ""红唇"": 1, ""和服"": 1}",
/Volumes/HC530_1/待整理/AV/SSIS-701.mp4,SSIS-701.mp4,8170005011,7791.5,2dc21a86fa974e4548cebe62173daee1,238.8,10,10,17,"内衣, 制服, 医生, 医院, 和服, 天花板, 姿势, 床上, 性感, 护士, 按摩, 模特, 短发, 苗条, 身材, 酒店, 长发","{""护士"": 5, ""身材"": 4, ""制服"": 4, ""短发"": 3, ""苗条"": 3, ""床上"": 2, ""长发"": 2, ""按摩"": 2, ""医院"": 2, ""酒店"": 1, ""天花板"": 1, ""医生"": 1, ""性感"": 1, ""模特"": 1, ""和服"": 1, ""内衣"": 1, ""姿势"": 1}",
/Volumes/HC530_1/待整理/AV/NIMA-016.mp4,NIMA-016.mp4,4697587750,4480.0,c65c3eccde60bda464a2f5c90cfaabe1,201.3,10,10,13,"OL, 中年, 口交, 学生, 床上, 律师, 性感, 模特, 短发, 苗条, 身材, 酒店, 长发","{""长发"": 5, ""短发"": 3, ""床上"": 2, ""模特"": 2, ""身材"": 2, ""苗条"": 2, ""学生"": 1, ""OL"": 1, ""口交"": 1, ""性感"": 1, ""酒店"": 1, ""律师"": 1, ""中年"": 1}",
/Volumes/HC530_1/待整理/AV/SSIS-382.mp4,SSIS-382.mp4,5467479630,5214.2,2d40a07ed9061d081954968f7ab17fef,216.0,11,11,17,"内衣, 厨房, 口交, 姿势, 床上, 性感, 成熟, 按摩, 模特, 浴室, 淡妆, 短发, 苗条, 身材, 酒店, 长发, 马尾","{""长发"": 8, ""身材"": 6, ""酒店"": 2, ""内衣"": 2, ""性感"": 2, ""浴室"": 2, ""床上"": 2, ""马尾"": 2, ""苗条"": 2, ""短发"": 2, ""姿势"": 1, ""按摩"": 1, ""成熟"": 1, ""口交"": 1, ""厨房"": 1, ""模特"": 1, ""淡妆"": 1}",
/Volumes/HC530_1/待整理/AV/REBD-717.mp4,REBD-717.mp4,3368872914,3212.8,45a6a6e2e4046e98ffb55976874ca438,531.7,11,11,21,"丁字裤, 中年, 内衣, 和服, 大学生, 女神, 姿势, 学生, 床上, 性感, 情趣, 成熟, 模特, 淡妆, 瑜伽, 眼镜, 短发, 苗条, 身材, 长发, 马尾","{""长发"": 8, ""身材"": 7, ""性感"": 5, ""模特"": 5, ""苗条"": 5, ""学生"": 2, ""内衣"": 2, ""短发"": 2, ""淡妆"": 2, ""大学生"": 1, ""马尾"": 1, ""女神"": 1, ""床上"": 1, ""成熟"": 1, ""中年"": 1, ""眼镜"": 1, ""情趣"": 1, ""和服"": 1, ""姿势"": 1, ""丁字裤"": 1, ""瑜伽"": 1}",
/Volumes/HC530_1/待整理/AV/SKJK-019.mp4,SKJK-019.mp4,5188437749,4948.1,6a99785f2897094fc6bcb5f616b8bbad,278.2,11,11,17,"中年, 制服, 和服, 姿势, 学生, 床上, 性感, 成熟, 模特, 淡妆, 熟女, 短发, 苗条, 身材, 酒店, 长发, 马尾","{""身材"": 7, ""苗条"": 6, ""学生"": 5, ""长发"": 5, ""模特"": 3, ""淡妆"": 3, ""酒店"": 3, ""床上"": 3, ""中年"": 2, ""性感"": 2, ""制服"": 2, ""短发"": 2, ""熟女"": 1, ""成熟"": 1, ""姿势"": 1, ""和服"": 1, ""马尾"": 1}",
/Volumes/HC530_1/待整理/AV/FC2-PPV-1363410/FC2-PPV-1363410.mp4,FC2-PPV-1363410.mp4,3562518745,3397.5,63f3e865ed8a5fca790d5a2a5de28c1d,245.8,11,11,17,"制服, 双马尾, 大学生, 姿势, 学校, 学生, 少女, 床上, 性感, 情趣, 短发, 苗条, 调教, 身材, 酒店, 长发, 马尾","{""床上"": 9, ""长发"": 7, ""身材"": 6, ""学生"": 5, ""酒店"": 5, ""苗条"": 4, ""情趣"": 4, ""短发"": 2, ""制服"": 2, ""马尾"": 2, ""大学生"": 1, ""性感"": 1, ""少女"": 1, ""双马尾"": 1, ""调教"": 1, ""姿势"": 1, ""学校"": 1}",
/Volumes/HC530_1/待整理/AV/FC2-PPV-3243171/FC2-PPV-3243171.mp4,FC2-PPV-3243171.mp4,2424253726,2311.9,057feee7334c6936db5c9144f3e04ef8,236.4,11,11,16,"中年, 内衣, 卷发, 口交, 和服, 姿势, 床上, 性感, 情趣, 按摩, 模特, 比基尼, 短发, 身材, 酒店, 长发","{""身材"": 5, ""短发"": 3, ""床上"": 3, ""中年"": 3, ""姿势"": 2, ""长发"": 2, ""情趣"": 2, ""口交"": 2, ""卷发"": 2, ""模特"": 1, ""性感"": 1, ""内衣"": 1, ""酒店"": 1, ""和服"": 1, ""按摩"": 1, ""比基尼"": 1}",
/Volumes/HC530_1/待整理/AV/凉森/ABF-007.mp4,ABF-007.mp4,8279528265,7896.0,05e4608a64d6a1aa8e1ed9a62a7d56d8,230.8,11,11,16,"丰满, 内衣, 口交, 姿势, 床上, 律师, 性感, 模特, 比基尼, 浴室, 短发, 苗条, 身材, 酒店, 长发, 马尾","{""身材"": 6, ""长发"": 4, ""苗条"": 3, ""酒店"": 3, ""短发"": 3, ""性感"": 1, ""模特"": 1, ""口交"": 1, ""浴室"": 1, ""马尾"": 1, ""比基尼"": 1, ""姿势"": 1, ""律师"": 1, ""丰满"": 1, ""内衣"": 1, ""床上"": 1}",
/Volumes/HC530_1/待整理/AV/凉森/ABF-017.mp4,ABF-017.mp4,5784181606,5516.2,af105433c4e580da749c3d1bed75c63b,227.9,11,11,16,"内衣, 制服, 办公室, 口交, 多人, 天花板, 床上, 性感, 模特, 短发, 苗条, 调教, 身材, 酒店, 长发, 马尾","{""长发"": 7, ""身材"": 5, ""酒店"": 4, ""短发"": 3, ""床上"": 2, ""马尾"": 2, ""苗条"": 2, ""性感"": 1, ""模特"": 1, ""内衣"": 1, ""天花板"": 1, ""口交"": 1, ""多人"": 1, ""调教"": 1, ""办公室"": 1, ""制服"": 1}",
/Volumes/HC530_1/待整理/AV/MIDV-354-C_GG5/!MIDV-354-C_GG5.mp4,!MIDV-354-C_GG5.mp4,5604281592,5344.7,c2c36209d19fda7595fa0ae9b0ff8d04,245.6,11,11,18,"丁字裤, 内衣, 制服, 口交, 姿势, 学生, 床上, 性感, 成熟, 模特, 浴室, 清纯, 短发, 苗条, 身材, 酒店, 长发, 马尾","{""身材"": 7, ""长发"": 7, ""酒店"": 5, ""苗条"": 4, ""学生"": 3, ""马尾"": 2, ""短发"": 2, ""制服"": 2, ""性感"": 2, ""浴室"": 2, ""模特"": 2, ""清纯"": 1, ""姿势"": 1, ""口交"": 1, ""丁字裤"": 1, ""成熟"": 1, ""内衣"": 1, ""床上"": 1}",
/Volumes/HC530_1/待整理/AV/FC2-PPV-3246216/FC2-PPV-3246216.mp4,FC2-PPV-3246216.mp4,1278237543,1219.0,87768c7fd643682accf6ad8732649a54,234.2,10,10,19,"内衣, 制服, 卷发, 双马尾, 口交, 大学生, 天花板, 姿势, 学校, 学生, 床上, 性感, 淡妆, 短发, 苗条, 身材, 酒店, 长发, 马尾","{""床上"": 5, ""学生"": 5, ""长发"": 5, ""身材"": 4, ""酒店"": 4, ""制服"": 3, ""马尾"": 2, ""双马尾"": 2, ""内衣"": 2, ""性感"": 2, ""短发"": 1, ""淡妆"": 1, ""口交"": 1, ""姿势"": 1, ""苗条"": 1, ""大学生"": 1, ""卷发"": 1, ""天花板"": 1, ""学校"": 1}",
/Volumes/HC530_1/待整理/AV/Julia/MEYD-826.mp4,MEYD-826.mp4,6544051628,6240.9,ceed9e99cda48b87bbd839ba8788fb27,239.9,10,10,22,"丁字裤, 中年, 内衣, 制服, 办公室, 卷发, 双马尾, 口交, 姿势, 学生, 床上, 性感, 按摩, 模特, 睡衣, 短发, 老师, 苗条, 身材, 酒店, 长发, 马尾","{""长发"": 6, ""身材"": 5, ""苗条"": 4, ""床上"": 4, ""学生"": 3, ""办公室"": 3, ""模特"": 3, ""性感"": 3, ""姿势"": 3, ""马尾"": 2, ""酒店"": 2, ""双马尾"": 1, ""老师"": 1, ""中年"": 1, ""制服"": 1, ""卷发"": 1, ""睡衣"": 1, ""内衣"": 1, ""丁字裤"": 1, ""短发"": 1, ""按摩"": 1, ""口交"": 1}",
/Volumes/HC530_1/待整理/AV/Julia/PRED-434.mp4,PRED-434.mp4,5296617634,5051.2,e865e3a29a245fd4a050e98a2ac56528,243.6,10,10,16,"丁字裤, 丝袜, 内衣, 卷发, 口交, 床上, 性感, 成熟, 模特, 短发, 职业装, 苗条, 身材, 酒店, 长发, 马尾","{""身材"": 9, ""苗条"": 6, ""酒店"": 5, ""性感"": 5, ""长发"": 5, ""床上"": 3, ""模特"": 3, ""成熟"": 2, ""短发"": 2, ""内衣"": 2, ""职业装"": 1, ""卷发"": 1, ""马尾"": 1, ""丁字裤"": 1, ""丝袜"": 1, ""口交"": 1}",
/Volumes/HC530_1/待整理/AV/Julia/PRED-411.mp4,PRED-411.mp4,6739653977,6427.4,498393b2f62200b3f1c47e6e20c0e998,446.4,10,10,20,"丝袜, 中年, 内衣, 制服, 卷发, 口交, 后入, 姿势, 床上, 性感, 成熟, 模特, 浴室, 熟女, 睡衣, 短发, 苗条, 身材, 酒店, 长发","{""身材"": 8, ""苗条"": 5, ""长发"": 4, ""床上"": 3, ""短发"": 3, ""性感"": 3, ""姿势"": 2, ""内衣"": 2, ""模特"": 2, ""酒店"": 2, ""睡衣"": 1, ""制服"": 1, ""卷发"": 1, ""后入"": 1, ""浴室"": 1, ""熟女"": 1, ""成熟"": 1, ""口交"": 1, ""中年"": 1, ""丝袜"": 1}",
/Volumes/HC530_1/待整理/trans/av3/200GANA-2876.mp4,200GANA-2876.mp4,1977339526,1885.7,af4d8875594f4fe0fa4c31700bc3b1cb,239.9,11,11,16,"内衣, 卷发, 学生, 床上, 性感, 按摩, 模特, 淡妆, 漂亮, 瑜伽, 短发, 苗条, 身材, 酒店, 长发, 马尾","{""身材"": 10, ""长发"": 8, ""苗条"": 7, ""床上"": 5, ""性感"": 4, ""短发"": 3, ""模特"": 3, ""学生"": 1, ""按摩"": 1, ""瑜伽"": 1, ""酒店"": 1, ""淡妆"": 1, ""漂亮"": 1, ""马尾"": 1, ""内衣"": 1, ""卷发"": 1}",
/Volumes/HC530_1/待整理/trans/av3/NSFS-199.mp4,NSFS-199.mp4,4935009739,4706.4,98c0d6ed6e653326b816a84b467d4193,195.2,10,10,13,"中年, 内衣, 床上, 性感, 成熟, 模特, 淡妆, 短发, 职业装, 苗条, 身材, 酒店, 长发","{""身材"": 5, ""模特"": 3, ""长发"": 3, ""短发"": 3, ""床上"": 3, ""酒店"": 3, ""苗条"": 2, ""性感"": 2, ""中年"": 2, ""职业装"": 1, ""成熟"": 1, ""内衣"": 1, ""淡妆"": 1}",
/Volumes/HC530_1/待整理/trans/av3/REBD-756.mp4,REBD-756.mp4,3133550227,2988.4,e7ce4579b57b7e52b623c4c95b94941a,290.3,11,11,18,"丁字裤, 丰满, 内衣, 制服, 卷发, 双马尾, 姿势, 学生, 床上, 性感, 模特, 浴室, 淡妆, 睡衣, 苗条, 身材, 长发, 马尾","{""长发"": 10, ""身材"": 7, ""性感"": 5, ""模特"": 5, ""苗条"": 4, ""马尾"": 3, ""姿势"": 2, ""淡妆"": 2, ""内衣"": 2, ""学生"": 2, ""双马尾"": 2, ""卷发"": 1, ""制服"": 1, ""丁字裤"": 1, ""浴室"": 1, ""睡衣"": 1, ""床上"": 1, ""丰满"": 1}",
/Volumes/HC530_1/待整理/trans/av3/FGEN-002.mp4,FGEN-002.mp4,10712978514,10216.7,ea9feb573dcc82bec3a5c313e521fc1d,259.3,11,11,21,"丁字裤, 内衣, 制服, 办公室, 和服, 女技师, 性感, 情趣, 成熟, 护士, 按摩, 模特, 淡妆, 眼镜, 短发, 老师, 职业装, 苗条, 身材, 酒店, 长发","{""身材"": 5, ""短发"": 5, ""性感"": 4, ""办公室"": 4, ""内衣"": 3, ""淡妆"": 3, ""苗条"": 3, ""模特"": 2, ""眼镜"": 2, ""护士"": 2, ""长发"": 2, ""和服"": 2, ""制服"": 2, ""按摩"": 2, ""成熟"": 1, ""老师"": 1, ""情趣"": 1, ""丁字裤"": 1, ""女技师"": 1, ""酒店"": 1, ""职业装"": 1}",
/Volumes/HC530_1/待整理/trans/av3/FSDSS-632.mp4,FSDSS-632.mp4,3831763234,3654.3,4ee6fcb3e5c874aa4a2c1ab5b4631cd8,284.3,11,11,24,"内衣, 制服, 办公室, 双马尾, 口交, 姿势, 学生, 少女, 床上, 律师, 性感, 情趣, 成熟, 模特, 浴室, 清纯, 熟女, 短发, 自慰, 苗条, 身材, 酒店, 长发, 马尾","{""身材"": 5, ""性感"": 5, ""长发"": 5, ""马尾"": 3, ""模特"": 2, ""苗条"": 2, ""酒店"": 2, ""床上"": 2, ""学生"": 2, ""短发"": 2, ""办公室"": 2, ""姿势"": 2, ""情趣"": 2, ""口交"": 2, ""成熟"": 2, ""内衣"": 2, ""清纯"": 1, ""少女"": 1, ""制服"": 1, ""双马尾"": 1, ""浴室"": 1, ""自慰"": 1, ""熟女"": 1, ""律师"": 1}",
/Volumes/HC530_1/待整理/trans/av3/APNS-316.mp4,APNS-316.mp4,5123374762,4886.0,06cc79a56b68208a7449e736fe61944f,236.9,10,10,20,"中年, 内衣, 制服, 卷发, 多人, 姿势, 床上, 性感, 成熟, 旗袍, 模特, 浴室, 淡妆, 熟女, 短发, 苗条, 身材, 酒店, 长发, 马尾","{""长发"": 5, ""身材"": 4, ""多人"": 3, ""中年"": 3, ""床上"": 3, ""酒店"": 3, ""模特"": 2, ""短发"": 2, ""苗条"": 2, ""性感"": 2, ""旗袍"": 1, ""卷发"": 1, ""制服"": 1, ""熟女"": 1, ""成熟"": 1, ""浴室"": 1, ""姿势"": 1, ""淡妆"": 1, ""马尾"": 1, ""内衣"": 1}",
/Volumes/HC530_1/待整理/trans/av3/SSIS-738.mp4,SSIS-738.mp4,6555447140,6251.8,355923c18b177c5c68ca86719b4e5b65,255.6,10,10,18,"丝袜, 中年, 内衣, 制服, 口交, 学生, 床上, 性感, 成熟, 模特, 浴室, 清纯, 短发, 苗条, 身材, 酒店, 长发, 马尾","{""身材"": 6, ""性感"": 4, ""长发"": 4, ""苗条"": 4, ""模特"": 3, ""酒店"": 3, ""短发"": 3, ""床上"": 2, ""内衣"": 1, ""丝袜"": 1, ""清纯"": 1, ""马尾"": 1, ""制服"": 1, ""学生"": 1, ""口交"": 1, ""成熟"": 1, ""浴室"": 1, ""中年"": 1}",
/Volumes/HC530_1/待整理/trans/av3/261ARA-573.mp4,261ARA-573.mp4,4467800106,4260.8,6058bec1dd0b30ba9e8f6a45790ff32b,281.1,11,11,16,"丁字裤, 丰满, 主播, 办公室, 双马尾, 口交, 姿势, 性感, 成熟, 模特, 短发, 苗条, 身材, 车内, 长发, 马尾","{""身材"": 8, ""长发"": 8, ""苗条"": 5, ""性感"": 4, ""模特"": 4, ""马尾"": 3, ""姿势"": 3, ""车内"": 2, ""短发"": 2, ""丰满"": 2, ""口交"": 2, ""双马尾"": 1, ""成熟"": 1, ""丁字裤"": 1, ""办公室"": 1, ""主播"": 1}",
/Volumes/HC530_1/待整理/trans/av3/RVG-200.mp4,RVG-200.mp4,10841370416,10339.1,ecd5a88a8243d37bdba22f84dbd50d37,221.1,10,10,15,"内衣, 医院, 多人, 天花板, 学生, 床上, 成熟, 模特, 淡妆, 熟女, 眼镜, 短发, 苗条, 身材, 长发","{""身材"": 7, ""长发"": 5, ""模特"": 2, ""苗条"": 2, ""内衣"": 2, ""天花板"": 2, ""短发"": 2, ""床上"": 2, ""学生"": 2, ""熟女"": 1, ""眼镜"": 1, ""多人"": 1, ""成熟"": 1, ""淡妆"": 1, ""医院"": 1}",
/Volumes/HC530_1/待整理/trans/av3/GDRD-004.mp4,GDRD-004.mp4,7296002962,6958.0,e641bc4217c5ed71df51a47992f4bcd2,250.4,10,10,18,"内衣, 卷发, 口交, 和服, 姿势, 床上, 性感, 成熟, 模特, 浴室, 淡妆, 熟女, 短发, 红唇, 苗条, 身材, 酒店, 长发","{""性感"": 7, ""模特"": 5, ""身材"": 4, ""长发"": 4, ""成熟"": 3, ""短发"": 3, ""卷发"": 3, ""红唇"": 2, ""苗条"": 2, ""酒店"": 2, ""熟女"": 1, ""姿势"": 1, ""浴室"": 1, ""和服"": 1, ""内衣"": 1, ""床上"": 1, ""口交"": 1, ""淡妆"": 1}",
/Volumes/HC530_1/待整理/trans/av3/KAMEF-039.mp4,KAMEF-039.mp4,4120985306,3930.1,13c8c50783e056810afd76cf0b727673,272.6,11,11,21,"丁字裤, 中年, 内衣, 双马尾, 大学生, 姿势, 学生, 床上, 性感, 情趣, 新娘, 模特, 比基尼, 浴室, 睡衣, 短发, 苗条, 身材, 酒店, 长发, 马尾","{""身材"": 5, ""短发"": 5, ""模特"": 4, ""酒店"": 4, ""床上"": 4, ""性感"": 4, ""苗条"": 3, ""内衣"": 3, ""长发"": 3, ""情趣"": 2, ""丁字裤"": 2, ""姿势"": 2, ""浴室"": 2, ""比基尼"": 1, ""大学生"": 1, ""学生"": 1, ""马尾"": 1, ""双马尾"": 1, ""新娘"": 1, ""中年"": 1, ""睡衣"": 1}",
/Volumes/HC530_1/待整理/trans/av3/MDTM-811.mp4,MDTM-811.mp4,5390954622,5141.2,db8a2aa688f457cf486180adbc0a17ef,256.8,10,10,16,"丝袜, 制服, 医生, 双马尾, 姿势, 学校, 学生, 床上, 浴室, 淡妆, 短发, 苗条, 身材, 酒店, 长发, 马尾","{""长发"": 6, ""学生"": 5, ""酒店"": 5, ""床上"": 5, ""身材"": 4, ""苗条"": 3, ""制服"": 3, ""姿势"": 2, ""浴室"": 2, ""学校"": 2, ""短发"": 1, ""淡妆"": 1, ""医生"": 1, ""马尾"": 1, ""双马尾"": 1, ""丝袜"": 1}",
/Volumes/HC530_1/待整理/trans/av3/531HFC-019.mp4,531HFC-019.mp4,2509618303,2393.4,c19c3d3e2f6057651ac6b5a8e0e4e8e3,269.9,11,11,15,"丰满, 办公室, 卷发, 学生, 床上, 按摩, 浴室, 淡妆, 眼镜, 短发, 老师, 苗条, 身材, 酒店, 长发","{""身材"": 6, ""长发"": 6, ""苗条"": 3, ""卷发"": 3, ""床上"": 3, ""短发"": 2, ""淡妆"": 2, ""酒店"": 2, ""老师"": 1, ""学生"": 1, ""办公室"": 1, ""丰满"": 1, ""眼镜"": 1, ""浴室"": 1, ""按摩"": 1}",
/Volumes/HC530_1/待整理/trans/av3/DNJR-104.mp4,DNJR-104.mp4,6445305560,6146.7,fdd0fa66b9eb866f53e27bbd641aeebc,250.3,10,10,16,"办公室, 双马尾, 姿势, 学校, 学生, 少女, 床上, 性感, 情趣, 按摩, 清纯, 苗条, 身材, 酒店, 长发, 马尾","{""长发"": 7, ""马尾"": 5, ""身材"": 4, ""床上"": 4, ""学生"": 3, ""苗条"": 3, ""双马尾"": 2, ""办公室"": 1, ""少女"": 1, ""学校"": 1, ""按摩"": 1, ""性感"": 1, ""情趣"": 1, ""姿势"": 1, ""清纯"": 1, ""酒店"": 1}",
/Volumes/HC530_1/待整理/trans/av3/FSDSS-624.mp4,FSDSS-624.mp4,3737313901,3564.2,8f8be56cc8d6c2cea2766505c83df639,293.9,11,11,19,"内衣, 办公室, 卷发, 口交, 姿势, 床上, 性感, 情趣, 成熟, 模特, 真实, 眼镜, 睡衣, 短发, 苗条, 身材, 酒店, 长发, 马尾","{""长发"": 8, ""身材"": 5, ""苗条"": 5, ""短发"": 4, ""床上"": 3, ""模特"": 3, ""马尾"": 3, ""内衣"": 2, ""性感"": 1, ""姿势"": 1, ""情趣"": 1, ""口交"": 1, ""酒店"": 1, ""成熟"": 1, ""真实"": 1, ""办公室"": 1, ""卷发"": 1, ""睡衣"": 1, ""眼镜"": 1}",
/Volumes/HC530_1/待整理/trans/av3/BACJ-061.mp4,BACJ-061.mp4,5349132614,5101.3,789daa5c2040394355469bba6161cac9,204.7,10,10,12,"丁字裤, 口交, 天花板, 姿势, 床上, 按摩, 模特, 淡妆, 短发, 苗条, 身材, 酒店","{""身材"": 9, ""苗条"": 7, ""短发"": 7, ""按摩"": 2, ""模特"": 2, ""床上"": 1, ""口交"": 1, ""姿势"": 1, ""丁字裤"": 1, ""淡妆"": 1, ""天花板"": 1, ""酒店"": 1}",
/Volumes/HC530_1/待整理/trans/av3/FSDSS-569.mp4,FSDSS-569.mp4,3664538539,3494.8,d5835be2152a1d43bd02c9eaee05f034,247.2,11,11,12,"中年, 内衣, 口交, 姿势, 学生, 床上, 性感, 情趣, 模特, 淡妆, 身材, 长发","{""长发"": 8, ""身材"": 3, ""学生"": 3, ""床上"": 3, ""性感"": 2, ""模特"": 2, ""口交"": 2, ""内衣"": 2, ""中年"": 1, ""姿势"": 1, ""淡妆"": 1, ""情趣"": 1}",
/Volumes/HC530_1/待整理/trans/av3/GDRD-003.mp4,GDRD-003.mp4,7484888356,7138.1,6b14aecfb1e51bff155a922e592d237f,246.5,10,10,15,"丁字裤, 内衣, 卷发, 和服, 姿势, 床上, 性感, 成熟, 模特, 比基尼, 苗条, 身材, 酒店, 长发, 马尾","{""性感"": 5, ""酒店"": 5, ""模特"": 4, ""长发"": 4, ""身材"": 3, ""马尾"": 2, ""内衣"": 2, ""床上"": 2, ""和服"": 1, ""姿势"": 1, ""丁字裤"": 1, ""卷发"": 1, ""苗条"": 1, ""比基尼"": 1, ""成熟"": 1}",
/Volumes/HC530_1/待整理/trans/av3/FSDSS-629.mp4,FSDSS-629.mp4,3848249528,3670.0,870ebf903aa6c062cbaf3446152543cf,233.4,11,11,17,"医生, 口交, 学生, 床上, 性感, 成熟, 护士, 淡妆, 清纯, 真实, 短发, 职业装, 苗条, 身材, 酒店, 长发, 马尾","{""长发"": 6, ""身材"": 5, ""苗条"": 5, ""床上"": 5, ""口交"": 4, ""马尾"": 3, ""真实"": 2, ""短发"": 2, ""职业装"": 1, ""护士"": 1, ""医生"": 1, ""清纯"": 1, ""学生"": 1, ""淡妆"": 1, ""性感"": 1, ""酒店"": 1, ""成熟"": 1}",
/Volumes/HC530_1/待整理/trans/av3/REAL-826.mp4,REAL-826.mp4,5846568805,5575.7,d38af005fed9af60d24ea09e9df9a61c,201.3,10,10,18,"办公室, 双马尾, 口交, 和服, 多人, 姿势, 学生, 床上, 性感, 模特, 浴室, 淡妆, 睡衣, 短发, 苗条, 身材, 长发, 马尾","{""长发"": 5, ""短发"": 3, ""床上"": 3, ""身材"": 2, ""模特"": 2, ""苗条"": 2, ""学生"": 2, ""马尾"": 2, ""姿势"": 2, ""淡妆"": 2, ""和服"": 1, ""浴室"": 1, ""口交"": 1, ""办公室"": 1, ""双马尾"": 1, ""睡衣"": 1, ""多人"": 1, ""性感"": 1}",
/Volumes/HC530_1/待整理/trans/av3/FSDSS-549.mp4,FSDSS-549.mp4,4804845740,4582.3,4a8a15ec48ecae5e768c3083838950fa,255.0,11,11,18,"中年, 制服, 办公室, 和服, 姿势, 学生, 床上, 模特, 淡妆, 睡衣, 短发, 秘书, 职业装, 苗条, 身材, 酒店, 长发, 马尾","{""长发"": 8, ""身材"": 7, ""床上"": 6, ""苗条"": 5, ""酒店"": 4, ""模特"": 3, ""马尾"": 2, ""短发"": 2, ""淡妆"": 2, ""办公室"": 1, ""和服"": 1, ""睡衣"": 1, ""秘书"": 1, ""学生"": 1, ""制服"": 1, ""职业装"": 1, ""中年"": 1, ""姿势"": 1}",
/Volumes/HC530_1/待整理/trans/av3/404DHT-0680.mp4,404DHT-0680.mp4,1129156050,1076.8,e8db96f79ff929414b6e159a034491ff,240.0,11,11,19,"丁字裤, 中年, 内衣, 制服, 办公室, 医生, 医院, 天花板, 姿势, 成熟, 护士, 按摩, 淡妆, 睡衣, 苗条, 身材, 酒店, 长发, 马尾","{""身材"": 7, ""长发"": 7, ""医生"": 5, ""苗条"": 4, ""医院"": 2, ""天花板"": 2, ""姿势"": 2, ""办公室"": 1, ""成熟"": 1, ""睡衣"": 1, ""酒店"": 1, ""按摩"": 1, ""丁字裤"": 1, ""护士"": 1, ""淡妆"": 1, ""马尾"": 1, ""内衣"": 1, ""中年"": 1, ""制服"": 1}",
/Volumes/HC530_1/待整理/trans/av3/328HMDNV-625.mp4,328HMDNV-625.mp4,4210555720,4015.5,2e082bb2df7951384f5c842be54457ac,223.9,11,11,18,"内衣, 制服, 医院, 卷发, 姿势, 学生, 床上, 性感, 护士, 旗袍, 模特, 浴室, 短发, 苗条, 身材, 酒店, 长发, 马尾","{""身材"": 4, ""短发"": 3, ""长发"": 2, ""床上"": 2, ""性感"": 2, ""姿势"": 2, ""模特"": 2, ""苗条"": 2, ""酒店"": 2, ""学生"": 1, ""护士"": 1, ""制服"": 1, ""医院"": 1, ""卷发"": 1, ""浴室"": 1, ""内衣"": 1, ""旗袍"": 1, ""马尾"": 1}",
/Volumes/HC530_1/待整理/trans/av3/FSDSS-626.mp4,FSDSS-626.mp4,3675239927,3505.0,ec20a1fb334453d8751392a0e3ab98e3,219.3,11,11,16,"丁字裤, 内衣, 姿势, 少女, 床上, 性感, 模特, 比基尼, 浴室, 瑜伽, 短发, 苗条, 身材, 酒店, 长发, 马尾","{""身材"": 9, ""苗条"": 8, ""长发"": 7, ""性感"": 5, ""模特"": 4, ""酒店"": 3, ""丁字裤"": 2, ""床上"": 2, ""姿势"": 2, ""内衣"": 2, ""少女"": 1, ""比基尼"": 1, ""浴室"": 1, ""短发"": 1, ""马尾"": 1, ""瑜伽"": 1}",
/Volumes/HC530_1/待整理/trans/av3/543TAXD-045.mp4,543TAXD-045.mp4,2519746235,2403.0,bb9eb1c852ba593d81566aee700e5ca4,217.8,11,11,17,"中年, 制服, 办公室, 学生, 床上, 成熟, 模特, 熟女, 真实, 睡衣, 短发, 苗条, 身材, 车内, 酒店, 长发, 马尾","{""身材"": 6, ""长发"": 6, ""床上"": 4, ""车内"": 3, ""模特"": 2, ""成熟"": 2, ""中年"": 2, ""马尾"": 2, ""短发"": 2, ""苗条"": 2, ""酒店"": 2, ""真实"": 1, ""睡衣"": 1, ""学生"": 1, ""办公室"": 1, ""制服"": 1, ""熟女"": 1}",
/Volumes/HC530_1/待整理/trans/av3/FSDSS-587.mp4,FSDSS-587.mp4,3884331935,3704.4,ecaedf181a2a0024de97fbe4a4a39f71,235.5,11,11,21,"丁字裤, 丝袜, 内衣, 双马尾, 口交, 姿势, 学生, 床上, 性感, 情趣, 成熟, 按摩, 旗袍, 模特, 淡妆, 短发, 苗条, 身材, 运动装, 长发, 马尾","{""长发"": 10, ""身材"": 5, ""苗条"": 5, ""性感"": 4, ""模特"": 4, ""短发"": 4, ""马尾"": 4, ""学生"": 2, ""床上"": 2, ""姿势"": 2, ""淡妆"": 1, ""双马尾"": 1, ""按摩"": 1, ""丁字裤"": 1, ""运动装"": 1, ""情趣"": 1, ""成熟"": 1, ""内衣"": 1, ""口交"": 1, ""丝袜"": 1, ""旗袍"": 1}",
/Volumes/HC530_1/待整理/trans/av3/FSDSS-556.mp4,FSDSS-556.mp4,4658200945,4442.4,4895c25a661b09b89d5b65fa546e4a76,265.7,11,11,18,"中年, 制服, 办公室, 口交, 大学生, 姿势, 学校, 学生, 按摩, 模特, 淡妆, 眼镜, 秘书, 老师, 苗条, 身材, 长发, 马尾","{""长发"": 7, ""身材"": 5, ""学生"": 5, ""办公室"": 4, ""苗条"": 4, ""马尾"": 4, ""学校"": 3, ""制服"": 2, ""姿势"": 1, ""秘书"": 1, ""老师"": 1, ""眼镜"": 1, ""淡妆"": 1, ""大学生"": 1, ""中年"": 1, ""按摩"": 1, ""口交"": 1, ""模特"": 1}",
/Volumes/HC530_1/待整理/trans/av3/FSDSS-360.mp4,FSDSS-360.mp4,7095636857,6766.9,ba083b6bad88da5c3fc86cb25c7c1d2e,266.2,11,11,20,"丁字裤, 内衣, 卷发, 双马尾, 口交, 和服, 大学生, 姿势, 学生, 床上, 性感, 护士, 模特, 清纯, 短发, 苗条, 身材, 酒店, 长发, 马尾","{""长发"": 6, ""身材"": 5, ""性感"": 4, ""苗条"": 4, ""马尾"": 3, ""口交"": 2, ""姿势"": 2, ""内衣"": 2, ""酒店"": 2, ""模特"": 1, ""卷发"": 1, ""和服"": 1, ""短发"": 1, ""护士"": 1, ""双马尾"": 1, ""大学生"": 1, ""清纯"": 1, ""学生"": 1, ""床上"": 1, ""丁字裤"": 1}",
/Volumes/HC530_1/待整理/trans/av3/SDNM-385.mp4,SDNM-385.mp4,7271434910,6934.6,6f8a594d23265f8f573f5e00998be5ae,287.0,11,11,19,"丁字裤, 中年, 内衣, 口交, 和服, 姿势, 屈辱, 床上, 性感, 成熟, 模特, 淡妆, 熟女, 短发, 苗条, 调教, 身材, 酒店, 长发","{""身材"": 8, ""苗条"": 8, ""短发"": 7, ""长发"": 6, ""酒店"": 6, ""模特"": 5, ""性感"": 4, ""内衣"": 3, ""姿势"": 3, ""丁字裤"": 2, ""床上"": 2, ""和服"": 1, ""中年"": 1, ""淡妆"": 1, ""熟女"": 1, ""成熟"": 1, ""调教"": 1, ""屈辱"": 1, ""口交"": 1}",
/Volumes/HC530_1/待整理/trans/av3/BAZX-374.mp4,BAZX-374.mp4,10822064849,10320.7,a607bdc76c99c3e402bc0b53f468fca1,259.4,10,10,19,"内衣, 制服, 双马尾, 姿势, 学生, 床上, 性感, 护士, 模特, 淡妆, 真实, 眼镜, 短发, 苗条, 身材, 运动装, 酒店, 长发, 马尾","{""模特"": 4, ""长发"": 4, ""性感"": 3, ""马尾"": 3, ""制服"": 3, ""双马尾"": 2, ""内衣"": 2, ""身材"": 2, ""苗条"": 2, ""眼镜"": 2, ""真实"": 1, ""床上"": 1, ""运动装"": 1, ""姿势"": 1, ""淡妆"": 1, ""护士"": 1, ""学生"": 1, ""短发"": 1, ""酒店"": 1}",
/Volumes/HC530_1/待整理/trans/av3/MKMP-517.mp4,MKMP-517.mp4,6410557426,6113.6,b6d3f68464a530709cc72a69eee999fc,276.7,10,10,25,"中年, 丰满, 内衣, 制服, 办公室, 医院, 卷发, 双马尾, 口交, 姿势, 学校, 学生, 床上, 性感, 护士, 模特, 淡妆, 眼镜, 短发, 老师, 苗条, 身材, 长发, 马尾, 高大","{""长发"": 7, ""学生"": 7, ""制服"": 5, ""身材"": 4, ""马尾"": 4, ""双马尾"": 4, ""性感"": 2, ""苗条"": 2, ""眼镜"": 2, ""办公室"": 2, ""淡妆"": 2, ""内衣"": 2, ""学校"": 2, ""模特"": 1, ""中年"": 1, ""卷发"": 1, ""高大"": 1, ""老师"": 1, ""护士"": 1, ""医院"": 1, ""床上"": 1, ""姿势"": 1, ""短发"": 1, ""丰满"": 1, ""口交"": 1}",
/Volumes/HC530_1/待整理/trans/av3/MOND-251.mp4,MOND-251.mp4,6702224827,6391.7,2df3ee76a53245a79884b6e03da08660,245.8,10,10,20,"中年, 内衣, 办公室, 卷发, 和服, 多人, 姿势, 床上, 性感, 情趣, 按摩, 模特, 淡妆, 眼镜, 短发, 苗条, 身材, 酒店, 长发, 马尾","{""身材"": 8, ""长发"": 7, ""苗条"": 4, ""内衣"": 3, ""性感"": 3, ""床上"": 2, ""短发"": 2, ""眼镜"": 2, ""按摩"": 2, ""模特"": 2, ""马尾"": 2, ""姿势"": 1, ""淡妆"": 1, ""酒店"": 1, ""和服"": 1, ""办公室"": 1, ""卷发"": 1, ""情趣"": 1, ""多人"": 1, ""中年"": 1}",
/Volumes/HC530_1/待整理/trans/av3/IPZZ-066/IPZZ-066.mp4,IPZZ-066.mp4,5334286189,5087.2,8e289ff39b0e653bdc889a12fa052ee0,231.7,10,10,19,"丝袜, 中年, 卷发, 口交, 和服, 姿势, 学生, 床上, 性感, 成熟, 按摩, 模特, 熟女, 短发, 苗条, 身材, 酒店, 长发, 马尾","{""身材"": 5, ""酒店"": 4, ""模特"": 3, ""苗条"": 3, ""床上"": 3, ""长发"": 2, ""中年"": 2, ""短发"": 1, ""丝袜"": 1, ""熟女"": 1, ""成熟"": 1, ""和服"": 1, ""学生"": 1, ""马尾"": 1, ""姿势"": 1, ""按摩"": 1, ""性感"": 1, ""口交"": 1, ""卷发"": 1}",
/Volumes/HC530_1/待整理/trans/av3/FC2-PPV-3567083/FC2-PPV-3567083.mp4,FC2-PPV-3567083.mp4,5462245157,5209.2,bee7d32517af35a91dc1937864068872,231.4,11,11,15,"丁字裤, 内衣, 卷发, 口交, 姿势, 学生, 少女, 床上, 性感, 模特, 短发, 苗条, 身材, 酒店, 长发","{""身材"": 7, ""短发"": 6, ""床上"": 5, ""酒店"": 4, ""模特"": 3, ""苗条"": 2, ""性感"": 2, ""学生"": 1, ""姿势"": 1, ""长发"": 1, ""卷发"": 1, ""丁字裤"": 1, ""内衣"": 1, ""口交"": 1, ""少女"": 1}",
/Volumes/HC530_1/待整理/trans/av3/FC2-PPV-3568130/FC2-PPV-3568130.mp4,FC2-PPV-3568130.mp4,2288801622,2182.8,fc885711ed97068d85545f9f376240d7,207.3,11,11,14,"丁字裤, 内衣, 口交, 姿势, 床上, 性感, 情趣, 成熟, 模特, 比基尼, 身材, 酒店, 长发, 马尾","{""酒店"": 7, ""床上"": 6, ""长发"": 5, ""性感"": 3, ""身材"": 3, ""马尾"": 3, ""丁字裤"": 2, ""口交"": 2, ""姿势"": 2, ""模特"": 1, ""情趣"": 1, ""内衣"": 1, ""成熟"": 1, ""比基尼"": 1}",
/Volumes/HC530_1/待整理/trans/三上/SSIS-737.mp4,SSIS-737.mp4,7070966566,6743.4,bc1f5c7ffa5785f3fc55d9f32ae3bc91,211.5,10,10,15,"丁字裤, 中年, 丰满, 内衣, 和服, 多人, 性感, 成熟, 按摩, 模特, 淡妆, 短发, 苗条, 身材, 长发","{""长发"": 6, ""身材"": 5, ""性感"": 4, ""模特"": 4, ""苗条"": 3, ""内衣"": 3, ""成熟"": 1, ""中年"": 1, ""短发"": 1, ""淡妆"": 1, ""丰满"": 1, ""多人"": 1, ""按摩"": 1, ""和服"": 1, ""丁字裤"": 1}",
/Volumes/HC530_1/待整理/trans/三上/MIDV-400.mp4,MIDV-400.mp4,8191602247,7812.1,b7c20a5ff62a7e182daf7e0a42aecbe7,245.9,10,10,21,"丁字裤, 内衣, 制服, 卷发, 口交, 和服, 多人, 学生, 床上, 性感, 情趣, 成熟, 模特, 浴室, 瑜伽, 苗条, 身材, 车内, 酒店, 长发, 马尾","{""身材"": 7, ""性感"": 7, ""长发"": 5, ""床上"": 5, ""苗条"": 4, ""模特"": 3, ""内衣"": 3, ""制服"": 2, ""丁字裤"": 2, ""卷发"": 2, ""情趣"": 2, ""学生"": 1, ""车内"": 1, ""和服"": 1, ""浴室"": 1, ""瑜伽"": 1, ""口交"": 1, ""马尾"": 1, ""成熟"": 1, ""多人"": 1, ""酒店"": 1}",
/Volumes/HC530_1/待整理/trans/三上/SSIS-013.mp4,SSIS-013.mp4,7415130206,7071.6,fe52a41e1d08fbe633425c877d610414,271.5,11,11,21,"丝袜, 丰满, 办公室, 医生, 卷发, 口交, 大学生, 学生, 床上, 性感, 情趣, 成熟, 护士, 模特, 短发, 职业装, 苗条, 身材, 酒店, 长发, 马尾","{""长发"": 6, ""身材"": 5, ""性感"": 4, ""马尾"": 3, ""苗条"": 3, ""职业装"": 2, ""卷发"": 2, ""床上"": 2, ""模特"": 2, ""成熟"": 1, ""大学生"": 1, ""学生"": 1, ""丝袜"": 1, ""短发"": 1, ""丰满"": 1, ""办公室"": 1, ""酒店"": 1, ""口交"": 1, ""情趣"": 1, ""护士"": 1, ""医生"": 1}",
/Volumes/HC530_1/待整理/trans/三上/SSIS-777.mp4,SSIS-777.mp4,6811814652,6496.3,8e82587d2c6277b81ba263daf4165f39,273.7,10,10,17,"丝袜, 内衣, 办公室, 厨房, 和服, 姿势, 学生, 床上, 性感, 模特, 淡妆, 短发, 苗条, 身材, 酒店, 长发, 马尾","{""长发"": 7, ""身材"": 5, ""苗条"": 4, ""床上"": 2, ""性感"": 2, ""模特"": 2, ""短发"": 2, ""办公室"": 1, ""淡妆"": 1, ""酒店"": 1, ""马尾"": 1, ""厨房"": 1, ""和服"": 1, ""学生"": 1, ""姿势"": 1, ""丝袜"": 1, ""内衣"": 1}",
/Volumes/HC530_1/待整理/trans/三上/IPZZ-077.mp4,IPZZ-077.mp4,6556623406,6252.9,3fa34e57a788e59ebebbec459e54f21f,224.9,11,11,15,"中年, 口交, 女神, 姿势, 性感, 成熟, 按摩, 新娘, 模特, 熟女, 苗条, 身材, 酒店, 长发, 马尾","{""长发"": 9, ""身材"": 6, ""苗条"": 5, ""模特"": 3, ""马尾"": 2, ""酒店"": 2, ""按摩"": 2, ""口交"": 2, ""新娘"": 1, ""女神"": 1, ""熟女"": 1, ""性感"": 1, ""姿势"": 1, ""成熟"": 1, ""中年"": 1}",
/Volumes/HC530_1/待整理/trans/AV/PRED-462.mp4,PRED-462.mp4,6729279346,6417.5,7ec97d5dc539b0b7c658af94eea11db3,238.5,10,10,16,"制服, 医生, 口交, 学生, 床上, 性感, 成熟, 护士, 真实, 短发, 职业装, 苗条, 身材, 酒店, 长发, 马尾","{""长发"": 7, ""身材"": 6, ""苗条"": 4, ""床上"": 3, ""护士"": 2, ""真实"": 1, ""马尾"": 1, ""酒店"": 1, ""学生"": 1, ""短发"": 1, ""职业装"": 1, ""制服"": 1, ""医生"": 1, ""性感"": 1, ""口交"": 1, ""成熟"": 1}",
/Volumes/HC530_1/待整理/trans/AV/NACR-727.mp4,NACR-727.mp4,5188842218,4948.5,0be6408767aa0bce50d8324c42fd67f9,237.1,11,11,13,"卷发, 口交, 姿势, 床上, 性感, 成熟, 模特, 熟女, 职业装, 苗条, 身材, 酒店, 长发","{""长发"": 10, ""身材"": 8, ""苗条"": 7, ""性感"": 5, ""模特"": 4, ""姿势"": 3, ""卷发"": 2, ""口交"": 2, ""床上"": 1, ""职业装"": 1, ""酒店"": 1, ""熟女"": 1, ""成熟"": 1}",
/Volumes/HC530_1/待整理/trans/AV/SHKD-885.mp4,SHKD-885.mp4,4727858305,4508.8,bc02012a3157fed086a48757c1496c37,222.2,10,10,12,"内衣, 姿势, 床上, 性感, 情趣, 模特, 短发, 红唇, 苗条, 身材, 长发, 马尾","{""长发"": 6, ""身材"": 5, ""苗条"": 4, ""模特"": 3, ""姿势"": 3, ""性感"": 2, ""床上"": 1, ""情趣"": 1, ""红唇"": 1, ""内衣"": 1, ""短发"": 1, ""马尾"": 1}",
/Volumes/HC530_1/待整理/trans/AV/SSIS-499.mp4,SSIS-499.mp4,8603033238,8204.5,f55d573e7560cc6647a8a71ce6ebca98,229.8,10,10,15,"丁字裤, 内衣, 口交, 床上, 性感, 模特, 比基尼, 浴室, 淡妆, 短发, 苗条, 身材, 酒店, 长发, 马尾","{""长发"": 8, ""身材"": 5, ""模特"": 4, ""酒店"": 4, ""性感"": 3, ""苗条"": 3, ""浴室"": 2, ""口交"": 1, ""丁字裤"": 1, ""马尾"": 1, ""比基尼"": 1, ""内衣"": 1, ""淡妆"": 1, ""床上"": 1, ""短发"": 1}",
/Volumes/HC530_1/待整理/trans/AV/SSIS-521.mp4,SSIS-521.mp4,5341980868,5094.5,f75b53e84b8facd44f694d370cebe1fe,223.6,10,10,16,"丝袜, 制服, 卷发, 口交, 多人, 学生, 床上, 模特, 浴室, 短发, 职业装, 苗条, 身材, 酒店, 长发, 黑丝","{""身材"": 7, ""床上"": 6, ""酒店"": 6, ""短发"": 5, ""模特"": 4, ""长发"": 4, ""苗条"": 4, ""丝袜"": 3, ""职业装"": 2, ""卷发"": 1, ""制服"": 1, ""黑丝"": 1, ""学生"": 1, ""浴室"": 1, ""口交"": 1, ""多人"": 1}",
/Volumes/HC530_1/待整理/trans/AV/HGOT-034.mp4,HGOT-034.mp4,7065640649,6738.3,b0dd844d2b416160707335b3ebfc392a,276.4,11,11,16,"丝袜, 内衣, 制服, 办公室, 双马尾, 学生, 性感, 模特, 淡妆, 短发, 秘书, 职业装, 苗条, 身材, 长发, 马尾","{""长发"": 8, ""办公室"": 8, ""身材"": 7, ""学生"": 4, ""模特"": 3, ""苗条"": 3, ""职业装"": 3, ""短发"": 2, ""马尾"": 2, ""性感"": 1, ""制服"": 1, ""内衣"": 1, ""双马尾"": 1, ""丝袜"": 1, ""秘书"": 1, ""淡妆"": 1}",
/Volumes/HC530_1/待整理/trans/AV/SSIS-488.mp4,SSIS-488.mp4,7401889342,7059.0,e3c5e77bef81d0b15d01b5bdccdadf37,233.6,10,10,9,"学生, 床上, 性感, 成熟, 模特, 短发, 苗条, 身材, 长发","{""身材"": 5, ""短发"": 4, ""学生"": 3, ""模特"": 3, ""苗条"": 3, ""长发"": 3, ""床上"": 2, ""性感"": 2, ""成熟"": 1}",
/Volumes/HC530_1/待整理/trans/AV/REBD-689.mp4,REBD-689.mp4,4385910775,4182.7,c428c4e5fce134d20aad6f9a5d1d9b47,255.0,11,11,19,"内衣, 制服, 办公室, 学生, 床上, 性感, 成熟, 护士, 模特, 浴室, 清纯, 短发, 红唇, 职业装, 苗条, 身材, 酒店, 长发, 马尾","{""身材"": 7, ""苗条"": 6, ""长发"": 6, ""模特"": 5, ""短发"": 5, ""性感"": 5, ""内衣"": 4, ""马尾"": 3, ""清纯"": 2, ""学生"": 2, ""职业装"": 1, ""护士"": 1, ""制服"": 1, ""床上"": 1, ""酒店"": 1, ""浴室"": 1, ""红唇"": 1, ""成熟"": 1, ""办公室"": 1}",
/Volumes/HC530_1/待整理/trans/AV/SSIS-390.mp4,SSIS-390.mp4,5922739419,5648.4,93ee47a9d2433de8daeb68c22dca2cca,214.5,10,10,13,"丁字裤, 内衣, 口交, 姿势, 床上, 性感, 模特, 淡妆, 短发, 苗条, 身材, 酒店, 长发","{""长发"": 7, ""酒店"": 7, ""模特"": 6, ""身材"": 6, ""苗条"": 4, ""床上"": 3, ""性感"": 3, ""口交"": 2, ""内衣"": 2, ""短发"": 2, ""淡妆"": 1, ""姿势"": 1, ""丁字裤"": 1}",
/Volumes/HC530_1/待整理/trans/AV/SSIS-505.mp4,SSIS-505.mp4,8121222636,7745.0,0f3bf517f1e06c78ecce000379944bf2,213.8,10,10,15,"丝袜, 卷发, 口交, 姿势, 床上, 性感, 护士, 按摩, 模特, 淡妆, 短发, 苗条, 身材, 长发, 马尾","{""身材"": 5, ""长发"": 4, ""姿势"": 3, ""模特"": 3, ""按摩"": 2, ""短发"": 2, ""苗条"": 2, ""卷发"": 1, ""床上"": 1, ""护士"": 1, ""丝袜"": 1, ""性感"": 1, ""马尾"": 1, ""口交"": 1, ""淡妆"": 1}",
/Volumes/HC530_1/待整理/trans/AV/SSIS-428.mp4,SSIS-428.mp4,5229005175,4986.8,200075a1c1fb4720bb0158dbe672fb73,235.1,10,10,17,"丁字裤, 丰满, 内衣, 办公室, 口交, 姿势, 学生, 床上, 性感, 按摩, 淡妆, 睡衣, 苗条, 调教, 身材, 酒店, 长发","{""长发"": 4, ""身材"": 3, ""性感"": 3, ""酒店"": 2, ""床上"": 2, ""口交"": 2, ""调教"": 1, ""办公室"": 1, ""苗条"": 1, ""丰满"": 1, ""内衣"": 1, ""学生"": 1, ""睡衣"": 1, ""淡妆"": 1, ""按摩"": 1, ""丁字裤"": 1, ""姿势"": 1}",
/Volumes/HC530_1/待整理/trans/AV/SSIS-430.mp4,SSIS-430.mp4,5281103536,5036.5,e5089311e279ec5c98642e1a733f63d5,222.7,10,10,13,"口交, 姿势, 学生, 床上, 性感, 按摩, 模特, 淡妆, 短发, 苗条, 身材, 长发, 马尾","{""身材"": 5, ""长发"": 5, ""短发"": 4, ""姿势"": 2, ""苗条"": 2, ""学生"": 2, ""性感"": 2, ""淡妆"": 2, ""按摩"": 1, ""床上"": 1, ""口交"": 1, ""马尾"": 1, ""模特"": 1}",
/Volumes/HC530_1/待整理/trans/AV/SSIS-495.mp4,SSIS-495.mp4,6432667385,6134.7,465d3f1de17919c571deb0803056e12c,204.0,10,10,16,"中年, 医生, 口交, 姿势, 床上, 成熟, 护士, 淡妆, 熟女, 眼镜, 短发, 职业装, 苗条, 身材, 酒店, 长发","{""身材"": 7, ""短发"": 6, ""酒店"": 3, ""床上"": 3, ""长发"": 3, ""苗条"": 3, ""姿势"": 3, ""熟女"": 1, ""职业装"": 1, ""护士"": 1, ""医生"": 1, ""成熟"": 1, ""中年"": 1, ""淡妆"": 1, ""口交"": 1, ""眼镜"": 1}",
/Volumes/HC530_1/待整理/trans/AV/SSIS-787.mp4,SSIS-787.mp4,5303921428,5058.2,c163736de23f12e0941872ab23929605,209.9,10,10,16,"内衣, 厨房, 口交, 姿势, 学生, 床上, 性感, 模特, 淡妆, 眼镜, 短发, 苗条, 身材, 酒店, 长发, 马尾","{""短发"": 5, ""身材"": 4, ""口交"": 3, ""模特"": 3, ""酒店"": 3, ""内衣"": 2, ""长发"": 2, ""苗条"": 2, ""姿势"": 2, ""性感"": 1, ""眼镜"": 1, ""淡妆"": 1, ""床上"": 1, ""马尾"": 1, ""学生"": 1, ""厨房"": 1}",
/Volumes/HC530_1/待整理/trans/AV/EYAN-193.mp4,EYAN-193.mp4,5096790309,4860.7,e0b24b6a2372423396b2e6f3500e0e3d,230.6,10,10,15,"厨房, 口交, 姿势, 学生, 床上, 性感, 成熟, 按摩, 睡衣, 短发, 苗条, 身材, 酒店, 长发, 马尾","{""长发"": 8, ""身材"": 4, ""马尾"": 4, ""床上"": 3, ""性感"": 3, ""学生"": 2, ""口交"": 2, ""酒店"": 2, ""苗条"": 2, ""姿势"": 2, ""按摩"": 1, ""成熟"": 1, ""短发"": 1, ""厨房"": 1, ""睡衣"": 1}",
/Volumes/HC530_1/待整理/trans/AV/SUKE-166.mp4,SUKE-166.mp4,4832184815,4608.3,f1f892d59092166d52fa7cbe366d0738,277.3,11,11,17,"丁字裤, 丝袜, 内衣, 天花板, 学生, 少女, 床上, 性感, 成熟, 模特, 淡妆, 熟女, 苗条, 身材, 车内, 长发, 马尾","{""长发"": 10, ""模特"": 7, ""身材"": 5, ""苗条"": 4, ""性感"": 3, ""淡妆"": 2, ""内衣"": 2, ""熟女"": 1, ""成熟"": 1, ""车内"": 1, ""学生"": 1, ""丝袜"": 1, ""天花板"": 1, ""丁字裤"": 1, ""马尾"": 1, ""床上"": 1, ""少女"": 1}",
/Volumes/HC530_1/待整理/trans/AV/SSIS-538.mp4,SSIS-538.mp4,7286701649,6949.1,63018055b47571463f0d4e9eb6795fd9,238.9,10,10,19,"丁字裤, 中年, 内衣, 口交, 和服, 姿势, 床上, 性感, 成熟, 按摩, 模特, 浴室, 熟女, 短发, 苗条, 身材, 酒店, 长发, 马尾","{""身材"": 7, ""长发"": 6, ""性感"": 5, ""苗条"": 5, ""模特"": 4, ""中年"": 3, ""内衣"": 3, ""酒店"": 3, ""按摩"": 3, ""床上"": 3, ""浴室"": 3, ""成熟"": 2, ""和服"": 2, ""短发"": 2, ""马尾"": 1, ""熟女"": 1, ""姿势"": 1, ""丁字裤"": 1, ""口交"": 1}",
/Volumes/HC530_1/待整理/trans/AV/RBD-945.mp4,RBD-945.mp4,4617806785,4403.9,03cb60b7293d5ef3fbd319118bd465fd,255.7,11,11,22,"丁字裤, 中年, 制服, 办公室, 医生, 医院, 卷发, 口交, 姿势, 学生, 床上, 性感, 成熟, 模特, 淡妆, 红唇, 职业装, 苗条, 身材, 酒店, 长发, 马尾","{""长发"": 7, ""身材"": 7, ""苗条"": 6, ""职业装"": 2, ""办公室"": 2, ""医院"": 2, ""马尾"": 2, ""制服"": 2, ""床上"": 2, ""酒店"": 2, ""学生"": 1, ""淡妆"": 1, ""红唇"": 1, ""口交"": 1, ""姿势"": 1, ""卷发"": 1, ""丁字裤"": 1, ""医生"": 1, ""性感"": 1, ""成熟"": 1, ""模特"": 1, ""中年"": 1}",
/Volumes/HC530_1/待整理/trans/AV/SDMU-975.mp4,SDMU-975.mp4,5055100867,4820.9,3396628d0a91d3063202a5326f7ef7cd,236.9,11,11,14,"内衣, 卷发, 口交, 床上, 性感, 情趣, 模特, 真实, 苗条, 身材, 酒店, 长发, 马尾, 高大","{""身材"": 8, ""长发"": 7, ""苗条"": 5, ""床上"": 2, ""马尾"": 2, ""口交"": 1, ""酒店"": 1, ""卷发"": 1, ""高大"": 1, ""性感"": 1, ""内衣"": 1, ""模特"": 1, ""真实"": 1, ""情趣"": 1}",
/Volumes/HC530_1/待整理/trans/AV/EBOD-938.mp4,EBOD-938.mp4,7175131611,6842.7,85a13ed3b5d0d52d9ac779f7348bf5d3,226.8,10,10,15,"丁字裤, 内衣, 口交, 对白, 性感, 情趣, 按摩, 模特, 浴室, 短发, 职业装, 苗条, 身材, 酒店, 长发","{""长发"": 9, ""身材"": 4, ""性感"": 4, ""内衣"": 3, ""短发"": 2, ""情趣"": 2, ""酒店"": 2, ""按摩"": 2, ""职业装"": 1, ""模特"": 1, ""对白"": 1, ""苗条"": 1, ""丁字裤"": 1, ""口交"": 1, ""浴室"": 1}",
/Volumes/HC530_1/待整理/trans/AV/SAME-046.mp4,SAME-046.mp4,5903183064,5629.7,b1f027e9c9a1d167886b7ccf0440683d,230.5,10,10,15,"丝袜, 中年, 厨房, 多人, 姿势, 床上, 性感, 模特, 短发, 红唇, 苗条, 身材, 酒店, 长发, 马尾","{""身材"": 7, ""苗条"": 5, ""模特"": 3, ""多人"": 3, ""长发"": 3, ""短发"": 3, ""姿势"": 2, ""酒店"": 2, ""性感"": 2, ""马尾"": 1, ""丝袜"": 1, ""厨房"": 1, ""床上"": 1, ""红唇"": 1, ""中年"": 1}",
/Volumes/HC530_1/待整理/trans/AV/SSNI-864.mp4,SSNI-864.mp4,7529108461,7180.3,eb3cd7e7e57edf1dc7f15493d6f30aed,255.7,11,11,15,"丁字裤, 中年, 内衣, 口交, 姿势, 床上, 性感, 模特, 浴室, 淡妆, 短发, 苗条, 身材, 酒店, 长发","{""身材"": 10, ""长发"": 9, ""苗条"": 6, ""性感"": 3, ""模特"": 2, ""口交"": 2, ""短发"": 2, ""床上"": 1, ""酒店"": 1, ""姿势"": 1, ""浴室"": 1, ""中年"": 1, ""丁字裤"": 1, ""内衣"": 1, ""淡妆"": 1}",
/Volumes/HC530_1/待整理/trans/AV/SSIS-516.mp4,SSIS-516.mp4,11903632383,11352.2,93981176c785befd880d5de223b2e58d,260.6,10,10,20,"丰满, 内衣, 卷发, 姿势, 学生, 床上, 性感, 情趣, 成熟, 模特, 淡妆, 睡衣, 短发, 苗条, 调教, 身材, 运动装, 酒店, 长发, 马尾","{""身材"": 7, ""性感"": 4, ""苗条"": 4, ""内衣"": 4, ""床上"": 3, ""姿势"": 3, ""模特"": 3, ""短发"": 3, ""酒店"": 2, ""情趣"": 2, ""淡妆"": 2, ""丰满"": 2, ""长发"": 1, ""卷发"": 1, ""调教"": 1, ""马尾"": 1, ""睡衣"": 1, ""成熟"": 1, ""学生"": 1, ""运动装"": 1}",
/Volumes/HC530_1/待整理/trans/AV/EYAN-192.mp4,EYAN-192.mp4,5533085633,5276.8,f9aa9a64d952282f3741839f83fd35f9,199.9,10,10,17,"中年, 和服, 多人, 姿势, 娇小, 床上, 性感, 成熟, 模特, 熟女, 短发, 苗条, 身材, 车内, 酒店, 长发, 马尾","{""身材"": 5, ""长发"": 4, ""性感"": 3, ""模特"": 3, ""苗条"": 3, ""短发"": 2, ""姿势"": 2, ""酒店"": 2, ""车内"": 1, ""熟女"": 1, ""成熟"": 1, ""娇小"": 1, ""马尾"": 1, ""和服"": 1, ""多人"": 1, ""中年"": 1, ""床上"": 1}",
/Volumes/HC530_1/待整理/trans/AV/PRED-465.mp4,PRED-465.mp4,6554646736,6251.0,2af2d15b2e6bc02a16a8dedc38073d3c,211.3,10,10,18,"丁字裤, 内衣, 制服, 办公室, 姿势, 学生, 床上, 性感, 成熟, 模特, 淡妆, 清纯, 职业装, 苗条, 身材, 酒店, 长发, 马尾","{""长发"": 7, ""身材"": 6, ""性感"": 5, ""苗条"": 4, ""模特"": 3, ""内衣"": 3, ""酒店"": 3, ""清纯"": 1, ""职业装"": 1, ""办公室"": 1, ""姿势"": 1, ""淡妆"": 1, ""丁字裤"": 1, ""成熟"": 1, ""床上"": 1, ""马尾"": 1, ""学生"": 1, ""制服"": 1}",
/Volumes/HC530_1/待整理/trans/AV/DASD-965.mp4,DASD-965.mp4,5473392860,5219.8,7349474d1a536233e91e4296bbbb32f2,229.0,11,11,11,"厨房, 口交, 姿势, 学生, 模特, 浴室, 淡妆, 短发, 苗条, 身材, 长发","{""学生"": 4, ""长发"": 4, ""身材"": 4, ""模特"": 3, ""厨房"": 2, ""姿势"": 2, ""短发"": 2, ""淡妆"": 1, ""苗条"": 1, ""浴室"": 1, ""口交"": 1}",
/Volumes/HC530_1/待整理/trans/AV/SSIS-497.mp4,SSIS-497.mp4,6465331438,6165.8,3ffcac25964c4a1100398c42c1bb7414,231.2,10,10,17,"内衣, 姿势, 学生, 床上, 性感, 成熟, 模特, 浴室, 熟女, 短发, 红唇, 自慰, 苗条, 身材, 酒店, 长发, 马尾","{""身材"": 7, ""长发"": 6, ""苗条"": 5, ""酒店"": 5, ""模特"": 4, ""马尾"": 3, ""床上"": 3, ""性感"": 2, ""学生"": 1, ""姿势"": 1, ""红唇"": 1, ""自慰"": 1, ""浴室"": 1, ""熟女"": 1, ""成熟"": 1, ""内衣"": 1, ""短发"": 1}",
/Volumes/HC530_1/待整理/trans/AV/EBOD-914.mp4,EBOD-914.mp4,5225976971,4983.9,e90d08e00fb3bfdd5984d3778caecae9,221.3,10,10,13,"内衣, 姿势, 床上, 性感, 模特, 比基尼, 浴室, 眼镜, 短发, 苗条, 身材, 酒店, 长发","{""短发"": 8, ""身材"": 5, ""苗条"": 3, ""长发"": 3, ""模特"": 2, ""内衣"": 2, ""酒店"": 2, ""浴室"": 2, ""床上"": 2, ""眼镜"": 1, ""性感"": 1, ""比基尼"": 1, ""姿势"": 1}",
/Volumes/HC530_1/待整理/trans/AV/SNIS-474_UNCENSORED.mp4,SNIS-474_UNCENSORED.mp4,4632902797,4418.3,995043b85713b94e35cfa0148f238ce2,257.5,11,11,18,"中年, 丰满, 制服, 办公室, 双马尾, 口交, 姿势, 学生, 性感, 按摩, 眼镜, 短发, 职业装, 苗条, 身材, 酒店, 长发, 马尾","{""身材"": 8, ""办公室"": 7, ""苗条"": 6, ""短发"": 5, ""长发"": 3, ""性感"": 2, ""马尾"": 2, ""口交"": 2, ""中年"": 1, ""学生"": 1, ""制服"": 1, ""眼镜"": 1, ""双马尾"": 1, ""姿势"": 1, ""酒店"": 1, ""丰满"": 1, ""按摩"": 1, ""职业装"": 1}",
/Volumes/HC530_1/待整理/trans/AV/SSIS-519.mp4,SSIS-519.mp4,6608690232,6302.5,9dd5127e34869fc06858ef267acc45ca,257.2,10,10,16,"内衣, 制服, 办公室, 双马尾, 口交, 和服, 姿势, 学校, 学生, 床上, 短发, 职业装, 苗条, 身材, 酒店, 马尾","{""学生"": 6, ""身材"": 4, ""短发"": 3, ""内衣"": 2, ""苗条"": 2, ""制服"": 2, ""职业装"": 2, ""床上"": 2, ""姿势"": 2, ""办公室"": 1, ""口交"": 1, ""学校"": 1, ""和服"": 1, ""酒店"": 1, ""马尾"": 1, ""双马尾"": 1}",
/Volumes/HC530_1/待整理/trans/AV/新建文件夹/IPX-451.mp4,IPX-451.mp4,7464333360,7118.5,3cb5ee11ef23bf1e874b747b6578837c,274.8,11,11,16,"丁字裤, 卷发, 天花板, 姿势, 学生, 模特, 眼镜, 短发, 空姐, 红唇, 老师, 职业装, 苗条, 身材, 长发, 马尾","{""身材"": 6, ""长发"": 5, ""眼镜"": 4, ""学生"": 3, ""短发"": 3, ""姿势"": 3, ""模特"": 2, ""苗条"": 2, ""天花板"": 2, ""卷发"": 1, ""红唇"": 1, ""丁字裤"": 1, ""老师"": 1, ""空姐"": 1, ""职业装"": 1, ""马尾"": 1}",
/Volumes/HC530_1/待整理/trans/AV/新建文件夹/DASD-835.mp4,DASD-835.mp4,6562644065,6258.6,07003b3f0fb82ddb68000c87c623a51e,248.2,11,11,17,"丁字裤, 内衣, 制服, 口交, 多人, 姿势, 学生, 床上, 性感, 模特, 淡妆, 睡衣, 苗条, 身材, 酒店, 长发, 马尾","{""长发"": 6, ""身材"": 5, ""苗条"": 3, ""床上"": 3, ""淡妆"": 2, ""马尾"": 2, ""性感"": 1, ""模特"": 1, ""内衣"": 1, ""多人"": 1, ""酒店"": 1, ""口交"": 1, ""学生"": 1, ""姿势"": 1, ""制服"": 1, ""丁字裤"": 1, ""睡衣"": 1}",
/Volumes/HC530_1/待整理/trans/AV/新建文件夹/BF-678.mp4,BF-678.mp4,2232210384,2128.8,aa7e17fea57b76093683c85d37c5cf3f,249.3,11,11,20,"丁字裤, 丰满, 内衣, 制服, 办公室, 口交, 和服, 学生, 床上, 性感, 模特, 比基尼, 淡妆, 短发, 职业装, 苗条, 身材, 酒店, 长发, 马尾","{""长发"": 8, ""身材"": 7, ""学生"": 4, ""性感"": 4, ""苗条"": 3, ""淡妆"": 2, ""办公室"": 2, ""酒店"": 2, ""床上"": 2, ""短发"": 2, ""制服"": 2, ""职业装"": 2, ""口交"": 1, ""模特"": 1, ""丰满"": 1, ""马尾"": 1, ""和服"": 1, ""内衣"": 1, ""丁字裤"": 1, ""比基尼"": 1}",
/Volumes/HC530_1/待整理/trans/AV/新建文件夹/IPX-398.mp4,IPX-398.mp4,5677951840,5414.9,e1e24359bf9cc09a8f351f047d45b292,222.2,10,10,16,"丝袜, 办公室, 天花板, 床上, 律师, 成熟, 模特, 浴室, 淡妆, 短发, 职业装, 苗条, 身材, 酒店, 长发, 马尾","{""长发"": 5, ""身材"": 4, ""酒店"": 4, ""职业装"": 3, ""床上"": 3, ""短发"": 3, ""淡妆"": 2, ""苗条"": 2, ""办公室"": 1, ""律师"": 1, ""丝袜"": 1, ""成熟"": 1, ""浴室"": 1, ""模特"": 1, ""天花板"": 1, ""马尾"": 1}",
/Volumes/HC530_1/待整理/trans/AV/CAWD-201/CAWD-201.mp4,CAWD-201.mp4,5232029757,4989.7,d289abaf7b0f9b30c1f0d2957aad1db4,229.7,11,11,19,"中年, 内衣, 办公室, 和服, 姿势, 学生, 床上, 性感, 成熟, 按摩, 模特, 浴室, 熟女, 睡衣, 短发, 苗条, 身材, 酒店, 长发","{""身材"": 7, ""长发"": 6, ""苗条"": 4, ""性感"": 3, ""模特"": 3, ""内衣"": 2, ""酒店"": 2, ""浴室"": 2, ""短发"": 2, ""熟女"": 2, ""成熟"": 2, ""中年"": 1, ""和服"": 1, ""睡衣"": 1, ""姿势"": 1, ""床上"": 1, ""学生"": 1, ""按摩"": 1, ""办公室"": 1}",
/Volumes/HC530_1/待整理/trans/AV/CAWD-163_uncensored/CAWD-163_UNCENSORED.mp4,CAWD-163_UNCENSORED.mp4,6189157518,5902.4,16ec210100aaeb397b35588075a589ab,249.9,11,11,19,"丝袜, 办公室, 卷发, 口交, 多人, 姿势, 床上, 性感, 情趣, 成熟, 按摩, 模特, 淡妆, 短发, 职业装, 苗条, 身材, 酒店, 长发","{""床上"": 6, ""酒店"": 6, ""身材"": 6, ""短发"": 4, ""长发"": 4, ""苗条"": 4, ""性感"": 3, ""口交"": 2, ""姿势"": 2, ""淡妆"": 2, ""情趣"": 1, ""成熟"": 1, ""多人"": 1, ""职业装"": 1, ""卷发"": 1, ""模特"": 1, ""办公室"": 1, ""按摩"": 1, ""丝袜"": 1}",
/Volumes/HC530_1/待整理/trans/AV/MV/OKAX-004.mp4,OKAX-004.mp4,1379845312,1315.9,f23257e046bbd59d90881bcbc8b330dd,246.9,11,11,20,"丝袜, 主播, 制服, 办公室, 双马尾, 口交, 姿势, 学妹, 学生, 床上, 性感, 模特, 淡妆, 老师, 职业装, 苗条, 身材, 酒店, 长发, 马尾","{""长发"": 9, ""学生"": 3, ""职业装"": 3, ""办公室"": 3, ""姿势"": 3, ""马尾"": 2, ""身材"": 2, ""苗条"": 2, ""淡妆"": 2, ""模特"": 2, ""性感"": 2, ""学妹"": 1, ""老师"": 1, ""双马尾"": 1, ""制服"": 1, ""床上"": 1, ""口交"": 1, ""酒店"": 1, ""丝袜"": 1, ""主播"": 1}",
/Volumes/HC530_1/待整理/trans/AV/MV/NSPS-262.mp4,NSPS-262.mp4,739385502,705.1,4faf8f26cd983a35358849915327110f,217.8,11,11,12,"OL, 丁字裤, 口交, 姿势, 学生, 模特, 浓妆, 短发, 职业装, 苗条, 身材, 长发","{""长发"": 5, ""短发"": 4, ""身材"": 3, ""姿势"": 3, ""苗条"": 2, ""学生"": 1, ""浓妆"": 1, ""OL"": 1, ""职业装"": 1, ""丁字裤"": 1, ""模特"": 1, ""口交"": 1}",
/Volumes/HC530_1/待整理/trans/AV/MV/!MIDE-968.mp4,!MIDE-968.mp4,5341669721,5094.2,332d65c01237dcdb7995da43a3079677,239.4,11,11,17,"丁字裤, 丝袜, 中年, 内衣, 制服, 口交, 多人, 姿势, 床上, 性感, 模特, 浴室, 短发, 苗条, 身材, 酒店, 长发","{""身材"": 8, ""长发"": 6, ""苗条"": 4, ""模特"": 3, ""丝袜"": 2, ""性感"": 2, ""酒店"": 2, ""姿势"": 2, ""多人"": 1, ""短发"": 1, ""制服"": 1, ""丁字裤"": 1, ""内衣"": 1, ""床上"": 1, ""中年"": 1, ""口交"": 1, ""浴室"": 1}",
/Volumes/HC530_1/待整理/trans/AV/CAWD-213/CAWD-213.mp4,CAWD-213.mp4,5501914116,5247.0,a8308b454035206a3fdde45b4317ef46,252.9,11,11,18,"丁字裤, 内衣, 制服, 办公室, 姿势, 床上, 性感, 情趣, 成熟, 模特, 淡妆, 短发, 红唇, 职业装, 苗条, 身材, 酒店, 长发","{""长发"": 6, ""身材"": 5, ""性感"": 3, ""苗条"": 3, ""办公室"": 3, ""制服"": 2, ""内衣"": 2, ""职业装"": 2, ""模特"": 2, ""淡妆"": 1, ""酒店"": 1, ""情趣"": 1, ""丁字裤"": 1, ""成熟"": 1, ""床上"": 1, ""姿势"": 1, ""短发"": 1, ""红唇"": 1}",
/Volumes/HC530_1/待整理/trans/AV2/SSIS-782.mp4,SSIS-782.mp4,6564158077,6260.1,1f16752662343dbd08eeb9ca41ad97dd,249.3,11,11,17,"丁字裤, 内衣, 口交, 天花板, 姿势, 性感, 情趣, 成熟, 模特, 淡妆, 真实, 短发, 精液, 苗条, 身材, 酒店, 长发","{""身材"": 6, ""模特"": 5, ""长发"": 5, ""口交"": 4, ""内衣"": 4, ""性感"": 3, ""丁字裤"": 2, ""短发"": 2, ""姿势"": 2, ""成熟"": 1, ""真实"": 1, ""苗条"": 1, ""情趣"": 1, ""酒店"": 1, ""精液"": 1, ""天花板"": 1, ""淡妆"": 1}",
/Volumes/HC530_1/待整理/trans/AV2/SSIS-695.mp4,SSIS-695.mp4,6692233739,6382.2,c8fb0c556dedd9a85cd7c294d93c4689,232.3,10,10,18,"中年, 制服, 办公室, 多人, 姿势, 学生, 床上, 淡妆, 短发, 空姐, 素颜, 职业装, 苗条, 调教, 身材, 酒店, 长发, 马尾","{""身材"": 6, ""长发"": 5, ""酒店"": 5, ""制服"": 4, ""苗条"": 4, ""职业装"": 3, ""办公室"": 3, ""学生"": 2, ""短发"": 2, ""多人"": 2, ""姿势"": 2, ""中年"": 2, ""马尾"": 2, ""床上"": 1, ""空姐"": 1, ""素颜"": 1, ""淡妆"": 1, ""调教"": 1}",
/Volumes/HC530_1/待整理/trans/AV2/SSIS-520.mp4,SSIS-520.mp4,6644923115,6337.1,68274471f44c5b024d00c74c30e38892,200.4,10,10,16,"内衣, 办公室, 天花板, 姿势, 学生, 床上, 性感, 情趣, 淡妆, 短发, 秘书, 职业装, 苗条, 身材, 酒店, 长发","{""身材"": 7, ""短发"": 6, ""苗条"": 6, ""长发"": 5, ""办公室"": 3, ""床上"": 2, ""性感"": 2, ""内衣"": 2, ""职业装"": 2, ""姿势"": 2, ""情趣"": 1, ""淡妆"": 1, ""酒店"": 1, ""学生"": 1, ""秘书"": 1, ""天花板"": 1}",
/Volumes/HC530_1/待整理/trans/AV2/JUQ-302.mp4,JUQ-302.mp4,7080349378,6752.3,f3e0b3defbe85a5c97397457cdd9740b,234.2,10,10,19,"丁字裤, 内衣, 制服, 卷发, 和服, 床上, 性感, 情趣, 护士, 按摩, 模特, 浴室, 淡妆, 短发, 职业装, 苗条, 身材, 酒店, 长发","{""短发"": 5, ""身材"": 4, ""内衣"": 3, ""床上"": 3, ""淡妆"": 2, ""性感"": 2, ""丁字裤"": 2, ""长发"": 2, ""卷发"": 1, ""浴室"": 1, ""和服"": 1, ""苗条"": 1, ""职业装"": 1, ""护士"": 1, ""制服"": 1, ""模特"": 1, ""情趣"": 1, ""酒店"": 1, ""按摩"": 1}",
/Volumes/HC530_1/待整理/trans/AV2/SSIS-790.mp4,SSIS-790.mp4,6553076078,6249.5,d0c4a8f6b388ccf7fa80e1cb28e0e1b3,231.2,11,11,14,"丰满, 内衣, 双马尾, 口交, 学生, 床上, 性感, 按摩, 模特, 短发, 苗条, 身材, 长发, 马尾","{""短发"": 6, ""身材"": 4, ""性感"": 2, ""学生"": 2, ""长发"": 2, ""模特"": 1, ""丰满"": 1, ""内衣"": 1, ""口交"": 1, ""床上"": 1, ""马尾"": 1, ""双马尾"": 1, ""苗条"": 1, ""按摩"": 1}",
/Volumes/HC530_1/待整理/trans/AV2/MTALL-073.mp4,MTALL-073.mp4,5824065783,5554.3,a6c9c955b46b3127b3f1d7c19fc9c670,234.4,11,11,21,"丁字裤, 会所, 内衣, 卷发, 双马尾, 口交, 多人, 天花板, 姿势, 床上, 性感, 情趣, 成熟, 模特, 比基尼, 短发, 苗条, 身材, 酒店, 长发, 马尾","{""身材"": 8, ""长发"": 6, ""苗条"": 6, ""酒店"": 4, ""性感"": 4, ""内衣"": 3, ""短发"": 3, ""马尾"": 3, ""模特"": 3, ""丁字裤"": 2, ""姿势"": 2, ""口交"": 2, ""天花板"": 1, ""情趣"": 1, ""会所"": 1, ""多人"": 1, ""双马尾"": 1, ""比基尼"": 1, ""成熟"": 1, ""卷发"": 1, ""床上"": 1}",
/Volumes/HC530_1/待整理/trans/AV2/RKI-637.mp4,RKI-637.mp4,6271437311,5980.9,159e0a324e06a518c80bafb34ee3a576,253.1,10,10,20,"丁字裤, 丝袜, 主播, 内衣, 口交, 和服, 大学生, 姿势, 学生, 床上, 性感, 成熟, 按摩, 模特, 短发, 苗条, 身材, 酒店, 长发, 马尾","{""长发"": 5, ""身材"": 5, ""苗条"": 5, ""床上"": 4, ""性感"": 4, ""学生"": 2, ""马尾"": 2, ""酒店"": 2, ""模特"": 2, ""按摩"": 2, ""姿势"": 2, ""丁字裤"": 1, ""成熟"": 1, ""内衣"": 1, ""大学生"": 1, ""短发"": 1, ""丝袜"": 1, ""主播"": 1, ""和服"": 1, ""口交"": 1}",
/Volumes/HC530_1/待整理/trans/AV2/FSDSS-627.mp4,FSDSS-627.mp4,3891849731,3711.6,b36d605e50ae4abe9391194fc1b7267f,238.8,11,11,13,"内衣, 姿势, 学生, 床上, 性感, 情趣, 按摩, 模特, 淡妆, 短发, 酒店, 长发, 马尾","{""长发"": 6, ""短发"": 5, ""床上"": 5, ""酒店"": 3, ""模特"": 3, ""性感"": 3, ""马尾"": 2, ""学生"": 1, ""按摩"": 1, ""内衣"": 1, ""姿势"": 1, ""情趣"": 1, ""淡妆"": 1}",
/Volumes/HC530_1/待整理/trans/AV2/SSIS-818.mp4,SSIS-818.mp4,7816261844,7454.2,8082cc5483e37343eac7b2dd7a8db33a,234.4,11,11,15,"内衣, 办公室, 卷发, 厨房, 姿势, 床上, 性感, 模特, 比基尼, 淡妆, 短发, 苗条, 身材, 长发, 马尾","{""长发"": 8, ""身材"": 6, ""苗条"": 5, ""模特"": 4, ""床上"": 3, ""马尾"": 2, ""短发"": 2, ""淡妆"": 2, ""厨房"": 1, ""比基尼"": 1, ""内衣"": 1, ""姿势"": 1, ""性感"": 1, ""办公室"": 1, ""卷发"": 1}",
/Volumes/HC530_1/待整理/trans/AV2/VEC-597.mp4,VEC-597.mp4,5021217482,4788.6,914694ebc24e1a2b8c4f358182a56dae,234.6,11,11,21,"丁字裤, 内衣, 制服, 医生, 卷发, 姿势, 学生, 床上, 性感, 成熟, 模特, 浴室, 瑜伽, 眼镜, 短发, 红唇, 自慰, 苗条, 身材, 酒店, 长发","{""长发"": 7, ""酒店"": 4, ""身材"": 4, ""性感"": 2, ""姿势"": 2, ""苗条"": 2, ""丁字裤"": 1, ""制服"": 1, ""床上"": 1, ""模特"": 1, ""红唇"": 1, ""学生"": 1, ""成熟"": 1, ""短发"": 1, ""眼镜"": 1, ""医生"": 1, ""内衣"": 1, ""浴室"": 1, ""自慰"": 1, ""瑜伽"": 1, ""卷发"": 1}",
/Volumes/HC530_1/待整理/trans/AV2/SSIS-364.mp4,SSIS-364.mp4,6952631278,6630.5,d71c8948f2d6d5120a268d04d59f8049,299.1,11,11,17,"丁字裤, 内衣, 双马尾, 口交, 姿势, 学生, 床上, 性感, 情趣, 模特, 淡妆, 短发, 职业装, 苗条, 身材, 长发, 马尾","{""长发"": 7, ""身材"": 5, ""性感"": 4, ""马尾"": 4, ""模特"": 3, ""短发"": 3, ""苗条"": 3, ""床上"": 2, ""姿势"": 2, ""双马尾"": 2, ""内衣"": 2, ""淡妆"": 1, ""学生"": 1, ""口交"": 1, ""情趣"": 1, ""丁字裤"": 1, ""职业装"": 1}",
/Volumes/HC530_1/待整理/trans/AV2/WAAA-279.mp4,WAAA-279.mp4,5453671879,5201.0,9263a6ed79b4cf3d3af36991a7055832,210.1,10,10,14,"丁字裤, 丰满, 内衣, 制服, 卷发, 姿势, 学生, 性感, 模特, 浴室, 短发, 苗条, 身材, 长发","{""身材"": 6, ""长发"": 4, ""短发"": 4, ""苗条"": 4, ""性感"": 3, ""姿势"": 3, ""模特"": 3, ""内衣"": 2, ""丰满"": 1, ""浴室"": 1, ""学生"": 1, ""卷发"": 1, ""制服"": 1, ""丁字裤"": 1}",
/Volumes/HC530_1/待整理/trans/AV2/HZGD-251.mp4,HZGD-251.mp4,6469179035,6169.5,9b839045190dfbc19cc842c119dde94d,234.4,11,11,15,"中年, 制服, 卷发, 双马尾, 口交, 姿势, 床上, 性感, 按摩, 模特, 睡衣, 身材, 酒店, 长发, 马尾","{""长发"": 5, ""床上"": 3, ""身材"": 3, ""按摩"": 2, ""模特"": 1, ""制服"": 1, ""睡衣"": 1, ""姿势"": 1, ""中年"": 1, ""酒店"": 1, ""性感"": 1, ""口交"": 1, ""卷发"": 1, ""马尾"": 1, ""双马尾"": 1}",
/Volumes/HC530_1/待整理/trans/AV2/SSIS-784.mp4,SSIS-784.mp4,8229709242,7848.5,bd3b2ce9debc8709cb19c029736d80ac,249.0,11,11,22,"丁字裤, 丝袜, 丰满, 会所, 内衣, 办公室, 双马尾, 姿势, 床上, 性感, 情趣, 按摩, 模特, 比基尼, 短发, 红唇, 自慰, 苗条, 身材, 酒店, 长发, 马尾","{""身材"": 7, ""苗条"": 5, ""模特"": 4, ""长发"": 4, ""性感"": 4, ""内衣"": 4, ""短发"": 3, ""马尾"": 3, ""姿势"": 3, ""酒店"": 2, ""按摩"": 2, ""双马尾"": 2, ""会所"": 1, ""办公室"": 1, ""床上"": 1, ""自慰"": 1, ""情趣"": 1, ""丁字裤"": 1, ""红唇"": 1, ""丰满"": 1, ""比基尼"": 1, ""丝袜"": 1}",
/Volumes/HC530_1/待整理/trans/AV2/JUQ-301.mp4,JUQ-301.mp4,6558097216,6254.3,4d0fed251d3a29a9d445c7b334ad476f,234.3,10,10,14,"中年, 内衣, 卷发, 姿势, 床上, 性感, 成熟, 模特, 熟女, 短发, 苗条, 身材, 酒店, 长发","{""模特"": 6, ""身材"": 5, ""长发"": 5, ""苗条"": 3, ""床上"": 3, ""熟女"": 2, ""成熟"": 2, ""卷发"": 2, ""酒店"": 2, ""性感"": 2, ""姿势"": 2, ""短发"": 1, ""中年"": 1, ""内衣"": 1}",
/Volumes/HC530_1/待整理/trans/AV2/739MMKA-001.mp4,739MMKA-001.mp4,2070411456,1974.5,a4742964bfec8a63e9371014c5610227,244.7,11,11,15,"丁字裤, 内衣, 办公室, 姿势, 床上, 律师, 性感, 成熟, 模特, 短发, 苗条, 身材, 酒店, 长发, 马尾","{""模特"": 7, ""长发"": 7, ""酒店"": 6, ""身材"": 6, ""苗条"": 6, ""床上"": 4, ""性感"": 3, ""内衣"": 2, ""成熟"": 1, ""丁字裤"": 1, ""短发"": 1, ""姿势"": 1, ""办公室"": 1, ""律师"": 1, ""马尾"": 1}",
/Volumes/HC530_1/待整理/trans/AV2/NKKD-287.mp4,NKKD-287.mp4,5407644819,5157.1,9e7f89dca92e9913db4459ecf93ac241,243.3,10,10,18,"中年, 内衣, 制服, 姿势, 学生, 床上, 性感, 情趣, 成熟, 护士, 模特, 浴室, 短发, 红唇, 苗条, 身材, 酒店, 长发","{""身材"": 7, ""苗条"": 5, ""长发"": 4, ""模特"": 2, ""学生"": 2, ""姿势"": 2, ""床上"": 2, ""红唇"": 2, ""短发"": 2, ""浴室"": 2, ""性感"": 2, ""护士"": 1, ""制服"": 1, ""中年"": 1, ""情趣"": 1, ""内衣"": 1, ""成熟"": 1, ""酒店"": 1}",
/Volumes/HC530_1/待整理/trans/AV2/SSIS-745.mp4,SSIS-745.mp4,5419860320,5168.8,169a2445588dd7dbe096a1499ff529a5,202.0,10,10,14,"丁字裤, 丰满, 内衣, 和服, 姿势, 床上, 性感, 情趣, 模特, 短发, 苗条, 调教, 身材, 长发","{""身材"": 6, ""苗条"": 5, ""性感"": 4, ""床上"": 3, ""长发"": 3, ""内衣"": 3, ""模特"": 3, ""短发"": 2, ""姿势"": 1, ""丁字裤"": 1, ""情趣"": 1, ""丰满"": 1, ""和服"": 1, ""调教"": 1}",
/Volumes/HC530_1/待整理/trans/AV2/JUQ-335.mp4,JUQ-335.mp4,5342850215,5095.3,82db8805c0f7e1864af4f65a65b29513,254.2,10,10,17,"内衣, 制服, 办公室, 卷发, 口交, 姿势, 床上, 性感, 成熟, 熟女, 睡衣, 短发, 职业装, 苗条, 身材, 酒店, 长发","{""身材"": 7, ""长发"": 4, ""苗条"": 4, ""口交"": 3, ""短发"": 3, ""内衣"": 2, ""办公室"": 2, ""姿势"": 2, ""卷发"": 2, ""睡衣"": 1, ""职业装"": 1, ""熟女"": 1, ""性感"": 1, ""成熟"": 1, ""床上"": 1, ""制服"": 1, ""酒店"": 1}",
/Volumes/HC530_1/待整理/trans/AV2/IPZZ-078.mp4,IPZZ-078.mp4,5348256773,5100.5,e903e4a9cdcccfdd1971ecb238d4b05d,227.0,10,10,13,"丁字裤, 厨房, 口交, 姿势, 学生, 床上, 性感, 模特, 短发, 苗条, 身材, 长发, 马尾","{""身材"": 5, ""短发"": 4, ""长发"": 4, ""苗条"": 4, ""模特"": 3, ""床上"": 2, ""姿势"": 2, ""马尾"": 2, ""厨房"": 2, ""口交"": 1, ""性感"": 1, ""学生"": 1, ""丁字裤"": 1}",
/Volumes/HC530_1/待整理/trans/AV2/JUQ-308.mp4,JUQ-308.mp4,5781711834,5513.9,7dae78d7e12076947f0d7ecaed8921b3,234.8,10,10,19,"中年, 丰满, 内衣, 卷发, 口交, 多人, 床上, 性感, 情趣, 成熟, 按摩, 模特, 浴室, 熟女, 短发, 苗条, 身材, 酒店, 长发","{""身材"": 7, ""性感"": 6, ""苗条"": 6, ""长发"": 4, ""内衣"": 4, ""短发"": 3, ""模特"": 3, ""成熟"": 2, ""卷发"": 2, ""情趣"": 2, ""熟女"": 1, ""丰满"": 1, ""口交"": 1, ""床上"": 1, ""浴室"": 1, ""按摩"": 1, ""酒店"": 1, ""中年"": 1, ""多人"": 1}",
/Volumes/HC530_1/待整理/trans/AV2/SSIS-576.mp4,SSIS-576.mp4,5406908586,5156.4,dc34747f866798537bdd07bd95d395c0,226.0,10,10,16,"丁字裤, 丝袜, 内衣, 双马尾, 姿势, 性感, 情趣, 成熟, 按摩, 模特, 淡妆, 短发, 苗条, 调教, 身材, 马尾","{""性感"": 7, ""短发"": 5, ""身材"": 5, ""苗条"": 5, ""内衣"": 4, ""情趣"": 3, ""模特"": 2, ""马尾"": 2, ""按摩"": 1, ""姿势"": 1, ""成熟"": 1, ""丝袜"": 1, ""调教"": 1, ""双马尾"": 1, ""淡妆"": 1, ""丁字裤"": 1}",
/Volumes/HC530_1/待整理/trans/AV2/CHUC-038.mp4,CHUC-038.mp4,3267411323,3116.0,48e8186073c69e89270eeaf6a2d61419,251.2,11,11,18,"主播, 内衣, 卷发, 双马尾, 口交, 学生, 床上, 性感, 成熟, 模特, 熟女, 短发, 老师, 苗条, 身材, 酒店, 长发, 马尾","{""长发"": 9, ""酒店"": 5, ""床上"": 5, ""身材"": 4, ""苗条"": 4, ""性感"": 3, ""模特"": 2, ""短发"": 2, ""口交"": 2, ""马尾"": 2, ""内衣"": 2, ""学生"": 1, ""主播"": 1, ""双马尾"": 1, ""熟女"": 1, ""老师"": 1, ""成熟"": 1, ""卷发"": 1}",
/Volumes/HC530_1/待整理/trans/AV2/JUQ-288.mp4,JUQ-288.mp4,6353967657,6059.6,93c404d640d1a6bc3598ef54380a7751,226.4,10,10,17,"丁字裤, 丝袜, 内衣, 口交, 姿势, 床上, 性感, 按摩, 模特, 浴室, 淡妆, 睡衣, 苗条, 身材, 酒店, 长发, 马尾","{""身材"": 8, ""长发"": 6, ""性感"": 5, ""苗条"": 5, ""浴室"": 5, ""床上"": 4, ""模特"": 3, ""酒店"": 2, ""马尾"": 2, ""丁字裤"": 2, ""内衣"": 2, ""姿势"": 2, ""丝袜"": 1, ""淡妆"": 1, ""按摩"": 1, ""口交"": 1, ""睡衣"": 1}",
/Volumes/HC530_1/待整理/trans/AV2/FSDSS-642.mp4,FSDSS-642.mp4,3879110654,3699.4,0dcb8ff2ec0158ac6c0eb1e8dcc6b7c6,273.6,11,11,18,"制服, 办公室, 口交, 大学生, 学校, 学生, 性感, 成熟, 模特, 清纯, 瑜伽, 短发, 老师, 职业装, 苗条, 身材, 长发, 马尾","{""学生"": 8, ""长发"": 7, ""身材"": 6, ""短发"": 5, ""制服"": 4, ""苗条"": 3, ""学校"": 3, ""老师"": 2, ""清纯"": 2, ""办公室"": 2, ""模特"": 2, ""成熟"": 1, ""职业装"": 1, ""大学生"": 1, ""马尾"": 1, ""性感"": 1, ""口交"": 1, ""瑜伽"": 1}",
/Volumes/HC530_1/待整理/trans/AV2/SSIS-788.mp4,SSIS-788.mp4,6349720661,6055.6,b19cbe25953f54e56b337d3b1c193f6f,224.2,11,11,15,"内衣, 口交, 姿势, 学生, 床上, 性感, 按摩, 模特, 睡衣, 短发, 苗条, 身材, 酒店, 长发, 马尾","{""床上"": 7, ""身材"": 5, ""长发"": 5, ""短发"": 4, ""性感"": 3, ""模特"": 2, ""学生"": 1, ""睡衣"": 1, ""姿势"": 1, ""酒店"": 1, ""内衣"": 1, ""按摩"": 1, ""口交"": 1, ""马尾"": 1, ""苗条"": 1}",
/Volumes/HC530_1/待整理/trans/AV2/SSIS-489.mp4,SSIS-489.mp4,5291628513,5046.5,8a564988a4d3a775d6d5142574a3ee1d,230.2,10,10,18,"丁字裤, 丰满, 内衣, 口交, 多人, 姿势, 学生, 床上, 性感, 成熟, 按摩, 旗袍, 模特, 短发, 苗条, 身材, 酒店, 长发","{""身材"": 8, ""模特"": 6, ""苗条"": 6, ""性感"": 5, ""短发"": 4, ""长发"": 3, ""姿势"": 2, ""内衣"": 2, ""旗袍"": 1, ""学生"": 1, ""床上"": 1, ""酒店"": 1, ""按摩"": 1, ""丁字裤"": 1, ""口交"": 1, ""多人"": 1, ""成熟"": 1, ""丰满"": 1}",
/Volumes/HC530_1/待整理/trans/AV2/MTALL-074.mp4,MTALL-074.mp4,5689456216,5425.9,890acd97e3818b87af63f5010f20a91f,255.8,11,11,17,"中年, 口交, 和服, 天花板, 姿势, 学生, 床上, 性感, 护士, 模特, 清纯, 眼镜, 短发, 职业装, 苗条, 身材, 长发","{""眼镜"": 6, ""短发"": 6, ""身材"": 4, ""苗条"": 3, ""姿势"": 2, ""床上"": 2, ""模特"": 2, ""职业装"": 1, ""护士"": 1, ""口交"": 1, ""天花板"": 1, ""中年"": 1, ""学生"": 1, ""性感"": 1, ""长发"": 1, ""清纯"": 1, ""和服"": 1}",
/Volumes/HC530_1/待整理/trans/AV2/SSIS-610.mp4,SSIS-610.mp4,5332174290,5085.2,2e6a546e64cef0a5843523ecdc5fb397,219.7,10,10,15,"丰满, 和服, 姿势, 学生, 床上, 性感, 成熟, 按摩, 模特, 浴室, 淡妆, 短发, 苗条, 身材, 长发","{""身材"": 8, ""短发"": 6, ""性感"": 3, ""床上"": 3, ""苗条"": 2, ""和服"": 2, ""模特"": 2, ""成熟"": 2, ""长发"": 2, ""姿势"": 2, ""浴室"": 1, ""丰满"": 1, ""按摩"": 1, ""学生"": 1, ""淡妆"": 1}",
/Volumes/HC530_1/待整理/trans/AV2/FSDSS-643.mp4,FSDSS-643.mp4,3822056691,3645.0,87a953ceb1a1bc875e9910d097b6a3a1,256.9,11,11,20,"中年, 丰满, 内衣, 卷发, 厨房, 口交, 姿势, 床上, 性感, 成熟, 按摩, 模特, 浴室, 清纯, 短发, 苗条, 身材, 酒店, 长发, 马尾","{""长发"": 5, ""身材"": 5, ""苗条"": 5, ""性感"": 3, ""口交"": 3, ""卷发"": 2, ""模特"": 2, ""浴室"": 2, ""内衣"": 2, ""酒店"": 2, ""清纯"": 1, ""马尾"": 1, ""中年"": 1, ""按摩"": 1, ""短发"": 1, ""姿势"": 1, ""厨房"": 1, ""床上"": 1, ""丰满"": 1, ""成熟"": 1}",
/Volumes/HC530_1/待整理/trans/AV2/SAME-049.mp4,SAME-049.mp4,5421215829,5170.1,04f8d0bc636398ced87beb90a55b3fd1,252.6,10,10,19,"内衣, 制服, 办公室, 双马尾, 口交, 多人, 姿势, 学校, 学生, 床上, 护士, 淡妆, 清纯, 瑜伽, 短发, 苗条, 身材, 长发, 马尾","{""学生"": 7, ""身材"": 6, ""制服"": 6, ""长发"": 4, ""马尾"": 4, ""苗条"": 3, ""淡妆"": 3, ""姿势"": 3, ""清纯"": 2, ""办公室"": 2, ""双马尾"": 2, ""口交"": 1, ""内衣"": 1, ""多人"": 1, ""护士"": 1, ""瑜伽"": 1, ""床上"": 1, ""学校"": 1, ""短发"": 1}",
/Volumes/HC530_1/待整理/trans/AV2/SAME-057.mp4,SAME-057.mp4,6001289843,5723.3,77d5337725cd5c5e13184ec80caf0585,221.3,10,10,19,"中年, 内衣, 制服, 办公室, 卷发, 口交, 多人, 姿势, 学校, 学生, 床上, 淡妆, 清纯, 短发, 老师, 苗条, 身材, 酒店, 长发","{""长发"": 7, ""身材"": 4, ""苗条"": 3, ""学生"": 3, ""床上"": 3, ""酒店"": 3, ""办公室"": 2, ""淡妆"": 2, ""内衣"": 2, ""姿势"": 2, ""口交"": 2, ""多人"": 2, ""短发"": 2, ""老师"": 1, ""中年"": 1, ""学校"": 1, ""清纯"": 1, ""卷发"": 1, ""制服"": 1}",
/Volumes/HC530_1/待整理/trans/AV2/MIDV-401.mp4,MIDV-401.mp4,6865232586,6547.2,1b7355c995af11b6527e3ce53d46f4da,213.8,10,10,18,"丰满, 内衣, 卷发, 多人, 姿势, 床上, 性感, 情趣, 按摩, 模特, 浴室, 淡妆, 短发, 苗条, 身材, 酒店, 长发, 马尾","{""身材"": 7, ""短发"": 6, ""性感"": 3, ""苗条"": 3, ""长发"": 3, ""模特"": 2, ""姿势"": 2, ""床上"": 2, ""淡妆"": 1, ""卷发"": 1, ""按摩"": 1, ""浴室"": 1, ""情趣"": 1, ""内衣"": 1, ""丰满"": 1, ""酒店"": 1, ""多人"": 1, ""马尾"": 1}",
/Volumes/HC530_1/待整理/trans/AV2/SSIS-706.mp4,SSIS-706.mp4,5277459704,5033.0,6c74648444e3aa593c105aa52fcecdc4,226.8,10,10,16,"丰满, 内衣, 口交, 姿势, 学生, 床上, 性感, 情趣, 按摩, 模特, 短发, 苗条, 身材, 酒店, 长发, 马尾","{""身材"": 7, ""长发"": 5, ""短发"": 5, ""床上"": 4, ""苗条"": 4, ""模特"": 3, ""学生"": 2, ""口交"": 2, ""丰满"": 2, ""性感"": 2, ""马尾"": 2, ""按摩"": 2, ""姿势"": 1, ""内衣"": 1, ""情趣"": 1, ""酒店"": 1}",
/Volumes/HC530_1/待整理/trans/AV2/SSIS-780.mp4,SSIS-780.mp4,6460740015,6161.4,769477e9b9fb59572f58a66257646e8f,236.9,11,11,16,"丝袜, 内衣, 办公室, 医生, 医院, 姿势, 床上, 性感, 护士, 模特, 短发, 职业装, 苗条, 身材, 长发, 马尾","{""身材"": 6, ""短发"": 5, ""长发"": 4, ""苗条"": 3, ""办公室"": 2, ""护士"": 2, ""姿势"": 2, ""模特"": 2, ""床上"": 2, ""医生"": 1, ""马尾"": 1, ""职业装"": 1, ""医院"": 1, ""丝袜"": 1, ""性感"": 1, ""内衣"": 1}",
/Volumes/HC530_1/待整理/trans/AV2/229SCUTE-1383.mp4,229SCUTE-1383.mp4,2020739738,1927.1,a65d13f25e30e6eb80963c2f8a14fb87,266.2,11,11,16,"丁字裤, 内衣, 大学生, 姿势, 学生, 床上, 性感, 成熟, 模特, 淡妆, 短发, 苗条, 身材, 酒店, 长发, 马尾","{""长发"": 5, ""酒店"": 5, ""马尾"": 5, ""身材"": 4, ""模特"": 3, ""内衣"": 3, ""苗条"": 2, ""性感"": 2, ""床上"": 2, ""大学生"": 1, ""学生"": 1, ""成熟"": 1, ""短发"": 1, ""姿势"": 1, ""丁字裤"": 1, ""淡妆"": 1}",
/Volumes/HC530_1/待整理/trans/AV2/MIAA-813.mp4,MIAA-813.mp4,5350272523,5102.4,e903d69c8f4598102c3678bbd75e8706,225.1,10,10,20,"丁字裤, 内衣, 制服, 卷发, 厨房, 口交, 娇小, 学生, 床上, 性感, 按摩, 浴室, 淡妆, 清纯, 短发, 苗条, 身材, 酒店, 长发, 马尾","{""长发"": 5, ""学生"": 4, ""身材"": 4, ""苗条"": 3, ""内衣"": 3, ""性感"": 3, ""短发"": 2, ""床上"": 2, ""口交"": 2, ""清纯"": 2, ""按摩"": 2, ""制服"": 1, ""酒店"": 1, ""丁字裤"": 1, ""卷发"": 1, ""浴室"": 1, ""马尾"": 1, ""淡妆"": 1, ""娇小"": 1, ""厨房"": 1}",
/Volumes/HC530_1/待整理/trans/AV2/IPIT-039.mp4,IPIT-039.mp4,5347119322,5099.4,37eb67ac199d59d1d370d8b6de740cff,243.2,11,11,19,"OL, 丁字裤, 丝袜, 内衣, 卷发, 姿势, 床上, 性感, 按摩, 模特, 清纯, 睡衣, 短发, 职业装, 苗条, 身材, 酒店, 长发, 马尾","{""长发"": 6, ""身材"": 6, ""床上"": 4, ""苗条"": 4, ""性感"": 4, ""模特"": 4, ""丁字裤"": 2, ""短发"": 2, ""姿势"": 2, ""内衣"": 2, ""酒店"": 1, ""按摩"": 1, ""睡衣"": 1, ""丝袜"": 1, ""清纯"": 1, ""马尾"": 1, ""OL"": 1, ""职业装"": 1, ""卷发"": 1}",
/Volumes/HC530_1/待整理/trans/AV2/300MIUM-928.mp4,300MIUM-928.mp4,5233679706,4991.2,bf280d57467d422845af5e5bdde3d3e3,258.4,11,11,17,"丁字裤, 中年, 办公室, 姿势, 学生, 律师, 性感, 模特, 睡衣, 短发, 职业装, 苗条, 身材, 车内, 酒店, 长发, 马尾","{""身材"": 5, ""长发"": 5, ""苗条"": 4, ""酒店"": 3, ""办公室"": 2, ""职业装"": 2, ""性感"": 2, ""短发"": 2, ""中年"": 2, ""马尾"": 2, ""学生"": 1, ""睡衣"": 1, ""律师"": 1, ""车内"": 1, ""姿势"": 1, ""丁字裤"": 1, ""模特"": 1}",
/Volumes/HC530_1/待整理/trans/AV2/SSIS-778.mp4,SSIS-778.mp4,6416162352,6118.9,cf02ef46f81ec39186e279d7e4139b22,214.1,10,10,14,"丰满, 卷发, 厨房, 性感, 按摩, 模特, 浴室, 淡妆, 眼镜, 短发, 苗条, 身材, 长发, 马尾","{""长发"": 7, ""身材"": 4, ""苗条"": 4, ""马尾"": 2, ""性感"": 2, ""模特"": 1, ""淡妆"": 1, ""厨房"": 1, ""按摩"": 1, ""短发"": 1, ""卷发"": 1, ""浴室"": 1, ""眼镜"": 1, ""丰满"": 1}",
/Volumes/HC530_1/待整理/trans/AV2/FNEO-073.mp4,FNEO-073.mp4,6172462781,5886.5,0371cbb4406a0bedfd0d9e284ea45aee,213.9,11,11,18,"丰满, 主播, 内衣, 制服, 姿势, 学生, 床上, 性感, 情趣, 成熟, 护士, 淡妆, 真实, 短发, 苗条, 身材, 酒店, 长发","{""短发"": 8, ""身材"": 4, ""酒店"": 4, ""苗条"": 3, ""制服"": 3, ""长发"": 3, ""学生"": 2, ""内衣"": 2, ""床上"": 2, ""淡妆"": 1, ""情趣"": 1, ""性感"": 1, ""主播"": 1, ""成熟"": 1, ""丰满"": 1, ""真实"": 1, ""护士"": 1, ""姿势"": 1}",
/Volumes/HC530_1/待整理/trans/AV2/JBD-291.mp4,JBD-291.mp4,5418199681,5167.2,85478138eded14aa23a98810fcd45080,248.5,10,10,17,"丁字裤, 中年, 内衣, 办公室, 口交, 和服, 姿势, 性感, 成熟, 模特, 浓妆, 短发, 苗条, 调教, 身材, 长发, 马尾","{""身材"": 7, ""长发"": 7, ""模特"": 4, ""苗条"": 4, ""性感"": 3, ""姿势"": 2, ""调教"": 2, ""丁字裤"": 2, ""口交"": 2, ""中年"": 1, ""短发"": 1, ""浓妆"": 1, ""和服"": 1, ""成熟"": 1, ""内衣"": 1, ""办公室"": 1, ""马尾"": 1}",
/Volumes/HC530_1/待整理/trans/AV2/VEMA-204.mp4,VEMA-204.mp4,4824499486,4601.0,ae6b47d4c7bdd944eed617ce655b5b11,248.0,11,11,21,"中年, 内衣, 制服, 办公室, 卷发, 厨房, 口交, 姿势, 学生, 床上, 性感, 护士, 按摩, 模特, 睡衣, 短发, 苗条, 身材, 酒店, 长发, 马尾","{""身材"": 5, ""长发"": 4, ""模特"": 3, ""酒店"": 3, ""床上"": 3, ""性感"": 2, ""口交"": 2, ""内衣"": 2, ""中年"": 2, ""苗条"": 2, ""姿势"": 1, ""卷发"": 1, ""按摩"": 1, ""短发"": 1, ""厨房"": 1, ""办公室"": 1, ""护士"": 1, ""学生"": 1, ""马尾"": 1, ""制服"": 1, ""睡衣"": 1}",
/Volumes/HC530_1/待整理/trans/AV2/JUQ-305.mp4,JUQ-305.mp4,6227965396,5939.5,604180b1ca08b6e85c526e81698e6cb7,199.3,10,10,16,"丁字裤, 丝袜, 内衣, 双马尾, 口交, 学生, 床上, 性感, 成熟, 按摩, 模特, 熟女, 苗条, 身材, 长发, 马尾","{""身材"": 8, ""长发"": 8, ""苗条"": 6, ""性感"": 5, ""模特"": 3, ""床上"": 2, ""马尾"": 2, ""口交"": 2, ""熟女"": 1, ""成熟"": 1, ""学生"": 1, ""丁字裤"": 1, ""内衣"": 1, ""按摩"": 1, ""丝袜"": 1, ""双马尾"": 1}",
/Volumes/HC530_1/待整理/trans/AV2/SAME-064.mp4,SAME-064.mp4,6387394490,6091.5,e7dd8f4c2f20b4104efb0b49d02f3fff,205.8,10,10,20,"丝袜, 丰满, 内衣, 制服, 口交, 和服, 多人, 学生, 床上, 性感, 模特, 瑜伽, 短发, 红唇, 职业装, 苗条, 身材, 酒店, 长发, 颜值","{""身材"": 5, ""床上"": 4, ""长发"": 4, ""酒店"": 3, ""口交"": 2, ""短发"": 2, ""苗条"": 2, ""丰满"": 2, ""学生"": 1, ""多人"": 1, ""职业装"": 1, ""制服"": 1, ""颜值"": 1, ""丝袜"": 1, ""性感"": 1, ""模特"": 1, ""和服"": 1, ""内衣"": 1, ""瑜伽"": 1, ""红唇"": 1}",
/Volumes/HC530_1/待整理/trans/AV2/SSIS-781.mp4,SSIS-781.mp4,8278387573,7894.9,6325b28eaa45dc432d08312ba3bae6d4,230.8,11,11,21,"丁字裤, 中年, 丰满, 会所, 内衣, 卷发, 口交, 姿势, 学生, 床上, 性感, 按摩, 模特, 淡妆, 清纯, 短发, 苗条, 身材, 酒店, 长发, 马尾","{""身材"": 5, ""性感"": 4, ""长发"": 4, ""口交"": 3, ""苗条"": 3, ""清纯"": 2, ""模特"": 2, ""床上"": 2, ""酒店"": 2, ""姿势"": 2, ""丁字裤"": 2, ""会所"": 2, ""学生"": 1, ""内衣"": 1, ""卷发"": 1, ""马尾"": 1, ""丰满"": 1, ""淡妆"": 1, ""中年"": 1, ""按摩"": 1, ""短发"": 1}",
/Volumes/HC530_1/待整理/trans/AV2/FSDSS-623.mp4,FSDSS-623.mp4,3885502819,3705.5,d7fc6b13bea53fedd2bf0bc96e0c2e12,238.9,11,11,17,"内衣, 大学生, 姿势, 学生, 床上, 性感, 成熟, 模特, 浴室, 淡妆, 熟女, 短发, 苗条, 身材, 酒店, 长发, 马尾","{""长发"": 7, ""身材"": 6, ""性感"": 3, ""酒店"": 3, ""苗条"": 3, ""学生"": 2, ""模特"": 1, ""内衣"": 1, ""姿势"": 1, ""淡妆"": 1, ""浴室"": 1, ""熟女"": 1, ""床上"": 1, ""成熟"": 1, ""马尾"": 1, ""大学生"": 1, ""短发"": 1}",
/Volumes/HC530_1/待整理/trans/AV2/RKI-636.mp4,RKI-636.mp4,7734496846,7376.2,1fc936d4bc0920edeb667cd440b6b782,244.8,10,10,21,"丁字裤, 内衣, 口交, 和服, 姿势, 学生, 床上, 性感, 情趣, 成熟, 按摩, 模特, 瑜伽, 短发, 老师, 苗条, 身材, 运动装, 酒店, 长发, 马尾","{""身材"": 5, ""苗条"": 4, ""长发"": 3, ""丁字裤"": 3, ""短发"": 2, ""模特"": 2, ""学生"": 1, ""马尾"": 1, ""老师"": 1, ""运动装"": 1, ""按摩"": 1, ""瑜伽"": 1, ""床上"": 1, ""性感"": 1, ""成熟"": 1, ""酒店"": 1, ""姿势"": 1, ""口交"": 1, ""情趣"": 1, ""和服"": 1, ""内衣"": 1}",
/Volumes/HC530_1/待整理/trans/AV2/MIDV-408.mp4,MIDV-408.mp4,6555951192,6252.2,26046d3ed192c461ccbc35c1e2c2a990,229.9,10,10,15,"内衣, 和服, 姿势, 床上, 性感, 成熟, 模特, 浴室, 淡妆, 苗条, 身材, 酒店, 长发, 马尾, 高大","{""长发"": 7, ""身材"": 4, ""床上"": 3, ""性感"": 3, ""苗条"": 3, ""模特"": 3, ""成熟"": 2, ""酒店"": 2, ""马尾"": 1, ""淡妆"": 1, ""姿势"": 1, ""和服"": 1, ""浴室"": 1, ""高大"": 1, ""内衣"": 1}",
/Volumes/HC530_1/待整理/trans/AV2/SSIS-791.mp4,SSIS-791.mp4,6451284329,6152.4,704ca07c23f718b6673b18289c189d06,217.2,11,11,11,"丰满, 双马尾, 口交, 姿势, 学生, 性感, 苗条, 身材, 酒店, 长发, 马尾","{""长发"": 7, ""身材"": 5, ""苗条"": 3, ""学生"": 2, ""口交"": 2, ""酒店"": 2, ""马尾"": 2, ""姿势"": 1, ""丰满"": 1, ""双马尾"": 1, ""性感"": 1}",
/Volumes/HC530_1/待整理/trans/AV2/IPZZ-097.mp4,IPZZ-097.mp4,11970340181,11415.8,91fd88ad2682068e6f2842f370865b02,264.8,11,11,14,"制服, 双马尾, 口交, 姿势, 学生, 床上, 模特, 淡妆, 短发, 苗条, 身材, 酒店, 长发, 马尾","{""长发"": 5, ""身材"": 4, ""姿势"": 3, ""床上"": 3, ""学生"": 2, ""苗条"": 2, ""口交"": 2, ""短发"": 2, ""酒店"": 2, ""马尾"": 2, ""制服"": 1, ""模特"": 1, ""淡妆"": 1, ""双马尾"": 1}",
/Volumes/HC530_1/待整理/trans/AV2/SSIS-759.mp4,SSIS-759.mp4,6494468881,6193.6,0399148b129a8266557aec5912a17bdb,269.2,11,11,14,"中年, 床上, 性感, 按摩, 模特, 比基尼, 浴室, 淡妆, 短发, 苗条, 身材, 酒店, 长发, 马尾","{""身材"": 8, ""长发"": 5, ""苗条"": 5, ""马尾"": 3, ""床上"": 2, ""模特"": 2, ""淡妆"": 2, ""酒店"": 1, ""中年"": 1, ""浴室"": 1, ""按摩"": 1, ""比基尼"": 1, ""性感"": 1, ""短发"": 1}",
/Volumes/HC530_1/待整理/trans/AV2/SSIS-699.mp4,SSIS-699.mp4,6511319473,6209.7,da1685e75afda9297d5bc56901e93069,237.6,10,10,15,"丁字裤, 中年, 医生, 口交, 学生, 床上, 性感, 按摩, 模特, 淡妆, 苗条, 身材, 酒店, 长发, 马尾","{""长发"": 8, ""身材"": 6, ""苗条"": 5, ""床上"": 5, ""丁字裤"": 2, ""按摩"": 2, ""中年"": 1, ""口交"": 1, ""酒店"": 1, ""淡妆"": 1, ""马尾"": 1, ""学生"": 1, ""医生"": 1, ""性感"": 1, ""模特"": 1}",
/Volumes/HC530_1/待整理/trans/AV2/SSIS-671.mp4,SSIS-671.mp4,6767356548,6453.9,1934b7bf7d2d10a3afa9f2fc666cf024,237.5,10,10,17,"中年, 丰满, 会所, 制服, 办公室, 卷发, 姿势, 学生, 性感, 情趣, 成熟, 模特, 短发, 职业装, 苗条, 身材, 长发","{""身材"": 7, ""苗条"": 5, ""性感"": 4, ""模特"": 3, ""长发"": 3, ""短发"": 2, ""姿势"": 2, ""会所"": 1, ""成熟"": 1, ""丰满"": 1, ""中年"": 1, ""学生"": 1, ""制服"": 1, ""情趣"": 1, ""职业装"": 1, ""办公室"": 1, ""卷发"": 1}",
/Volumes/HC530_1/待整理/trans/AV2/JUQ-306/JUQ-306.mp4,JUQ-306.mp4,5311254456,5065.2,a30a4a4837f2293cd1356082e8bdc85e,243.3,10,10,11,"卷发, 口交, 姿势, 床上, 性感, 成熟, 模特, 苗条, 身材, 长发, 马尾","{""身材"": 8, ""长发"": 8, ""苗条"": 5, ""姿势"": 4, ""模特"": 2, ""性感"": 2, ""成熟"": 2, ""卷发"": 1, ""口交"": 1, ""床上"": 1, ""马尾"": 1}",
/Volumes/HC530_1/待整理/武藤/JUL-401.mp4,JUL-401.mp4,5452829963,5200.2,00bbd6b31e1a5e53dbf8a7654205376d,247.8,11,11,23,"中年, 丰满, 内衣, 制服, 办公室, 卷发, 口交, 和服, 姿势, 学校, 学生, 床上, 微胖, 性感, 模特, 浴室, 瑜伽, 眼镜, 短发, 苗条, 身材, 酒店, 长发","{""长发"": 5, ""身材"": 4, ""卷发"": 2, ""内衣"": 2, ""苗条"": 2, ""性感"": 2, ""短发"": 2, ""姿势"": 2, ""和服"": 1, ""瑜伽"": 1, ""学生"": 1, ""制服"": 1, ""学校"": 1, ""办公室"": 1, ""眼镜"": 1, ""模特"": 1, ""中年"": 1, ""浴室"": 1, ""酒店"": 1, ""口交"": 1, ""床上"": 1, ""丰满"": 1, ""微胖"": 1}",
/Volumes/HC530_1/待整理/武藤/GNAX-045.mp4,GNAX-045.mp4,4871138685,4645.5,ae58aab818b89690425ffbfc2adf87d4,256.5,10,10,21,"丝袜, 中年, 丰满, 内衣, 医生, 厨房, 姿势, 床上, 性感, 情趣, 成熟, 护士, 模特, 熟女, 眼镜, 睡衣, 短发, 职业装, 苗条, 身材, 长发","{""长发"": 6, ""身材"": 5, ""短发"": 3, ""睡衣"": 3, ""模特"": 3, ""苗条"": 3, ""性感"": 3, ""内衣"": 3, ""厨房"": 2, ""成熟"": 2, ""姿势"": 2, ""眼镜"": 1, ""中年"": 1, ""熟女"": 1, ""职业装"": 1, ""护士"": 1, ""医生"": 1, ""床上"": 1, ""情趣"": 1, ""丰满"": 1, ""丝袜"": 1}",
/Volumes/HC530_1/待整理/武藤/HR-005.mp4,HR-005.mp4,8361112867,7973.8,b685fedb01b3fb8522a696d415763a2b,279.8,11,11,18,"中年, 丰满, 厨房, 口交, 和服, 姿势, 床上, 性感, 成熟, 模特, 浴室, 真实, 眼镜, 苗条, 身材, 酒店, 长发, 马尾","{""长发"": 8, ""身材"": 6, ""性感"": 6, ""模特"": 5, ""苗条"": 4, ""床上"": 4, ""中年"": 3, ""真实"": 2, ""口交"": 2, ""丰满"": 2, ""成熟"": 2, ""马尾"": 2, ""眼镜"": 1, ""厨房"": 1, ""酒店"": 1, ""姿势"": 1, ""浴室"": 1, ""和服"": 1}",
/Volumes/HC530_1/待整理/武藤/MYBA-031.mp4,MYBA-031.mp4,4209625117,4014.6,a515becc18db0ce2f454ecf0f03aa623,286.5,11,11,16,"办公室, 卷发, 姿势, 学生, 律师, 性感, 成熟, 按摩, 模特, 淡妆, 短发, 苗条, 身材, 酒店, 长发, 马尾","{""长发"": 7, ""身材"": 6, ""苗条"": 6, ""酒店"": 6, ""模特"": 5, ""性感"": 5, ""成熟"": 3, ""马尾"": 3, ""办公室"": 2, ""短发"": 2, ""姿势"": 2, ""学生"": 1, ""律师"": 1, ""卷发"": 1, ""按摩"": 1, ""淡妆"": 1}",
/Volumes/HC530_1/待整理/武藤/GONE-018.mp4,GONE-018.mp4,5800912912,5532.2,dd7367450e614e1ac4305549decb18ac,285.7,11,11,16,"丝袜, 中年, 口交, 和服, 床上, 性感, 按摩, 模特, 比基尼, 短发, 职业装, 苗条, 身材, 酒店, 长发, 马尾","{""长发"": 8, ""身材"": 7, ""模特"": 5, ""性感"": 5, ""苗条"": 5, ""酒店"": 4, ""床上"": 3, ""马尾"": 2, ""职业装"": 2, ""口交"": 1, ""比基尼"": 1, ""短发"": 1, ""和服"": 1, ""按摩"": 1, ""丝袜"": 1, ""中年"": 1}",
/Volumes/HC530_1/待整理/武藤/JUL-451.mp4,JUL-451.mp4,5921726491,5647.4,d3fae1f81d45eb98e33d70293d330f26,218.9,11,11,11,"内衣, 办公室, 口交, 姿势, 床上, 模特, 职业装, 苗条, 身材, 酒店, 长发","{""身材"": 6, ""长发"": 6, ""苗条"": 5, ""模特"": 2, ""酒店"": 2, ""职业装"": 1, ""口交"": 1, ""内衣"": 1, ""办公室"": 1, ""姿势"": 1, ""床上"": 1}",
/Volumes/HC530_1/待整理/武藤/NACR-749.mp4,NACR-749.mp4,3851901812,3673.5,bc6c2ef555ca24c64df68820f1b4eeed,242.4,11,11,16,"丁字裤, 口交, 姿势, 娇小, 床上, 性感, 成熟, 按摩, 模特, 淡妆, 红唇, 苗条, 身材, 酒店, 长发, 马尾","{""身材"": 7, ""长发"": 7, ""苗条"": 6, ""模特"": 4, ""性感"": 4, ""酒店"": 4, ""马尾"": 2, ""成熟"": 2, ""淡妆"": 2, ""姿势"": 2, ""床上"": 1, ""娇小"": 1, ""按摩"": 1, ""红唇"": 1, ""口交"": 1, ""丁字裤"": 1}",
/Volumes/HC530_1/待整理/武藤/UMSO-307.mp4,UMSO-307.mp4,2292198646,2186.0,9ea37f42d21def4f1b4372bd2741fff4,241.6,11,11,22,"丝袜, 内衣, 办公室, 厨房, 口交, 多人, 大学生, 姿势, 学生, 少女, 床上, 性感, 按摩, 模特, 淡妆, 短发, 老师, 苗条, 身材, 酒店, 长发, 马尾","{""身材"": 6, ""长发"": 4, ""姿势"": 3, ""苗条"": 3, ""短发"": 3, ""性感"": 2, ""淡妆"": 2, ""酒店"": 2, ""学生"": 2, ""办公室"": 2, ""床上"": 2, ""马尾"": 1, ""大学生"": 1, ""老师"": 1, ""内衣"": 1, ""口交"": 1, ""多人"": 1, ""按摩"": 1, ""少女"": 1, ""丝袜"": 1, ""模特"": 1, ""厨房"": 1}",
/Volumes/HC530_1/待整理/武藤/JUQ-028.mp4,JUQ-028.mp4,6177657472,5891.5,4c7975d513cc67dc116846ba89af2f11,228.7,11,11,19,"丝袜, 中年, 内衣, 制服, 办公室, 和服, 天花板, 姿势, 学生, 床上, 性感, 情趣, 成熟, 模特, 职业装, 苗条, 身材, 酒店, 长发","{""身材"": 7, ""性感"": 7, ""长发"": 7, ""丝袜"": 4, ""姿势"": 4, ""苗条"": 4, ""办公室"": 3, ""内衣"": 3, ""中年"": 2, ""职业装"": 1, ""成熟"": 1, ""学生"": 1, ""制服"": 1, ""情趣"": 1, ""模特"": 1, ""床上"": 1, ""天花板"": 1, ""和服"": 1, ""酒店"": 1}",
/Volumes/HC530_1/待整理/武藤/MDVHJ-037.mp4,MDVHJ-037.mp4,4923560995,4695.5,709c9fdd7e9f643f830ac6d189396d83,254.9,11,11,17,"丝袜, 内衣, 卷发, 口交, 姿势, 学生, 床上, 性感, 成熟, 模特, 淡妆, 短发, 苗条, 身材, 酒店, 长发, 马尾","{""身材"": 6, ""苗条"": 4, ""长发"": 4, ""床上"": 3, ""口交"": 3, ""酒店"": 3, ""性感"": 3, ""模特"": 3, ""淡妆"": 2, ""学生"": 2, ""短发"": 2, ""马尾"": 1, ""丝袜"": 1, ""姿势"": 1, ""卷发"": 1, ""成熟"": 1, ""内衣"": 1}",
/Volumes/HC530_1/待整理/武藤/SHKD-992.mp4,SHKD-992.mp4,5253591713,5010.2,f4e149b853e86bb3341b5d2948c9958a,281.4,11,11,16,"丝袜, 内衣, 口交, 姿势, 学生, 床上, 性感, 成熟, 模特, 短发, 红唇, 职业装, 苗条, 调教, 身材, 长发","{""身材"": 6, ""长发"": 6, ""性感"": 5, ""苗条"": 4, ""模特"": 3, ""学生"": 3, ""床上"": 2, ""短发"": 2, ""内衣"": 2, ""姿势"": 2, ""丝袜"": 1, ""调教"": 1, ""职业装"": 1, ""口交"": 1, ""红唇"": 1, ""成熟"": 1}",
/Volumes/HC530_1/待整理/武藤/MYBA-059.mp4,MYBA-059.mp4,5984990996,5707.7,6e3539be57f63c6d8e9c529da405f785,236.2,10,10,14,"中年, 姿势, 床上, 性感, 成熟, 按摩, 模特, 熟女, 短发, 苗条, 身材, 酒店, 长发, 马尾","{""长发"": 6, ""身材"": 5, ""苗条"": 5, ""成熟"": 4, ""床上"": 3, ""姿势"": 2, ""模特"": 2, ""性感"": 2, ""酒店"": 2, ""短发"": 2, ""中年"": 1, ""马尾"": 1, ""按摩"": 1, ""熟女"": 1}",
/Volumes/HC530_1/待整理/av5/259LUXU-1727.mp4,259LUXU-1727.mp4,2678791036,2554.7,5bb04845e6efc05172d848479b7eaf33,275.4,11,11,20,"丁字裤, 中年, 丰满, 内衣, 天花板, 姿势, 少女, 床上, 性感, 成熟, 模特, 比基尼, 淡妆, 熟女, 短发, 红唇, 苗条, 身材, 酒店, 长发","{""身材"": 9, ""性感"": 7, ""短发"": 7, ""模特"": 6, ""长发"": 6, ""苗条"": 5, ""内衣"": 5, ""成熟"": 4, ""酒店"": 3, ""床上"": 3, ""熟女"": 2, ""天花板"": 1, ""少女"": 1, ""淡妆"": 1, ""丰满"": 1, ""中年"": 1, ""丁字裤"": 1, ""比基尼"": 1, ""姿势"": 1, ""红唇"": 1}",
/Volumes/HC530_1/待整理/av5/FC2-PPV-3851954.mp4,FC2-PPV-3851954.mp4,7243779147,6908.2,866ecfce5021a6a86da93e083c1bf4bd,251.1,11,11,14,"丁字裤, 内衣, 口交, 姿势, 学生, 床上, 性感, 情趣, 成熟, 模特, 苗条, 身材, 酒店, 长发","{""身材"": 8, ""长发"": 8, ""床上"": 7, ""苗条"": 6, ""性感"": 5, ""模特"": 4, ""成熟"": 2, ""酒店"": 2, ""姿势"": 2, ""口交"": 1, ""丁字裤"": 1, ""内衣"": 1, ""学生"": 1, ""情趣"": 1}",
/Volumes/HC530_1/待整理/水卜さくら/MIDV-258.mp4,MIDV-258.mp4,5266529253,5022.6,d054a894db1e2bb119fd84715e347221,229.9,10,10,19,"丁字裤, 丰满, 内衣, 卷发, 多人, 大学生, 姿势, 学校, 学生, 性感, 成熟, 模特, 熟女, 瑜伽, 眼镜, 短发, 苗条, 身材, 长发","{""身材"": 6, ""短发"": 5, ""苗条"": 3, ""长发"": 3, ""姿势"": 2, ""学生"": 2, ""熟女"": 1, ""性感"": 1, ""成熟"": 1, ""丰满"": 1, ""瑜伽"": 1, ""多人"": 1, ""丁字裤"": 1, ""模特"": 1, ""内衣"": 1, ""眼镜"": 1, ""学校"": 1, ""大学生"": 1, ""卷发"": 1}",
/Volumes/HC530_1/待整理/水卜さくら/MIDE-848.mp4,MIDE-848.mp4,5374372561,5125.4,b5aa1cc40d499c4681c4ab2c72c3a5eb,270.7,11,11,19,"丁字裤, 中年, 丰满, 内衣, 卷发, 姿势, 完美, 床上, 性感, 情趣, 成熟, 模特, 淡妆, 短发, 职业装, 苗条, 身材, 酒店, 长发","{""性感"": 6, ""长发"": 4, ""身材"": 4, ""模特"": 3, ""姿势"": 2, ""苗条"": 2, ""内衣"": 2, ""酒店"": 2, ""中年"": 2, ""完美"": 1, ""职业装"": 1, ""短发"": 1, ""淡妆"": 1, ""卷发"": 1, ""情趣"": 1, ""床上"": 1, ""丁字裤"": 1, ""成熟"": 1, ""丰满"": 1}",
/Volumes/HC530_1/待整理/水卜さくら/MIDE-898.mp4,MIDE-898.mp4,7009203047,6684.5,1cc9a5bba2e84762e9d56d82d08ff8c0,226.2,11,11,13,"姿势, 学生, 床上, 按摩, 模特, 浴室, 淡妆, 短发, 职业装, 苗条, 身材, 车内, 长发","{""身材"": 4, ""短发"": 3, ""模特"": 2, ""苗条"": 2, ""浴室"": 2, ""长发"": 2, ""职业装"": 1, ""车内"": 1, ""学生"": 1, ""按摩"": 1, ""姿势"": 1, ""床上"": 1, ""淡妆"": 1}",
/Volumes/HC530_1/待整理/水卜さくら/MIDE-736.mp4,MIDE-736.mp4,6768036257,6454.5,2db0fefc75abb06620eb901d98036665,248.1,11,11,19,"丁字裤, 上司, 中年, 内衣, 办公室, 双马尾, 天花板, 姿势, 学生, 性感, 情趣, 成熟, 模特, 浴室, 短发, 苗条, 身材, 长发, 马尾","{""身材"": 7, ""内衣"": 5, ""长发"": 4, ""性感"": 4, ""模特"": 4, ""短发"": 3, ""苗条"": 3, ""办公室"": 2, ""丁字裤"": 2, ""姿势"": 1, ""上司"": 1, ""中年"": 1, ""学生"": 1, ""情趣"": 1, ""浴室"": 1, ""天花板"": 1, ""成熟"": 1, ""马尾"": 1, ""双马尾"": 1}",
/Volumes/HC530_1/待整理/水卜さくら/MIDV-420.mp4,MIDV-420.mp4,5330885053,5083.9,1422dd60cdd40cbb67e744cdce4b777d,221.6,10,10,15,"中年, 主播, 制服, 口交, 多人, 学生, 床上, 性感, 比基尼, 淡妆, 短发, 身材, 酒店, 长发, 马尾","{""短发"": 5, ""身材"": 4, ""床上"": 3, ""多人"": 3, ""性感"": 2, ""学生"": 2, ""长发"": 2, ""淡妆"": 2, ""主播"": 1, ""制服"": 1, ""比基尼"": 1, ""酒店"": 1, ""中年"": 1, ""马尾"": 1, ""口交"": 1}",
/Volumes/HC530_1/待整理/水卜さくら/MIDV-476.mp4,MIDV-476.mp4,5304450436,5058.7,b2b71d7351081145def7ce245c9a9785,251.0,10,10,19,"内衣, 制服, 办公室, 口交, 姿势, 娇小, 学生, 床上, 比基尼, 浴室, 淡妆, 清纯, 短发, 职业装, 苗条, 身材, 酒店, 长发, 马尾","{""身材"": 5, ""短发"": 5, ""苗条"": 4, ""酒店"": 4, ""口交"": 3, ""制服"": 2, ""学生"": 2, ""淡妆"": 2, ""内衣"": 2, ""浴室"": 2, ""床上"": 2, ""办公室"": 1, ""长发"": 1, ""娇小"": 1, ""姿势"": 1, ""比基尼"": 1, ""马尾"": 1, ""清纯"": 1, ""职业装"": 1}",
/Volumes/HC530_1/待整理/水卜さくら/!MIDV-533.mp4,!MIDV-533.mp4,5525914088,5269.9,bb066c8dfc97446ab23c9ab9fc07dcbd,225.5,11,11,19,"丁字裤, 丰满, 内衣, 制服, 多人, 姿势, 学校, 学生, 床上, 性感, 情趣, 模特, 浴室, 淡妆, 睡衣, 短发, 苗条, 身材, 长发","{""短发"": 6, ""身材"": 5, ""苗条"": 3, ""淡妆"": 3, ""性感"": 2, ""模特"": 2, ""姿势"": 2, ""制服"": 2, ""浴室"": 1, ""丁字裤"": 1, ""情趣"": 1, ""多人"": 1, ""丰满"": 1, ""内衣"": 1, ""学生"": 1, ""学校"": 1, ""床上"": 1, ""睡衣"": 1, ""长发"": 1}",
/Volumes/HC530_1/待整理/水卜さくら/MIDE-726.mp4,MIDE-726.mp4,5469106252,5215.7,36d77fbc071e224cd30fd7877699af75,249.1,10,10,15,"丁字裤, 内衣, 口交, 和服, 姿势, 娇小, 性感, 情趣, 模特, 短发, 苗条, 身材, 酒店, 长发, 马尾","{""身材"": 6, ""性感"": 6, ""情趣"": 5, ""内衣"": 5, ""长发"": 4, ""苗条"": 4, ""短发"": 3, ""丁字裤"": 2, ""模特"": 2, ""娇小"": 1, ""马尾"": 1, ""和服"": 1, ""酒店"": 1, ""口交"": 1, ""姿势"": 1}",
/Volumes/HC530_1/待整理/水卜さくら/MIDV-564.mp4,MIDV-564.mp4,5533928204,5277.6,d96f04d1be6f8774f3bef146da630eb1,241.6,11,11,18,"丰满, 内衣, 口交, 姿势, 娇小, 学生, 性感, 情趣, 成熟, 旗袍, 模特, 淡妆, 清纯, 短发, 苗条, 身材, 酒店, 长发","{""内衣"": 5, ""身材"": 4, ""短发"": 4, ""性感"": 4, ""长发"": 4, ""模特"": 3, ""苗条"": 2, ""酒店"": 2, ""学生"": 1, ""淡妆"": 1, ""情趣"": 1, ""成熟"": 1, ""姿势"": 1, ""口交"": 1, ""娇小"": 1, ""清纯"": 1, ""丰满"": 1, ""旗袍"": 1}",
/Volumes/HC530_1/待整理/水卜さくら/MIDV-504.mp4,MIDV-504.mp4,5371681411,5122.8,17366b3c6068eacff1531bb75241ce89,247.7,11,11,13,"内衣, 制服, 办公室, 姿势, 学生, 淡妆, 眼镜, 短发, 苗条, 身材, 酒店, 长发, 马尾","{""身材"": 8, ""苗条"": 5, ""短发"": 5, ""眼镜"": 4, ""酒店"": 3, ""办公室"": 3, ""姿势"": 2, ""长发"": 1, ""马尾"": 1, ""淡妆"": 1, ""制服"": 1, ""学生"": 1, ""内衣"": 1}",
/Volumes/HC530_1/待整理/水卜さくら/MIDE-800.mp4,MIDE-800.mp4,5484799971,5230.7,c1d969e682dbc619a16234c12cea6529,243.7,11,11,19,"中年, 制服, 办公室, 口交, 和服, 姿势, 学生, 床上, 性感, 情趣, 按摩, 清纯, 眼镜, 短发, 红唇, 职业装, 苗条, 身材, 长发","{""身材"": 5, ""职业装"": 4, ""办公室"": 4, ""长发"": 3, ""苗条"": 3, ""学生"": 2, ""中年"": 1, ""床上"": 1, ""口交"": 1, ""按摩"": 1, ""清纯"": 1, ""性感"": 1, ""短发"": 1, ""制服"": 1, ""眼镜"": 1, ""姿势"": 1, ""情趣"": 1, ""红唇"": 1, ""和服"": 1}",
/Volumes/HC530_1/待整理/水卜さくら/MIDE-911_UNCENSORED.mp4,MIDE-911_UNCENSORED.mp4,6208035298,5920.4,75303c133731c1b432962a5c837c03b2,251.2,11,11,20,"丰满, 内衣, 双马尾, 和服, 大学生, 学生, 床上, 性感, 情趣, 按摩, 模特, 比基尼, 浴室, 短发, 职业装, 苗条, 调教, 身材, 长发, 马尾","{""身材"": 8, ""长发"": 6, ""短发"": 4, ""苗条"": 3, ""学生"": 2, ""丰满"": 2, ""调教"": 1, ""情趣"": 1, ""大学生"": 1, ""职业装"": 1, ""马尾"": 1, ""双马尾"": 1, ""比基尼"": 1, ""内衣"": 1, ""性感"": 1, ""模特"": 1, ""和服"": 1, ""浴室"": 1, ""按摩"": 1, ""床上"": 1}",
/Volumes/HC530_1/待整理/水卜さくら/MIDV-391.mp4,MIDV-391.mp4,6311367327,6019.0,b3769627ca4b5d11b325169d1348059c,248.9,10,10,19,"内衣, 制服, 办公室, 卷发, 口交, 姿势, 学生, 床上, 性感, 成熟, 模特, 淡妆, 清纯, 眼镜, 短发, 苗条, 身材, 长发, 马尾","{""短发"": 7, ""床上"": 3, ""学生"": 3, ""姿势"": 3, ""身材"": 3, ""苗条"": 2, ""清纯"": 1, ""性感"": 1, ""成熟"": 1, ""口交"": 1, ""淡妆"": 1, ""眼镜"": 1, ""内衣"": 1, ""模特"": 1, ""卷发"": 1, ""办公室"": 1, ""长发"": 1, ""马尾"": 1, ""制服"": 1}",
/Volumes/HC530_1/待整理/DLDSS/DLDSS-010.mp4,DLDSS-010.mp4,5418522325,5167.5,dd35f6a41f4fb0fc15853faaa7996eda,252.1,11,11,18,"中年, 内衣, 制服, 厨房, 口交, 天花板, 姿势, 学生, 床上, 成熟, 按摩, 模特, 淡妆, 短发, 苗条, 身材, 长发, 马尾","{""身材"": 6, ""短发"": 5, ""长发"": 5, ""苗条"": 4, ""学生"": 3, ""口交"": 3, ""模特"": 2, ""床上"": 2, ""淡妆"": 2, ""内衣"": 2, ""成熟"": 1, ""中年"": 1, ""厨房"": 1, ""姿势"": 1, ""马尾"": 1, ""按摩"": 1, ""天花板"": 1, ""制服"": 1}",
/Volumes/HC530_1/待整理/DLDSS/FCDSS-042-A.mp4,FCDSS-042-A.mp4,10866213358,10362.8,d99f5b36be975385f7ea348f115ee3f0,247.4,11,11,21,"内衣, 制服, 口交, 和服, 姿势, 学生, 少女, 床上, 性感, 按摩, 模特, 浴室, 淡妆, 短发, 老师, 职业装, 苗条, 身材, 酒店, 长发, 马尾","{""身材"": 6, ""长发"": 5, ""苗条"": 4, ""马尾"": 3, ""短发"": 3, ""职业装"": 2, ""模特"": 2, ""学生"": 2, ""少女"": 2, ""床上"": 2, ""姿势"": 2, ""口交"": 1, ""浴室"": 1, ""老师"": 1, ""制服"": 1, ""和服"": 1, ""酒店"": 1, ""内衣"": 1, ""按摩"": 1, ""性感"": 1, ""淡妆"": 1}",
/Volumes/HC530_1/待整理/DLDSS/FSDSS-017.mp4,FSDSS-017.mp4,1239865834,1182.4,70bd927aa6d6b0d93baeca3d28ac1599,227.6,11,11,18,"内衣, 口交, 姿势, 学生, 床上, 性感, 成熟, 模特, 浴室, 淡妆, 真实, 短发, 自慰, 苗条, 身材, 酒店, 长发, 马尾","{""身材"": 9, ""长发"": 6, ""苗条"": 5, ""模特"": 4, ""短发"": 3, ""姿势"": 2, ""浴室"": 2, ""床上"": 1, ""口交"": 1, ""淡妆"": 1, ""马尾"": 1, ""真实"": 1, ""学生"": 1, ""内衣"": 1, ""酒店"": 1, ""自慰"": 1, ""性感"": 1, ""成熟"": 1}",
/Volumes/HC530_1/待整理/DLDSS/FCDSS-026-A.mp4,FCDSS-026-A.mp4,11031096254,10520.1,e2795c108b5a5c9c177ec138b27d3949,265.0,11,11,21,"中年, 丰满, 内衣, 制服, 办公室, 后入, 天花板, 姿势, 学生, 床上, 性感, 旗袍, 模特, 淡妆, 漂亮, 眼镜, 短发, 苗条, 身材, 酒店, 长发","{""身材"": 6, ""苗条"": 6, ""长发"": 5, ""模特"": 4, ""姿势"": 4, ""酒店"": 4, ""短发"": 3, ""床上"": 2, ""性感"": 2, ""学生"": 2, ""淡妆"": 1, ""后入"": 1, ""丰满"": 1, ""天花板"": 1, ""制服"": 1, ""中年"": 1, ""内衣"": 1, ""办公室"": 1, ""漂亮"": 1, ""眼镜"": 1, ""旗袍"": 1}",
/Volumes/HC530_1/待整理/DLDSS/FCDSS-026-B.mp4,FCDSS-026-B.mp4,10891903543,10387.3,ff423653d6af5908cdefa0e32af1ac65,291.3,11,11,23,"丁字裤, 内衣, 制服, 办公室, 卷发, 口交, 姿势, 学生, 少女, 床上, 性感, 按摩, 模特, 比基尼, 淡妆, 漂亮, 短发, 职业装, 苗条, 身材, 酒店, 长发, 马尾","{""模特"": 5, ""长发"": 5, ""身材"": 5, ""性感"": 4, ""床上"": 3, ""酒店"": 3, ""短发"": 3, ""姿势"": 2, ""口交"": 2, ""马尾"": 2, ""淡妆"": 2, ""丁字裤"": 2, ""苗条"": 2, ""办公室"": 2, ""少女"": 1, ""卷发"": 1, ""按摩"": 1, ""漂亮"": 1, ""学生"": 1, ""内衣"": 1, ""比基尼"": 1, ""制服"": 1, ""职业装"": 1}",
/Volumes/HC530_1/待整理/DLDSS/DLDSS-010_UNCENSORED.mp4,DLDSS-010_UNCENSORED.mp4,6240826646,5951.7,6b3fb7a5332040c21472cf6d36fc4a1e,265.9,11,11,20,"中年, 内衣, 制服, 办公室, 卷发, 厨房, 口交, 姿势, 学生, 床上, 性感, 模特, 淡妆, 眼镜, 短发, 苗条, 身材, 酒店, 长发, 马尾","{""身材"": 8, ""短发"": 7, ""苗条"": 6, ""模特"": 5, ""长发"": 5, ""学生"": 3, ""性感"": 3, ""口交"": 3, ""姿势"": 1, ""卷发"": 1, ""办公室"": 1, ""内衣"": 1, ""酒店"": 1, ""眼镜"": 1, ""中年"": 1, ""淡妆"": 1, ""厨房"": 1, ""床上"": 1, ""制服"": 1, ""马尾"": 1}",
/Volumes/HC530_1/待整理/DLDSS/FSDSS-017_UNCENSORED.mp4,FSDSS-017_UNCENSORED.mp4,6432485801,6134.5,188d56cbb2599dead2057d7afbc652e5,226.5,11,11,18,"中年, 口交, 姿势, 床上, 性感, 成熟, 按摩, 模特, 比基尼, 浴室, 真实, 短发, 红唇, 苗条, 身材, 酒店, 长发, 马尾","{""长发"": 8, ""身材"": 7, ""苗条"": 4, ""酒店"": 3, ""床上"": 2, ""口交"": 2, ""性感"": 2, ""短发"": 2, ""按摩"": 2, ""姿势"": 1, ""模特"": 1, ""马尾"": 1, ""比基尼"": 1, ""浴室"": 1, ""红唇"": 1, ""中年"": 1, ""成熟"": 1, ""真实"": 1}",
/Volumes/HC530_1/待整理/DLDSS/FCDSS-042-B.mp4,FCDSS-042-B.mp4,10901013744,10396.0,9d75076c45aa107d26f530eeb790016c,282.6,11,11,12,"卷发, 口交, 姿势, 学生, 床上, 性感, 模特, 苗条, 身材, 酒店, 长发, 马尾","{""长发"": 8, ""身材"": 7, ""苗条"": 6, ""性感"": 3, ""模特"": 3, ""姿势"": 2, ""酒店"": 2, ""马尾"": 2, ""学生"": 1, ""口交"": 1, ""床上"": 1, ""卷发"": 1}",
/Volumes/HC530_1/待整理/temp/!MIDV-103.mp4,!MIDV-103.mp4,6694524778,6384.4,42ff3db4c12d881881bd2d1eb520a14e,230.8,10,10,16,"丁字裤, 内衣, 卷发, 厨房, 双马尾, 和服, 姿势, 床上, 性感, 模特, 浴室, 苗条, 身材, 酒店, 长发, 马尾","{""身材"": 5, ""长发"": 5, ""性感"": 4, ""姿势"": 3, ""模特"": 3, ""马尾"": 3, ""床上"": 2, ""和服"": 2, ""酒店"": 2, ""内衣"": 2, ""苗条"": 2, ""丁字裤"": 1, ""厨房"": 1, ""双马尾"": 1, ""浴室"": 1, ""卷发"": 1}",
/Volumes/HC530_1/待整理/temp/259LUXU-1629.mp4,259LUXU-1629.mp4,2753327751,2625.8,f3baa1ef45778aac890dcf2622e42dad,225.6,11,11,14,"内衣, 天花板, 姿势, 床上, 性感, 成熟, 护士, 按摩, 模特, 短发, 苗条, 身材, 酒店, 长发","{""长发"": 5, ""身材"": 4, ""苗条"": 3, ""模特"": 2, ""酒店"": 2, ""性感"": 2, ""短发"": 2, ""成熟"": 1, ""按摩"": 1, ""护士"": 1, ""姿势"": 1, ""内衣"": 1, ""天花板"": 1, ""床上"": 1}",
/Volumes/HC530_1/待整理/temp/!SSIS-382.mp4,!SSIS-382.mp4,5467479630,5214.2,2d40a07ed9061d081954968f7ab17fef,242.5,11,11,12,"后入, 姿势, 床上, 性感, 护士, 模特, 浴室, 苗条, 身材, 酒店, 长发, 马尾","{""长发"": 5, ""身材"": 4, ""酒店"": 3, ""姿势"": 2, ""浴室"": 2, ""苗条"": 2, ""床上"": 2, ""性感"": 1, ""护士"": 1, ""模特"": 1, ""后入"": 1, ""马尾"": 1}",
/Volumes/HC530_1/待整理/temp/FC2-PPV-3051189/FC2-PPV-3051189_2.mp4,FC2-PPV-3051189_2.mp4,3672856624,3502.7,1a4887ccbf6db3ab74de4e71b2a4c9e4,230.6,10,10,15,"中年, 内衣, 制服, 卷发, 姿势, 学生, 床上, 性感, 模特, 淡妆, 短发, 苗条, 身材, 酒店, 长发","{""短发"": 8, ""身材"": 4, ""苗条"": 3, ""床上"": 3, ""模特"": 2, ""学生"": 2, ""长发"": 2, ""卷发"": 1, ""性感"": 1, ""内衣"": 1, ""淡妆"": 1, ""中年"": 1, ""制服"": 1, ""姿势"": 1, ""酒店"": 1}",
/Volumes/HC530_1/待整理/temp/FC2-PPV-3051189/FC2-PPV-3051189_3.mp4,FC2-PPV-3051189_3.mp4,410051464,391.1,dc9ecddde6721c4c7eca4f6a176908aa,181.6,10,10,10,"姿势, 床上, 模特, 淡妆, 清纯, 短发, 苗条, 身材, 酒店, 长发","{""短发"": 8, ""床上"": 6, ""身材"": 6, ""酒店"": 5, ""苗条"": 4, ""淡妆"": 2, ""姿势"": 2, ""模特"": 2, ""清纯"": 1, ""长发"": 1}",
/Volumes/HC530_1/待整理/temp/FC2-PPV-3051189/FC2-PPV-3051189.mp4,FC2-PPV-3051189.mp4,3665376592,3495.6,df03ee33725d958141bb493a40d8e623,186.8,10,10,14,"丁字裤, 内衣, 姿势, 床上, 性感, 成熟, 模特, 淡妆, 短发, 苗条, 身材, 酒店, 长发, 马尾","{""短发"": 7, ""身材"": 5, ""姿势"": 4, ""长发"": 3, ""床上"": 3, ""酒店"": 3, ""模特"": 2, ""淡妆"": 2, ""马尾"": 1, ""性感"": 1, ""丁字裤"": 1, ""内衣"": 1, ""成熟"": 1, ""苗条"": 1}",
/Volumes/HC530_1/待整理/temp/屈辱 変態上司/!IPX-691.mp4,!IPX-691.mp4,6968532199,6645.7,ea3a59ffab06c459b0fc730cbcf8f6ac,275.7,11,11,23,"丝袜, 偷情, 内衣, 制服, 办公室, 口交, 和服, 学生, 床上, 性感, 情趣, 按摩, 模特, 淡妆, 清纯, 眼镜, 短发, 职业装, 苗条, 身材, 酒店, 长发, 马尾","{""身材"": 6, ""长发"": 5, ""模特"": 3, ""性感"": 3, ""苗条"": 3, ""床上"": 3, ""职业装"": 2, ""丝袜"": 2, ""办公室"": 2, ""酒店"": 2, ""按摩"": 2, ""和服"": 1, ""眼镜"": 1, ""淡妆"": 1, ""制服"": 1, ""内衣"": 1, ""学生"": 1, ""马尾"": 1, ""清纯"": 1, ""口交"": 1, ""情趣"": 1, ""偷情"": 1, ""短发"": 1}",
/Volumes/HC530_1/待整理/temp/1pondo-091920_001-FHD/BIG2048.COM@091920-1PON-1080P.mp4,BIG2048.COM@091920-1PON-1080P.mp4,1818028293,1733.8,e73a36e3f991d0d5412e874a951a6326,245.8,11,11,15,"卷发, 口交, 和服, 姿势, 床上, 性感, 成熟, 模特, 短发, 职业装, 苗条, 身材, 酒店, 长发, 马尾","{""长发"": 7, ""身材"": 5, ""床上"": 5, ""苗条"": 4, ""模特"": 3, ""酒店"": 2, ""口交"": 2, ""卷发"": 2, ""姿势"": 2, ""成熟"": 1, ""性感"": 1, ""和服"": 1, ""短发"": 1, ""职业装"": 1, ""马尾"": 1}",
/Volumes/HC530_1/待整理/temp/mywife-1684/KANZAKI_AYAKAM.mp4,KANZAKI_AYAKAM.mp4,1047586300,999.1,9cf19e29dca58d566fcaa042fafe4b16,224.0,11,11,18,"中年, 丰满, 内衣, 办公室, 口交, 床上, 性感, 成熟, 按摩, 模特, 熟女, 短发, 职业装, 苗条, 身材, 酒店, 长发, 马尾","{""身材"": 7, ""酒店"": 5, ""长发"": 4, ""办公室"": 3, ""短发"": 3, ""苗条"": 3, ""性感"": 3, ""职业装"": 2, ""成熟"": 2, ""中年"": 2, ""模特"": 2, ""马尾"": 1, ""熟女"": 1, ""内衣"": 1, ""床上"": 1, ""口交"": 1, ""丰满"": 1, ""按摩"": 1}",
/Volumes/HC530_1/待整理/temp/FC2-PPV-3048624/FC2-PPV-3048624.mp4,FC2-PPV-3048624.mp4,1515701459,1445.5,b177ffb126a501ce6c80021aafcbb921,224.8,10,10,10,"大学生, 学生, 床上, 性感, 短发, 苗条, 身材, 酒店, 长发, 马尾","{""床上"": 8, ""长发"": 7, ""身材"": 4, ""苗条"": 4, ""短发"": 2, ""学生"": 2, ""酒店"": 2, ""性感"": 2, ""马尾"": 2, ""大学生"": 1}",
/Volumes/HC530_1/待整理/temp/FC2-PPV-3048624/FC2-PPV-3048624_2.mp4,FC2-PPV-3048624_2.mp4,583085594,556.1,2a123c8c28d77508affc3223ca9ced08,209.7,10,10,19,"内衣, 厨房, 口交, 和服, 大学生, 姿势, 学生, 床上, 性感, 情趣, 成熟, 模特, 短发, 职业装, 苗条, 身材, 酒店, 长发, 马尾","{""身材"": 7, ""苗条"": 5, ""性感"": 3, ""酒店"": 3, ""成熟"": 2, ""长发"": 2, ""短发"": 2, ""内衣"": 2, ""厨房"": 2, ""模特"": 2, ""马尾"": 2, ""大学生"": 1, ""学生"": 1, ""情趣"": 1, ""和服"": 1, ""姿势"": 1, ""口交"": 1, ""职业装"": 1, ""床上"": 1}",
/Volumes/HC530_1/待整理/temp/君岛/PPPD-584-FHD/PPPD00584HHB.mp4,PPPD00584HHB.mp4,7926873020,7559.7,b250d58379588e9a9f4f2d30dc04349d,234.1,11,11,19,"丝袜, 中年, 丰满, 内衣, 卷发, 口交, 姿势, 床上, 性感, 成熟, 模特, 比基尼, 浴室, 真实, 短发, 苗条, 身材, 酒店, 长发","{""身材"": 7, ""短发"": 5, ""苗条"": 4, ""浴室"": 3, ""长发"": 3, ""姿势"": 2, ""口交"": 2, ""性感"": 2, ""中年"": 1, ""丰满"": 1, ""比基尼"": 1, ""丝袜"": 1, ""床上"": 1, ""内衣"": 1, ""酒店"": 1, ""真实"": 1, ""模特"": 1, ""成熟"": 1, ""卷发"": 1}",
/Volumes/HC530_1/待整理/temp/君岛/UMSO-431/UMSO-431-A.mp4,UMSO-431-A.mp4,5380667924,5131.4,bd619fdef09c529bb21626f20be467c1,237.4,10,10,13,"中年, 办公室, 姿势, 学生, 床上, 性感, 按摩, 模特, 短发, 苗条, 身材, 长发, 高大","{""身材"": 9, ""长发"": 8, ""苗条"": 8, ""模特"": 3, ""床上"": 2, ""按摩"": 2, ""中年"": 2, ""短发"": 2, ""姿势"": 2, ""学生"": 1, ""高大"": 1, ""办公室"": 1, ""性感"": 1}",
/Volumes/HC530_1/待整理/x/FC2-PPV-1655491-2.mp4,FC2-PPV-1655491-2.mp4,1151994627,1098.6,83614aa2962ba0bd1dece0d570abd0e8,261.2,10,10,13,"制服, 姿势, 床上, 模特, 清纯, 瑜伽, 短发, 职业装, 苗条, 身材, 酒店, 长发, 马尾","{""长发"": 10, ""酒店"": 9, ""床上"": 9, ""模特"": 2, ""身材"": 2, ""苗条"": 2, ""姿势"": 1, ""瑜伽"": 1, ""马尾"": 1, ""清纯"": 1, ""职业装"": 1, ""短发"": 1, ""制服"": 1}",
/Volumes/HC530_1/待整理/x/FC2-PPV-1655491-1.mp4,FC2-PPV-1655491-1.mp4,609849276,581.6,f54df7a13ac0b4f241e867cfae38d0bf,241.6,10,10,13,"丝袜, 内衣, 制服, 口交, 和服, 床上, 性感, 情趣, 短发, 苗条, 身材, 酒店, 长发","{""长发"": 6, ""床上"": 6, ""身材"": 4, ""酒店"": 3, ""苗条"": 3, ""制服"": 1, ""和服"": 1, ""丝袜"": 1, ""性感"": 1, ""情趣"": 1, ""短发"": 1, ""内衣"": 1, ""口交"": 1}",
/Volumes/HC530_1/待整理/x/FC2-PPV-3093604_3.mp4,FC2-PPV-3093604_3.mp4,1601866206,1527.7,9f4c636580409ab6ca41e85bc0ed3d63,250.6,11,11,19,"中年, 内衣, 双马尾, 和服, 姿势, 学生, 床上, 微胖, 情趣, 成熟, 按摩, 模特, 浴室, 短发, 苗条, 身材, 运动装, 长发, 马尾","{""身材"": 6, ""长发"": 5, ""床上"": 5, ""姿势"": 3, ""苗条"": 2, ""成熟"": 2, ""马尾"": 2, ""学生"": 1, ""短发"": 1, ""运动装"": 1, ""情趣"": 1, ""内衣"": 1, ""模特"": 1, ""中年"": 1, ""双马尾"": 1, ""微胖"": 1, ""按摩"": 1, ""和服"": 1, ""浴室"": 1}",
/Volumes/HC530_1/待整理/x/277DCV-235.mp4,277DCV-235.mp4,4191151263,3997.0,a124ffc71277cb90c4da84a8efacbd7a,275.7,11,11,15,"内衣, 办公室, 卷发, 和服, 天花板, 学生, 床上, 性感, 模特, 真实, 短发, 苗条, 身材, 长发, 马尾","{""身材"": 10, ""长发"": 8, ""苗条"": 7, ""模特"": 4, ""办公室"": 3, ""性感"": 3, ""马尾"": 2, ""真实"": 1, ""天花板"": 1, ""和服"": 1, ""内衣"": 1, ""学生"": 1, ""短发"": 1, ""床上"": 1, ""卷发"": 1}",
/Volumes/HC530_1/待整理/x/FC2-PPV-3093604_2.mp4,FC2-PPV-3093604_2.mp4,3981663239,3797.2,74fa73571471aea4399d6ec734438be8,257.3,11,11,13,"丁字裤, 中年, 丰满, 姿势, 床上, 按摩, 模特, 短发, 苗条, 身材, 酒店, 长发, 马尾","{""长发"": 6, ""身材"": 6, ""床上"": 5, ""姿势"": 4, ""苗条"": 3, ""酒店"": 3, ""短发"": 2, ""按摩"": 2, ""丰满"": 2, ""马尾"": 2, ""模特"": 1, ""丁字裤"": 1, ""中年"": 1}",
/Volumes/HC530_1/待整理/x/ADN-336.mp4,ADN-336.mp4,5484241424,5230.2,36dd4aabba8e3750ec8310400925b36a,223.7,10,10,18,"丁字裤, 丝袜, 中年, 内衣, 办公室, 口交, 和服, 姿势, 律师, 性感, 成熟, 模特, 淡妆, 秘书, 苗条, 身材, 长发, 马尾","{""长发"": 6, ""身材"": 4, ""性感"": 3, ""苗条"": 3, ""丝袜"": 2, ""姿势"": 2, ""办公室"": 2, ""中年"": 2, ""马尾"": 2, ""模特"": 2, ""秘书"": 1, ""律师"": 1, ""成熟"": 1, ""淡妆"": 1, ""丁字裤"": 1, ""和服"": 1, ""内衣"": 1, ""口交"": 1}",
/Volumes/HC530_1/待整理/x/498DDH-123.mp4,498DDH-123.mp4,1982320050,1890.5,c720166bb784c0dfe25939404a714e11,280.5,11,11,18,"丝袜, 内衣, 双马尾, 口交, 姿势, 性感, 情趣, 成熟, 按摩, 模特, 比基尼, 淡妆, 短发, 苗条, 身材, 酒店, 长发, 马尾","{""性感"": 8, ""长发"": 7, ""身材"": 6, ""模特"": 6, ""苗条"": 5, ""丝袜"": 5, ""短发"": 2, ""马尾"": 2, ""成熟"": 2, ""酒店"": 2, ""淡妆"": 1, ""双马尾"": 1, ""按摩"": 1, ""姿势"": 1, ""口交"": 1, ""情趣"": 1, ""比基尼"": 1, ""内衣"": 1}",
/Volumes/HC530_1/待整理/x/CEMD-051.mp4,CEMD-051.mp4,8629344671,8229.6,6a991144d229bf3fcbe2997ae13c9f11,247.2,11,11,25,"中年, 内衣, 办公室, 卷发, 双马尾, 口交, 和服, 大学生, 姿势, 学生, 少女, 床上, 律师, 性感, 情趣, 成熟, 按摩, 新娘, 模特, 职业装, 苗条, 身材, 酒店, 长发, 马尾","{""长发"": 8, ""身材"": 6, ""马尾"": 5, ""内衣"": 4, ""苗条"": 3, ""性感"": 3, ""模特"": 2, ""口交"": 2, ""酒店"": 2, ""少女"": 1, ""卷发"": 1, ""和服"": 1, ""姿势"": 1, ""成熟"": 1, ""床上"": 1, ""按摩"": 1, ""中年"": 1, ""新娘"": 1, ""大学生"": 1, ""学生"": 1, ""情趣"": 1, ""双马尾"": 1, ""职业装"": 1, ""办公室"": 1, ""律师"": 1}",
/Volumes/HC530_1/待整理/x/751EPSB-003.mp4,751EPSB-003.mp4,2309092244,2202.1,e971d2b333b2ee1769dc69726dedd33e,264.6,11,11,19,"内衣, 制服, 卷发, 双马尾, 口交, 和服, 姿势, 学生, 床上, 性感, 模特, 眼镜, 短发, 老师, 苗条, 身材, 酒店, 长发, 马尾","{""长发"": 6, ""性感"": 5, ""身材"": 5, ""卷发"": 4, ""床上"": 4, ""苗条"": 4, ""模特"": 3, ""酒店"": 3, ""学生"": 2, ""眼镜"": 1, ""和服"": 1, ""老师"": 1, ""姿势"": 1, ""制服"": 1, ""口交"": 1, ""马尾"": 1, ""双马尾"": 1, ""内衣"": 1, ""短发"": 1}",
/Volumes/HC530_1/待整理/x/FC2-PPV-3093604.mp4,FC2-PPV-3093604.mp4,3822783838,3645.7,322ad82263ee64b1b7a89d1af9bf74c7,266.4,11,11,15,"办公室, 卷发, 口交, 姿势, 学生, 性感, 按摩, 模特, 浴室, 淡妆, 短发, 苗条, 身材, 车内, 长发","{""身材"": 5, ""长发"": 5, ""模特"": 3, ""淡妆"": 3, ""学生"": 2, ""苗条"": 2, ""口交"": 2, ""姿势"": 2, ""性感"": 2, ""车内"": 1, ""办公室"": 1, ""短发"": 1, ""浴室"": 1, ""按摩"": 1, ""卷发"": 1}",
/Volumes/HC530_1/待整理/x/300NTK-815.mp4,300NTK-815.mp4,2885498540,2751.8,0711458c847f09a7fb0f04e96ddf2a68,233.7,11,11,22,"内衣, 办公室, 双马尾, 口交, 和服, 天花板, 姿势, 学生, 床上, 性感, 情趣, 成熟, 模特, 淡妆, 短发, 秘书, 职业装, 苗条, 身材, 酒店, 长发, 马尾","{""身材"": 5, ""苗条"": 5, ""酒店"": 5, ""长发"": 4, ""床上"": 3, ""短发"": 3, ""马尾"": 2, ""淡妆"": 2, ""性感"": 2, ""口交"": 2, ""学生"": 1, ""姿势"": 1, ""职业装"": 1, ""办公室"": 1, ""秘书"": 1, ""模特"": 1, ""双马尾"": 1, ""和服"": 1, ""情趣"": 1, ""成熟"": 1, ""内衣"": 1, ""天花板"": 1}",
/Volumes/HC530_1/待整理/x/ !SSIS-437.mp4, !SSIS-437.mp4,5308128094,5062.2,42fcae0129ddd68cac5117cdbfab4827,267.6,10,10,20,"丁字裤, 中年, 内衣, 制服, 卷发, 口交, 多人, 姿势, 学校, 学生, 床上, 模特, 短发, 老师, 职业装, 苗条, 身材, 酒店, 长发, 马尾","{""身材"": 4, ""制服"": 4, ""长发"": 3, ""酒店"": 3, ""学生"": 3, ""苗条"": 3, ""马尾"": 3, ""模特"": 2, ""床上"": 2, ""短发"": 2, ""老师"": 1, ""姿势"": 1, ""学校"": 1, ""职业装"": 1, ""口交"": 1, ""多人"": 1, ""丁字裤"": 1, ""中年"": 1, ""卷发"": 1, ""内衣"": 1}",
/Volumes/HC530_1/待整理/x/MMB-404.mp4,MMB-404.mp4,3547578368,3383.2,957044e56dff3a704468e467549ac0cf,300,0,0,0,,{},分析超时（5分钟）
/Volumes/HC530_1/待整理/x/MAAN-897.mp4,MAAN-897.mp4,3165849464,3019.2,7755ab2fd2eeea2d3606a67b0a6d98c1,243.8,11,11,20,"丝袜, 中年, 内衣, 卷发, 口交, 和服, 姿势, 床上, 性感, 成熟, 模特, 浴室, 睡衣, 短发, 苗条, 身材, 车内, 酒店, 长发, 马尾","{""长发"": 8, ""身材"": 6, ""模特"": 5, ""丝袜"": 4, ""苗条"": 4, ""床上"": 4, ""性感"": 3, ""内衣"": 3, ""酒店"": 3, ""马尾"": 2, ""成熟"": 2, ""姿势"": 2, ""和服"": 1, ""车内"": 1, ""睡衣"": 1, ""口交"": 1, ""中年"": 1, ""浴室"": 1, ""短发"": 1, ""卷发"": 1}",
/Volumes/HC530_1/待整理/x/292MY-638.mp4,292MY-638.mp4,1321762724,1260.5,9a1bb9e806df2f732e54db3d962362e1,257.4,11,11,13,"内衣, 双马尾, 口交, 床上, 性感, 按摩, 模特, 淡妆, 苗条, 身材, 酒店, 长发, 马尾","{""长发"": 8, ""身材"": 7, ""苗条"": 7, ""酒店"": 6, ""床上"": 5, ""模特"": 3, ""淡妆"": 2, ""按摩"": 2, ""性感"": 1, ""口交"": 1, ""内衣"": 1, ""马尾"": 1, ""双马尾"": 1}",
/Volumes/HC530_1/待整理/x/FC2-PPV-3087371.mp4,FC2-PPV-3087371.mp4,2104457580,2007.0,5b05389f55932e0658620dc7e9b3dbbc,222.4,11,11,14,"丝袜, 丰满, 内衣, 姿势, 床上, 性感, 模特, 比基尼, 短发, 苗条, 身材, 酒店, 长发, 马尾","{""身材"": 11, ""床上"": 6, ""性感"": 5, ""长发"": 5, ""酒店"": 4, ""模特"": 4, ""姿势"": 3, ""苗条"": 3, ""短发"": 3, ""马尾"": 2, ""丝袜"": 1, ""内衣"": 1, ""比基尼"": 1, ""丰满"": 1}",
/Volumes/HC530_1/待整理/x/FC2-PPV-3693272/FC2-PPV-3693272.mp4,FC2-PPV-3693272.mp4,440980058,420.6,a3fe9b7b33b7a1ae5bb12f8ae4acd5a5,215.8,10,10,14,"内衣, 口交, 姿势, 少女, 床上, 性感, 情趣, 按摩, 模特, 苗条, 身材, 酒店, 长发, 马尾","{""长发"": 9, ""床上"": 7, ""酒店"": 5, ""口交"": 5, ""内衣"": 4, ""性感"": 3, ""模特"": 3, ""身材"": 3, ""苗条"": 3, ""姿势"": 1, ""情趣"": 1, ""马尾"": 1, ""按摩"": 1, ""少女"": 1}",
/Volumes/HC530_1/待整理/x/FC2-PPV-3714280/FC2-PPV-3714280.mp4,FC2-PPV-3714280.mp4,9783479743,9330.3,4db468562d81cc715d1bb7db3f3446cc,294.7,11,11,18,"丁字裤, 内衣, 和服, 姿势, 床上, 性感, 情趣, 成熟, 按摩, 模特, 浴室, 短发, 职业装, 苗条, 身材, 酒店, 长发, 马尾","{""身材"": 8, ""长发"": 7, ""性感"": 5, ""模特"": 5, ""苗条"": 5, ""床上"": 4, ""内衣"": 3, ""短发"": 2, ""酒店"": 2, ""和服"": 2, ""情趣"": 2, ""成熟"": 2, ""职业装"": 1, ""按摩"": 1, ""浴室"": 1, ""丁字裤"": 1, ""姿势"": 1, ""马尾"": 1}",
/Volumes/HC530_1/待整理/松永/IPX126-H264.mp4,IPX126-H264.mp4,5384031407,5134.6,1beb0d1e0b9f0d2b9fe080f15681917e,225.7,11,11,16,"丁字裤, 会所, 和服, 多人, 姿势, 学生, 床上, 性感, 成熟, 旗袍, 模特, 短发, 苗条, 身材, 长发, 马尾","{""身材"": 5, ""床上"": 5, ""短发"": 5, ""长发"": 5, ""苗条"": 4, ""和服"": 3, ""姿势"": 3, ""性感"": 2, ""马尾"": 2, ""学生"": 1, ""成熟"": 1, ""旗袍"": 1, ""模特"": 1, ""丁字裤"": 1, ""会所"": 1, ""多人"": 1}",
/Volumes/HC530_1/待整理/松永/BIJN-165.mp4,BIJN-165.mp4,5476779557,5223.1,b307a8c45a832aa6f37874c31c0bb016,238.4,10,10,16,"中年, 内衣, 卷发, 口交, 多人, 姿势, 学生, 床上, 性感, 模特, 淡妆, 苗条, 身材, 酒店, 长发, 马尾","{""身材"": 6, ""姿势"": 5, ""长发"": 5, ""床上"": 5, ""性感"": 4, ""模特"": 4, ""苗条"": 4, ""马尾"": 2, ""卷发"": 2, ""口交"": 2, ""内衣"": 1, ""学生"": 1, ""多人"": 1, ""中年"": 1, ""酒店"": 1, ""淡妆"": 1}",
/Volumes/HC530_1/待整理/松永/ADN163-H264.mp4,ADN163-H264.mp4,3376099173,3219.7,59e344d1ec4e1cc652512583fe25702b,257.1,11,11,21,"中年, 丰满, 内衣, 办公室, 卷发, 厨房, 双马尾, 姿势, 床上, 性感, 按摩, 模特, 眼镜, 短发, 秘书, 职业装, 苗条, 身材, 酒店, 长发, 马尾","{""身材"": 8, ""床上"": 6, ""短发"": 5, ""长发"": 4, ""苗条"": 4, ""姿势"": 3, ""马尾"": 2, ""性感"": 2, ""中年"": 2, ""内衣"": 2, ""酒店"": 2, ""职业装"": 1, ""办公室"": 1, ""秘书"": 1, ""双马尾"": 1, ""厨房"": 1, ""按摩"": 1, ""模特"": 1, ""丰满"": 1, ""卷发"": 1, ""眼镜"": 1}",
/Volumes/HC530_1/待整理/松永/PPT-059CD3.mp4,PPT-059CD3.mp4,3636159662,3467.7,a91761f58126703f0697ffbc4a64e586,261.3,11,11,20,"丁字裤, 中年, 丰满, 内衣, 厨房, 和服, 姿势, 学生, 床上, 性感, 按摩, 模特, 比基尼, 淡妆, 短发, 职业装, 苗条, 身材, 酒店, 长发","{""身材"": 6, ""短发"": 6, ""性感"": 6, ""长发"": 4, ""模特"": 3, ""苗条"": 3, ""厨房"": 3, ""和服"": 2, ""酒店"": 2, ""丰满"": 2, ""姿势"": 2, ""内衣"": 2, ""职业装"": 1, ""丁字裤"": 1, ""比基尼"": 1, ""中年"": 1, ""淡妆"": 1, ""按摩"": 1, ""学生"": 1, ""床上"": 1}",
/Volumes/HC530_1/待整理/松永/GMEN-010.mp4,GMEN-010.mp4,5775638574,5508.1,34973db555e4a799727f93191c287f6d,235.5,11,11,19,"中年, 内衣, 制服, 办公室, 和服, 多人, 姿势, 学生, 床上, 律师, 性感, 模特, 浴室, 短发, 职业装, 苗条, 身材, 长发, 马尾","{""身材"": 6, ""长发"": 4, ""短发"": 3, ""苗条"": 3, ""模特"": 3, ""办公室"": 2, ""床上"": 2, ""性感"": 2, ""内衣"": 2, ""学生"": 1, ""制服"": 1, ""中年"": 1, ""和服"": 1, ""浴室"": 1, ""多人"": 1, ""姿势"": 1, ""职业装"": 1, ""律师"": 1, ""马尾"": 1}",
/Volumes/HC530_1/待整理/松永/ADN-199.mp4,ADN-199.mp4,3197415597,3049.3,d20e575c7bf2a1fc526848c5c486acd2,194.3,11,11,9,"办公室, 口交, 床上, 性感, 模特, 苗条, 身材, 长发, 马尾","{""长发"": 6, ""身材"": 4, ""苗条"": 3, ""床上"": 3, ""马尾"": 2, ""口交"": 1, ""性感"": 1, ""模特"": 1, ""办公室"": 1}",
/Volumes/HC530_1/待整理/松永/ADN-190.mp4,ADN-190.mp4,1835258572,1750.2,ed4c1e9c69077bc1a4186be23b64a6fb,215.5,11,11,14,"中年, 制服, 卷发, 床上, 性感, 模特, 淡妆, 睡衣, 短发, 苗条, 身材, 酒店, 长发, 马尾","{""长发"": 6, ""身材"": 5, ""苗条"": 4, ""床上"": 3, ""中年"": 2, ""马尾"": 2, ""睡衣"": 2, ""模特"": 2, ""短发"": 1, ""淡妆"": 1, ""制服"": 1, ""卷发"": 1, ""性感"": 1, ""酒店"": 1}",
/Volumes/HC530_1/待整理/松永/CESD-743.mp4,CESD-743.mp4,6168567101,5882.8,dbf04e9754814568254983b9a2fae6de,239.6,10,10,15,"OL, 丁字裤, 中年, 内衣, 和服, 床上, 性感, 模特, 浴室, 短发, 萝莉, 身材, 酒店, 长发, 马尾","{""长发"": 7, ""性感"": 4, ""身材"": 3, ""内衣"": 3, ""床上"": 2, ""浴室"": 2, ""模特"": 1, ""马尾"": 1, ""中年"": 1, ""短发"": 1, ""酒店"": 1, ""和服"": 1, ""OL"": 1, ""萝莉"": 1, ""丁字裤"": 1}",
/Volumes/HC530_1/待整理/松永/ATID312-H264.mp4,ATID312-H264.mp4,4363713949,4161.6,ee5449e0f2ed9fed04bee8673a4f8a78,239.6,11,11,15,"丁字裤, 丰满, 内衣, 卷发, 口交, 床上, 性感, 按摩, 模特, 睡衣, 短发, 苗条, 身材, 酒店, 长发","{""长发"": 8, ""身材"": 7, ""床上"": 4, ""酒店"": 4, ""苗条"": 3, ""性感"": 2, ""口交"": 2, ""丁字裤"": 1, ""内衣"": 1, ""按摩"": 1, ""模特"": 1, ""短发"": 1, ""睡衣"": 1, ""卷发"": 1, ""丰满"": 1}",
/Volumes/HC530_1/待整理/松永/HZGD-130.mp4,HZGD-130.mp4,5203058767,4962.0,557ec3e00f5a45aeb73b01dc5d2db613,231.3,10,10,14,"制服, 姿势, 学生, 床上, 性感, 护士, 按摩, 模特, 睡衣, 短发, 苗条, 身材, 长发, 马尾","{""身材"": 7, ""长发"": 7, ""苗条"": 5, ""床上"": 4, ""模特"": 3, ""姿势"": 3, ""性感"": 2, ""马尾"": 1, ""睡衣"": 1, ""学生"": 1, ""按摩"": 1, ""护士"": 1, ""短发"": 1, ""制服"": 1}",
/Volumes/HC530_1/待整理/松永/MEYD-436.mp4,MEYD-436.mp4,2346666558,2238.0,cfbcb9588cc2f5201dfb2923106e945c,251.3,11,11,16,"内衣, 办公室, 口交, 姿势, 床上, 性感, 情趣, 模特, 比基尼, 浴室, 淡妆, 短发, 苗条, 身材, 长发, 马尾","{""性感"": 6, ""长发"": 6, ""模特"": 5, ""内衣"": 5, ""身材"": 4, ""苗条"": 3, ""浴室"": 2, ""短发"": 2, ""马尾"": 1, ""淡妆"": 1, ""床上"": 1, ""情趣"": 1, ""办公室"": 1, ""比基尼"": 1, ""口交"": 1, ""姿势"": 1}",
/Volumes/HC530_1/待整理/松永/GAH-115-2.mp4,GAH-115-2.mp4,10666724566,10172.6,64ddf8c0d10c5391ade840e1df739e31,242.1,10,10,18,"丁字裤, 制服, 医院, 口交, 多人, 姿势, 床上, 性感, 成熟, 护士, 模特, 比基尼, 清纯, 真实, 短发, 苗条, 身材, 长发","{""长发"": 7, ""短发"": 3, ""姿势"": 3, ""身材"": 3, ""模特"": 2, ""床上"": 2, ""口交"": 2, ""多人"": 2, ""性感"": 1, ""清纯"": 1, ""成熟"": 1, ""真实"": 1, ""苗条"": 1, ""比基尼"": 1, ""丁字裤"": 1, ""护士"": 1, ""制服"": 1, ""医院"": 1}",
/Volumes/HC530_1/待整理/松永/IPX-783.mp4,IPX-783.mp4,7162383651,6830.6,bce5a798ff5b6f700e8caf8256dd83ed,267.3,10,10,20,"上司, 内衣, 办公室, 口交, 娇小, 学生, 床上, 律师, 性感, 情趣, 成熟, 按摩, 模特, 短发, 职业装, 苗条, 身材, 酒店, 长发, 马尾","{""身材"": 4, ""办公室"": 4, ""成熟"": 4, ""职业装"": 3, ""长发"": 3, ""苗条"": 3, ""性感"": 3, ""模特"": 3, ""短发"": 2, ""口交"": 2, ""上司"": 2, ""马尾"": 2, ""内衣"": 2, ""娇小"": 1, ""学生"": 1, ""律师"": 1, ""床上"": 1, ""酒店"": 1, ""按摩"": 1, ""情趣"": 1}",
/Volumes/HC530_1/待整理/松永/PPT-059CD4.mp4,PPT-059CD4.mp4,3894598433,3714.2,5fc3a6edf7da9511f000adbbe617c841,265.9,11,11,20,"丰满, 内衣, 口交, 多人, 大学生, 姿势, 学校, 学生, 床上, 性感, 成熟, 模特, 淡妆, 眼镜, 短发, 老师, 苗条, 身材, 酒店, 长发","{""短发"": 7, ""姿势"": 4, ""模特"": 4, ""口交"": 3, ""床上"": 3, ""淡妆"": 3, ""长发"": 3, ""学生"": 2, ""性感"": 2, ""多人"": 2, ""身材"": 2, ""大学生"": 1, ""老师"": 1, ""学校"": 1, ""眼镜"": 1, ""成熟"": 1, ""酒店"": 1, ""丰满"": 1, ""内衣"": 1, ""苗条"": 1}",
/Volumes/HC530_1/待整理/松永/MEYD-448.mp4,MEYD-448.mp4,2581758080,2462.2,098b8a03971db44f7c01e06b87bb5f06,242.9,11,11,21,"丝袜, 中年, 内衣, 制服, 厨房, 姿势, 学生, 少女, 床上, 性感, 模特, 清纯, 瑜伽, 睡衣, 短发, 职业装, 苗条, 身材, 酒店, 长发, 马尾","{""长发"": 6, ""身材"": 4, ""短发"": 3, ""苗条"": 3, ""床上"": 3, ""性感"": 3, ""学生"": 3, ""姿势"": 3, ""职业装"": 2, ""马尾"": 2, ""少女"": 1, ""酒店"": 1, ""模特"": 1, ""内衣"": 1, ""丝袜"": 1, ""制服"": 1, ""厨房"": 1, ""清纯"": 1, ""睡衣"": 1, ""瑜伽"": 1, ""中年"": 1}",
/Volumes/HC530_1/待整理/松永/PPT-059CD2.mp4,PPT-059CD2.mp4,3752387783,3578.6,447db70e6c3a62e161a4eb41024312b8,245.0,11,11,17,"内衣, 制服, 姿势, 学生, 床上, 性感, 情趣, 护士, 模特, 浴室, 淡妆, 短发, 苗条, 身材, 酒店, 长发, 马尾","{""身材"": 7, ""长发"": 6, ""苗条"": 6, ""床上"": 5, ""短发"": 5, ""模特"": 4, ""酒店"": 4, ""马尾"": 2, ""内衣"": 2, ""性感"": 1, ""情趣"": 1, ""浴室"": 1, ""淡妆"": 1, ""姿势"": 1, ""护士"": 1, ""制服"": 1, ""学生"": 1}",
/Volumes/HC530_1/待整理/松永/ADN-194.mp4,ADN-194.mp4,1593946022,1520.1,a99803c183aaa513ee60883e77f382c7,238.3,11,11,18,"中年, 内衣, 制服, 办公室, 女同, 姿势, 少女, 床上, 性感, 模特, 短发, 秘书, 职业装, 苗条, 身材, 酒店, 长发, 马尾","{""身材"": 7, ""长发"": 7, ""酒店"": 5, ""苗条"": 4, ""办公室"": 3, ""姿势"": 3, ""性感"": 3, ""床上"": 2, ""制服"": 1, ""内衣"": 1, ""秘书"": 1, ""短发"": 1, ""女同"": 1, ""职业装"": 1, ""中年"": 1, ""模特"": 1, ""少女"": 1, ""马尾"": 1}",
/Volumes/HC530_1/待整理/松永/DASD-528.mp4,DASD-528.mp4,4907284420,4680.0,af18442c808360ea2334dc3a99687bdb,233.0,10,10,16,"中年, 和服, 姿势, 学生, 床上, 性感, 按摩, 旗袍, 模特, 清纯, 睡衣, 短发, 苗条, 身材, 长发, 马尾","{""长发"": 7, ""身材"": 4, ""苗条"": 4, ""按摩"": 3, ""床上"": 3, ""中年"": 2, ""短发"": 2, ""清纯"": 1, ""学生"": 1, ""模特"": 1, ""马尾"": 1, ""旗袍"": 1, ""和服"": 1, ""睡衣"": 1, ""性感"": 1, ""姿势"": 1}",
/Volumes/HC530_1/待整理/松永/MEYD460-H264.mp4,MEYD460-H264.mp4,3794309123,3618.5,5b7ea78a2a6350a65f60be0de5da8629,227.6,11,11,17,"丁字裤, 中年, 和服, 姿势, 床上, 性感, 按摩, 模特, 浴室, 真实, 短发, 职业装, 苗条, 身材, 酒店, 长发, 马尾","{""身材"": 4, ""姿势"": 3, ""短发"": 3, ""长发"": 2, ""酒店"": 2, ""浴室"": 2, ""职业装"": 1, ""按摩"": 1, ""性感"": 1, ""丁字裤"": 1, ""模特"": 1, ""中年"": 1, ""真实"": 1, ""马尾"": 1, ""苗条"": 1, ""和服"": 1, ""床上"": 1}",
/Volumes/HC530_1/待整理/松永/IPX-190.mp4,IPX-190.mp4,2375362268,2265.3,803298f04f1fb0e4cb7dcd11860ecea8,271.7,11,11,18,"丝袜, 中年, 内衣, 卷发, 和服, 多人, 性感, 情趣, 模特, 浴室, 淡妆, 短发, 苗条, 身材, 酒店, 长发, 马尾, 黑丝","{""身材"": 7, ""性感"": 5, ""长发"": 5, ""苗条"": 4, ""模特"": 3, ""短发"": 3, ""内衣"": 2, ""情趣"": 1, ""卷发"": 1, ""淡妆"": 1, ""酒店"": 1, ""多人"": 1, ""中年"": 1, ""浴室"": 1, ""马尾"": 1, ""黑丝"": 1, ""丝袜"": 1, ""和服"": 1}",
/Volumes/HC530_1/待整理/松永/NSPS-885.mp4,NSPS-885.mp4,5333935844,5086.8,422c29301c55bb3da641c35d4d72e23c,255.3,11,11,16,"丝袜, 办公室, 卷发, 口交, 学生, 律师, 性感, 按摩, 模特, 短发, 红唇, 职业装, 苗条, 身材, 酒店, 长发","{""长发"": 9, ""性感"": 4, ""身材"": 2, ""模特"": 2, ""职业装"": 1, ""办公室"": 1, ""律师"": 1, ""苗条"": 1, ""卷发"": 1, ""学生"": 1, ""酒店"": 1, ""口交"": 1, ""红唇"": 1, ""丝袜"": 1, ""按摩"": 1, ""短发"": 1}",
/Volumes/HC530_1/待整理/松永/IPX-156_HD.mp4,IPX-156_HD.mp4,5443854569,5191.7,aad1b319884b0bdce171a97b8dc1b982,201.2,11,11,20,"丰满, 主播, 内衣, 双马尾, 口交, 多人, 大学生, 姿势, 学生, 床上, 性感, 模特, 比基尼, 淡妆, 短发, 职业装, 苗条, 身材, 长发, 马尾","{""身材"": 6, ""短发"": 4, ""长发"": 3, ""学生"": 2, ""苗条"": 2, ""马尾"": 2, ""双马尾"": 2, ""口交"": 2, ""内衣"": 2, ""大学生"": 1, ""床上"": 1, ""丰满"": 1, ""姿势"": 1, ""性感"": 1, ""多人"": 1, ""模特"": 1, ""淡妆"": 1, ""比基尼"": 1, ""职业装"": 1, ""主播"": 1}",
/Volumes/HC530_1/待整理/松永/GAH-115-1.mp4,GAH-115-1.mp4,10735202472,10237.9,26b42ca2ba3cc5c47f9659d65b96047c,217.3,10,10,17,"中年, 丰满, 内衣, 厨房, 姿势, 学生, 床上, 性感, 按摩, 模特, 比基尼, 短发, 苗条, 身材, 酒店, 长发, 马尾","{""身材"": 10, ""长发"": 9, ""苗条"": 5, ""性感"": 4, ""短发"": 4, ""模特"": 3, ""床上"": 2, ""酒店"": 2, ""内衣"": 2, ""马尾"": 1, ""中年"": 1, ""丰满"": 1, ""姿势"": 1, ""学生"": 1, ""比基尼"": 1, ""厨房"": 1, ""按摩"": 1}",
/Volumes/HC530_1/待整理/松永/SHKD796-H264!.mp4,SHKD796-H264!.mp4,3331745690,3177.4,61b0f1aed07967766a022ea02f5004ac,247.1,11,11,14,"制服, 医院, 口交, 大学生, 姿势, 学校, 学生, 性感, 模特, 短发, 职业装, 苗条, 身材, 长发","{""短发"": 6, ""身材"": 4, ""苗条"": 3, ""学生"": 3, ""长发"": 2, ""职业装"": 2, ""模特"": 2, ""口交"": 1, ""制服"": 1, ""大学生"": 1, ""学校"": 1, ""医院"": 1, ""性感"": 1, ""姿势"": 1}",
/Volumes/HC530_1/待整理/松永/PPT-059CD1.mp4,PPT-059CD1.mp4,3691559531,3520.5,f0111f17b927e14dcf131566b391ff7d,270.8,11,11,18,"丰满, 内衣, 制服, 和服, 姿势, 学生, 床上, 性感, 情趣, 模特, 清纯, 短发, 职业装, 苗条, 身材, 酒店, 长发, 马尾","{""长发"": 6, ""酒店"": 4, ""床上"": 4, ""身材"": 3, ""性感"": 3, ""模特"": 3, ""苗条"": 3, ""短发"": 3, ""姿势"": 2, ""制服"": 2, ""内衣"": 1, ""学生"": 1, ""马尾"": 1, ""情趣"": 1, ""职业装"": 1, ""丰满"": 1, ""和服"": 1, ""清纯"": 1}",
