title,actor,release_date,video_id,detail_url,studio,rating,duration,magnet_link,all_magnet_links
HEYZO-0134 無碼 ワリキリハミ乳娘降臨 後編 - 長澤あずさ,長澤あずさ(无码),2023-12-20,HEYZO-0134,https://javdb565.com/v/45amAR,HEYZO,4.33,70 分鍾,magnet:?xt=urn:btih:cdc9ee054048ecad83d8c543ce09653b143e684c&dn=[javdb.com]Azusa Nagasawa(長澤あずさ) – Heyzo 0134 ワリキリハミ乳娘降臨 後編.mp4,magnet:?xt=urn:btih:09b88386487b9d062806303fed62bfedc9c4f053&dn=[javdb.com]heyzo-0134; magnet:?xt=urn:btih:0d1b75d2fb30196e6b5f9777dda58f38bf158161&dn=[javdb.com]446.heyzo-0134; magnet:?xt=urn:btih:249aa936877e0b4e1b95f4dd5b7692c54189c381&dn=[javdb.com]olo@www.sis001.com@heyzo-0134; magnet:?xt=urn:btih:53317b45b2266e1cbf2fb185d6689414024cc6d0&dn=[javdb.com]olo@SIS001@heyzo-0134; magnet:?xt=urn:btih:6f62b35ac403ef6a2a2828385077863f6fbd6273&dn=[javdb.com]heyzo 0134; magnet:?xt=urn:btih:6f6f69c10c80a9f41580daab0a827f23bd443105&dn=[javdb.com]heyzo-0134; magnet:?xt=urn:btih:be0fb8a1c1498892075b26884ba9ee9b31ba71a8&dn=[javdb.com]heyzo-0134 by arsenal-fan; magnet:?xt=urn:btih:cc1af2a97ccf0b4c3e49e8e30d1a4a477e803042&dn=[javdb.com]chikan@heyzo-0134; magnet:?xt=urn:btih:cdc9ee054048ecad83d8c543ce09653b143e684c&dn=[javdb.com]Azusa Nagasawa(長澤あずさ) – Heyzo 0134 ワリキリハミ乳娘降臨 後編.mp4
HEYZO-0109 無碼 ワリキリハミ乳娘降臨 前編 - 長澤あずさ,長澤あずさ(无码),2023-12-17,HEYZO-0109,https://javdb565.com/v/bAkyQB,HEYZO,4.44,65 分鍾,magnet:?xt=urn:btih:09502b15e4f121b9b523f1741b3889045dd92abc&dn=[javdb.com]Heyzo 0109 Peeping her Tits - Part 1 Azusa Nagasawa,magnet:?xt=urn:btih:09502b15e4f121b9b523f1741b3889045dd92abc&dn=[javdb.com]Heyzo 0109 Peeping her Tits - Part 1 Azusa Nagasawa; magnet:?xt=urn:btih:22bbcc8ffe1585ab1f7242c72fcd312f3520e3b7&dn=[javdb.com]heyzo 0109; magnet:?xt=urn:btih:43c178bf6b9e4bcc5d5c2093fa12d4c61a17c283&dn=[javdb.com]Heyzo 0109 ワリキリハミ乳娘降臨 前編; magnet:?xt=urn:btih:a36440a6e15c4efa22f5aa3dd82de0e12dd7e93d&dn=[javdb.com]Heyzo-0109; magnet:?xt=urn:btih:c95db12194df5dd07a88d788406fa4d7d9917d3e&dn=[javdb.com]Heyzo-0109.mp4; magnet:?xt=urn:btih:cd0a51ac0752f0626d2ad0cb9eacce51712e08c9&dn=[javdb.com][JAVTODAY.ORG] Heyzo 0109
KDJE-024 【4Kリマスター版】M・ザーメン・トランス 長澤あずさ,長澤あずさ,2023-08-23,KDJE-024,https://javdb.com/v/xvWbR8,ワープエンタテインメント,4.61,127 分鍾,magnet:?xt=urn:btih:970c56f77cd63972f4941d132f9aa2daf3cc7ee6&dn=[javdb.com]kdje-024.torrent,magnet:?xt=urn:btih:970c56f77cd63972f4941d132f9aa2daf3cc7ee6&dn=[javdb.com]kdje-024.torrent
IKST-003 素人誰コレ 優しく甘やかしてくれる爆乳！ 色白黒髪という神属性 感度良好お姉さん,長澤あずさ,2020-11-28,IKST-003,https://javdb.com/v/VgKQQ,いきなりエロざんまい,4.36,138 分鍾,magnet:?xt=urn:btih:54a46845f5c49f105a807e8a1e6629a074e726d7&dn=[javdb.com]425IKST-003.torrent,magnet:?xt=urn:btih:1b607b3ff9c786eac4065d7ae1cb35d00ae68adf&dn=[javdb.com]425IKST-003.mp4; magnet:?xt=urn:btih:54a46845f5c49f105a807e8a1e6629a074e726d7&dn=[javdb.com]425IKST-003.torrent; magnet:?xt=urn:btih:659ae207cfc19cb9f603a938dc8df5406f033111&dn=[javdb.com]425IKST-003.HD
PYU-061 お姉さんの美巨乳を服の上から弄んでラブラブHしちゃいましたぁ～！！ 長澤あずさ,長澤あずさ,2020-08-03,PYU-061,https://javdb.com/v/VzpVn,カムカムぴゅっ！,4.33,35 分鍾,magnet:?xt=urn:btih:72d5d677a097eff901e04878f8248793892bcc9b&dn=[javdb.com]PYU-061,magnet:?xt=urn:btih:72d5d677a097eff901e04878f8248793892bcc9b&dn=[javdb.com]PYU-061
HMHI-516 あずさ,長澤あずさ,2020-07-24,HMHI-516,https://javdb.com/v/7QnAV,N/A,4.36,32 分鍾,magnet:?xt=urn:btih:c97300e88f522fec0b87305847a866c3a90d5689&dn=[javdb.com]第一會所新片@SIS001@hmhi-516,magnet:?xt=urn:btih:059c99e950991fce07db706e4a4199b21035ceb5&dn=[javdb.com]1287.[1030gc.com]hmhi-516; magnet:?xt=urn:btih:c97300e88f522fec0b87305847a866c3a90d5689&dn=[javdb.com]第一會所新片@SIS001@hmhi-516
CRRV-005 知名AV女優傳播妹來幫破童貞！ 顯示原標題,長澤あずさ,2018-01-13,CRRV-005,https://javdb.com/v/5E2y9,チェリーズれぼ,4.24,150 分鍾,magnet:?xt=urn:btih:e33d86de78034ecef63392886d2001979c9bb551&dn=[javdb.com][Thz.la]crrv-005,magnet:?xt=urn:btih:2074c99d742b66aa72ffbcb2585760e2eb771c2a&dn=[javdb.com]HD-crrv-005; magnet:?xt=urn:btih:2d1d63405443c7c6cf009ee5616475c08179978c&dn=[javdb.com]CRRV-005.mp4; magnet:?xt=urn:btih:30c5b582ac54cd7ede2dbbe27796d087feaf1a92&dn=[javdb.com]crrv-005[javxxoo.com].MP4; magnet:?xt=urn:btih:5b5f04e5574a289d4061731a924e6d39c041aa25&dn=[javdb.com]crrv-005; magnet:?xt=urn:btih:c1f564390ba06ad898dc8f2ce3d88f1c660d4e04&dn=[javdb.com]CRRV-005; magnet:?xt=urn:btih:c6fbe1af8ad4785438ae62667cccd0bf7014334c&dn=[javdb.com]第一會所新片@SIS001@(チェリーズれぼ)(CRRV-005)パイ乙BOOTLEGあの超有名AV女優が出勤してるというウワサのデリヘル呼んで筆おろしてモラタ！; magnet:?xt=urn:btih:e33d86de78034ecef63392886d2001979c9bb551&dn=[javdb.com][Thz.la]crrv-005; magnet:?xt=urn:btih:f80362ae87a1e428aa59ae77b3c9fa6b3ee84f02&dn=[javdb.com]crrv-005
LADY-048 LADY’S DEEP KISS 顯示原標題,長澤あずさ,2017-05-03,LADY-048,https://javdb.com/v/VPNKA,N/A,3.0,54 分鍾,magnet:?xt=urn:btih:5aede59ccb2e5d5b159367d6cd98722a8c4acc9d&dn=[javdb.com]LADY-048.wmv,magnet:?xt=urn:btih:5aede59ccb2e5d5b159367d6cd98722a8c4acc9d&dn=[javdb.com]LADY-048.wmv
3D-SM3DBD-01 無碼 S Model 3DBD 01 : 長澤あずさ,長澤あずさ(无码),2015-12-11,3D-SM3DBD-01,https://javdb565.com/v/R53V7,スーパーモデルメディア,4.73,93 分鍾,magnet:?xt=urn:btih:6ed36ac0c35d885e1d4ce639ea706abc698c51fb&dn=[javdb.com]3D-SM3DBD-01-iso,magnet:?xt=urn:btih:6ed36ac0c35d885e1d4ce639ea706abc698c51fb&dn=[javdb.com]3D-SM3DBD-01-iso
SHE-226 淫亂人妻偷情溫泉中出之旅 顯示原標題,長澤あずさ,2015-10-10,SHE-226,https://javdb.com/v/bA80A,ホットエンターテイメント,4.38,240 分鍾,magnet:?xt=urn:btih:6d1344dfc73b0a77e969642a9c756fc3ed9d1db4&dn=[javdb.com]SHE-226-C.mp4.torrent,magnet:?xt=urn:btih:5b7dc3d18a80af0fcc3ca1acd2e00bf7cadda3b5&dn=[javdb.com]SHE-226.mp4; magnet:?xt=urn:btih:6d1344dfc73b0a77e969642a9c756fc3ed9d1db4&dn=[javdb.com]SHE-226-C.mp4.torrent; magnet:?xt=urn:btih:86984c2fa12cb70e4d4a440aeb8c7e2ac18f068b&dn=[javdb.com]SHE-226.mp4; magnet:?xt=urn:btih:8d9cc7e587a0b79953ea4f7b53cb85edeba237b8&dn=[javdb.com]SHE-226.mp4; magnet:?xt=urn:btih:acb3867dab489f9b4052148173fd89ce7a117cbd&dn=[javdb.com]SHE-226 淫らな人妻との温泉中出しの旅 平穏な毎日に不満があるわけではないがどこか物足りない。もう一度だけときめきを感じたくて女は見知らぬ男に抱かれる…; magnet:?xt=urn:btih:e67e58c52152cd860eb3423222502f39ce547b3d&dn=[javdb.com]第一會所新片@SIS001@(HOT)(SHE-226)淫らな人妻との温泉中出しの旅_平穏な毎日に不満があるわけではないがどこか物足りない。
SHKD-515 激情強暴 2～被盯上的護士～ 長澤梓 顯示原標題,長澤あずさ,2013-08-07,SHKD-515,https://javdb.com/v/me5BY,Attackers,4.5,120 分鍾,magnet:?xt=urn:btih:62d50a3393c21ccca042299e4ece59f4a4f55cae&dn=[javdb.com]shkd-515-C.torrent,"magnet:?xt=urn:btih:08b40b0deaafc51dc3de9f498b182823ccd533d4&dn=[javdb.com]30.(死夜悪)(SHKD-515)激情レイプ2～狙われた看護師～長澤あずさ; magnet:?xt=urn:btih:0dacbd66c903d761680b152647e38c9abacb2f48&dn=[javdb.com]Azusa Nagasawa - Nurse is a Target 2 to passion rape [SHKD-515]; magnet:?xt=urn:btih:2a42b212bbfdf30678d741df381232b0b07c8f26&dn=[javdb.com]复活126@第一会所@SHKD-515; magnet:?xt=urn:btih:34b384d17a19ae1ece2547111b1e22b8e82040e6&dn=[javdb.com]第一會所新片@SIS001@(死夜悪)(SHKD-515)激情レイプ2～狙われた看護師～長澤あずさ; magnet:?xt=urn:btih:62d50a3393c21ccca042299e4ece59f4a4f55cae&dn=[javdb.com]shkd-515-C.torrent; magnet:?xt=urn:btih:6f69365eb748d70d8be32f574da463b1146dd830&dn=[javdb.com]SHKD-515; magnet:?xt=urn:btih:750f3ae9442e1f6a957b1887a50eaedc92a88440&dn=[javdb.com]SHKD-515,.avi; magnet:?xt=urn:btih:81d261bc8ba990866ff45865f0a86437fb569c9b&dn=[javdb.com]【WCP】SHKD-515 jiqingreip; magnet:?xt=urn:btih:9fbf07039f8e18c6e40d4b2fe78245486024be9b&dn=[javdb.com]SHKD-515; magnet:?xt=urn:btih:a2bfe32e8de26911ff46c67796aa5c41b28d2924&dn=[javdb.com]SHKD-515 激情レイプ2～狙われた看護師～ 長澤あずさ.rmvb; magnet:?xt=urn:btih:b9fa41c602f261912a0487bce7f300ad7ca31d48&dn=[javdb.com]SHKD-515.長澤梓.激情レイプ2～狙われた看護師～ 長澤あずさ; magnet:?xt=urn:btih:d56a67ad579c510279205979cde50d545ce3c65c&dn=[javdb.com]【亞瑟王】【SEX8.CC】SHKD-515 激情レイプ2～狙われた看護師～ 長澤あずさ; magnet:?xt=urn:btih:d9cf4b7ad26a0ad535d04df67f8490768866f9d4&dn=[javdb.com]SHKD_515@oldman; magnet:?xt=urn:btih:d9d0ab8b3ed44badd52f62c239909d0f5041f782&dn=[javdb.com]SHKD-515-AVI; magnet:?xt=urn:btih:f30da56cc4451d1f2f26e246c280c70d63d942a0&dn=[javdb.com](死夜悪)(SHKD-515)激情レイプ2～狙われた看護師～長澤あずさ.mp4; magnet:?xt=urn:btih:f48b1047086280c508d3b84ec498434af282c167&dn=[javdb.com]im-520@SIS001@SHKD-515; magnet:?xt=urn:btih:f8ac75fc896439c548261042fe7c4d672738fdbd&dn=[javdb.com]SHKD-515 激情強姦2～被瞄準的護士～長澤"
MKD-S01 無碼 KIRARI 01 : 長澤あずさ,長澤あずさ(无码),2013-07-23,MKD-S01,https://javdb565.com/v/XEKXe,ムゲンエンターテインメント,4.46,108 分鍾,magnet:?xt=urn:btih:6649920f50c101d1ca63099397f030b59dc14e24&dn=[javdb.com]MKD-S01.torrent,magnet:?xt=urn:btih:19595300ded76860abb0c5b38941c7c7e20864c5&dn=[javdb.com]MKD-S01.torrent; magnet:?xt=urn:btih:1ba4cb1974409ce0075fb9bea61dce604513bd0d&dn=[javdb.com]MKD-S01.avi; magnet:?xt=urn:btih:1bde292e462b9baaee24390972c069d56aca2a07&dn=[javdb.com]Kirari.Vol.01.Azusa.Nagasawa.MKD-S01.torrent; magnet:?xt=urn:btih:59e2c5658b0e0df866c9ca2389528cfd7777ce52&dn=[javdb.com]学霸猎艳记@第一会所@MKD-S01.torrent; magnet:?xt=urn:btih:5d2fcca4f700a545139ed9907fccf353090f9722&dn=[javdb.com]MKD-S01.mp4.torrent; magnet:?xt=urn:btih:6649920f50c101d1ca63099397f030b59dc14e24&dn=[javdb.com]MKD-S01.torrent; magnet:?xt=urn:btih:b7d74124e0961bb76aaae57c7192b02c0ea11bad&dn=[javdb.com]MKD-S01.torrent; magnet:?xt=urn:btih:e696e2d1e14550e1cdc6e631226f5e28438dfd22&dn=[javdb.com][MKD-S01.to.S04]Pack.Kirari.Vol.01.to.04-JAV-UNCEN][email protected]
MKBD-S01 無碼 KIRARI 01 : 長澤あずさ,長澤あずさ(无码),2013-07-23,MKBD-S01,https://javdb565.com/v/bq4eA,ムゲンエンターテインメント,4.54,108 分鍾,magnet:?xt=urn:btih:2e645769ea5eb541ebeb9d5c2b5cc3f3448f5353&dn=[javdb.com]MKBD-S01.mkv.torrent,magnet:?xt=urn:btih:03497874c96d410e6fb3b817a01f57635490d8e0&dn=[javdb.com][FHD-1080P]MKBD-S01.torrent; magnet:?xt=urn:btih:169bdef5ae9fc728ba625f3e2893620ae05a3cf0&dn=[javdb.com]MKBD-S01.torrent; magnet:?xt=urn:btih:2e645769ea5eb541ebeb9d5c2b5cc3f3448f5353&dn=[javdb.com]MKBD-S01.mkv.torrent; magnet:?xt=urn:btih:3ce3109da9e5027c9cb80dc132557eb78ceb2259&dn=[javdb.com]24.MKBD-S01; magnet:?xt=urn:btih:4d66d4447d73ddb45ca1bc5a238018df1c36b15f&dn=[javdb.com][FHD-1080P]MKBD-S01; magnet:?xt=urn:btih:77681d7b83533c9f046f7bb2a6897b87dc31f212&dn=[javdb.com]MKBD-S01 KIRARI 01-Azusa Nagasawa (Blu-ray) {18iso} [1080p].mp4; magnet:?xt=urn:btih:94e0792beef33aa2fa5d2a3c54c04fba3b481709&dn=[javdb.com]olo@SIS001@MKBD-S01; magnet:?xt=urn:btih:9c72c01b43e59b40f919889dce43427f38371d2a&dn=[javdb.com]MKBD-S01.mp4; magnet:?xt=urn:btih:a452519bc1337b217072e079070e136e3e5e90aa&dn=[javdb.com][FHD]MKBD-S01; magnet:?xt=urn:btih:ac00560b03a743c46acca72c1df7ac614de80ca1&dn=[javdb.com][JAV] [Uncensored] MKBD-S01 [1080p]; magnet:?xt=urn:btih:b76f700008501fa8900eb248f94b48b837a6061a&dn=[javdb.com]MKBD-S01.torrent; magnet:?xt=urn:btih:e4444db6a1ae77b7a1338b75bf84818aac68297e&dn=[javdb.com]MKBD-S01-HD; magnet:?xt=urn:btih:f3d338202c9d431c441bb913f0a3fd85e03769fe&dn=[javdb.com]MKBD-S01
VEC-068 老婆被按摩師睡走了 長澤梓 顯示原標題,長澤あずさ,2013-06-01,VEC-068,https://javdb.com/v/k4gNN,VENUS,4.21,105 分鍾,magnet:?xt=urn:btih:c0f93da9473b7021d81cde8d8be552472cba9dd3&dn=[javdb.com]vec-068-C.torrent,magnet:?xt=urn:btih:21852a80f0eb62725033aabd65029b651eb67d5a&dn=[javdb.com]www.00-jav.com-VEC-068.rmvb; magnet:?xt=urn:btih:2254fe411ac062715d487281e3d1dad339c1c236&dn=[javdb.com]VEC-068; magnet:?xt=urn:btih:23ab09f3d5f29e3c77a0b98b5f333e9448ae1c5e&dn=[javdb.com]wo-010101@www.sexinsex.net@vec-068; magnet:?xt=urn:btih:2ac908530cd0995cca33389f31727c4fb04938eb&dn=[javdb.com]【sharemovie】【sex8.cc】vec-068亚洲妻子给她按摩师; magnet:?xt=urn:btih:3936b659b28e737981b94450cd7a06101d96bad2&dn=[javdb.com]VEC-068 Azusa Nagasawa 조루 남편에게 불만인 아내 마사지를; magnet:?xt=urn:btih:3fa0b51d754b208e2db1b19520f01911a265c3e9&dn=[javdb.com]im-520@SIS001@VEC-068; magnet:?xt=urn:btih:5433d29c9bb28fda96224de511c3610116cb9101&dn=[javdb.com]VEC-068-JAVFILE.ORG.mp4; magnet:?xt=urn:btih:5ee30f73d4ded00faf3575b1e745cf6a6718f9b0&dn=[javdb.com]第一會所新片@SIS001@(VENUS)(VEC-068)嫁をマッサージ師に寝取られた_長澤あずさ; magnet:?xt=urn:btih:68433e9f95ea056c492cb6a719d48ce26df259be&dn=[javdb.com]VEC-068; magnet:?xt=urn:btih:85c0a1502ec3f99856bea5ea4068ce49ef47b8f7&dn=[javdb.com]VEC-068-AVI; magnet:?xt=urn:btih:9098996ee6ec9af93b6790cf3182db11081c031c&dn=[javdb.com]VEC-068.mp4; magnet:?xt=urn:btih:c0f93da9473b7021d81cde8d8be552472cba9dd3&dn=[javdb.com]vec-068-C.torrent; magnet:?xt=urn:btih:cb0ee10b15d3c0a2237599be8ed8845d6e6db73a&dn=[javdb.com]VEC-068 跟按摩師偷情的媳婦兒~長澤あずさ
MIGD-501 搜查官慘遭觸手肏翻兩穴 長澤梓 顯示原標題,長澤あずさ,2013-04-01,MIGD-501,https://javdb.com/v/0Rnb3,MOODYZ,4.5,120 分鍾,magnet:?xt=urn:btih:49c46b290ce63348497d706b50fe93c88abb487a&dn=[javdb.com]MIGD-501-C.torrent,magnet:?xt=urn:btih:0c091dead4865491641b03ff0e73af9ea675d4ff&dn=[javdb.com]im-520@SIS001@MIGD-501; magnet:?xt=urn:btih:2c3a96f806b8322e957ed0880f948ef87beff9b8&dn=[javdb.com]MIGD-501.wmv; magnet:?xt=urn:btih:49c46b290ce63348497d706b50fe93c88abb487a&dn=[javdb.com]MIGD-501-C.torrent; magnet:?xt=urn:btih:4ec075899587973599368c2ffcffb95a28342bd2&dn=[javdb.com][javtorrent.biz]_migd-501; magnet:?xt=urn:btih:501db9cf5115d805af4fc17683ee56d62523abb2&dn=[javdb.com][MIGD-501]2穴触手_～追憶の捜査官～; magnet:?xt=urn:btih:51893e00e3b39893d179d0e5c2db4ee1cb5ba36e&dn=[javdb.com]javset.com-MIGD-501.WMV; magnet:?xt=urn:btih:68ad908e926d9dc847b5816b6e034cd93b20f8b3&dn=[javdb.com]MIGD-501.wmv; magnet:?xt=urn:btih:770d9147cbee89ef871535f88d79d395367ffb88&dn=[javdb.com]MIGD-501-AV.wmv; magnet:?xt=urn:btih:847232a749c7d1a4886698bbd2c4702a266f4db8&dn=[javdb.com]MIGD-501; magnet:?xt=urn:btih:a437887cf48129c2bbf559b4957c68f88db0385e&dn=[javdb.com]MIGD-501.wmv; magnet:?xt=urn:btih:bcd3c28def190fcab4be23bf50452d0de3d17763&dn=[javdb.com]小馬@SIS001@[MIGD-501]2穴触手_～追憶の捜査官～; magnet:?xt=urn:btih:ca7260f2767e5b9a3a842a070125e643369ed456&dn=[javdb.com]MIGD-501.wmv; magnet:?xt=urn:btih:e26958ba8b53dd3d4322fa0650a7c18abc5b38de&dn=[javdb.com]第一會所新片@SIS001@(MOODYZ)(MIGD-501)2穴触手_～追憶の捜査官～長澤あずさ; magnet:?xt=urn:btih:e973bfaba4f0264b88e28090249f18f62c245e5c&dn=[javdb.com]MIGD-501; magnet:?xt=urn:btih:f1aadcff2b4ad7728715e8409c4e99a54762bec9&dn=[javdb.com]疯魔舞@www.SexInSex.net@MIGD-501; magnet:?xt=urn:btih:f822a766110e37edd49d35909816ffbae317f4b4&dn=[javdb.com]MIGD-501-[24-jav.net].wmv
BT-113 無碼 最高級泡泡浴女郎 : 長澤梓 顯示原標題,長澤あずさ(无码),2013-03-19,BT-113,https://javdb565.com/v/RKdAg,スタジオテリヤキ,4.49,126 分鍾,magnet:?xt=urn:btih:def7e5ed0f6785b7d6c387c1e261698306982da5&dn=[javdb.com][일본] 베이글녀 아가사와 나즈사 노모작 BT-113,magnet:?xt=urn:btih:0f006fd89cc6a2adb2fb4a04dcb9bad6381b7402&dn=[javdb.com]fuckshuibei@第一会所@(BT-113)最高级泡姫.长泽あずさ; magnet:?xt=urn:btih:24abebfa9adaa76ba7ca464cba58de4c4251fa69&dn=[javdb.com][JAVTODAY.ORG] BT-113; magnet:?xt=urn:btih:2cfe15a8a45e4b970828666fab709a393dde18e2&dn=[javdb.com]BT-113-AVI; magnet:?xt=urn:btih:592df95e3d966621cabd09f5d81a6ba2f7be8261&dn=[javdb.com]BT-113; magnet:?xt=urn:btih:5a3f44aa6706e1e1b9f136fc0b510bfc4d496c5b&dn=[javdb.com][노모]BT-113; magnet:?xt=urn:btih:6201e2456e4aba8010a2fe9b92622c6bc98c0005&dn=[javdb.com]BT-113-AVI; magnet:?xt=urn:btih:78431a1d49335a06c0acd5f01d2542682c079655&dn=[javdb.com]BT-113.avi; magnet:?xt=urn:btih:8331822b16fac41dd6dae9a087a5e8c9ada8b64f&dn=[javdb.com]olo@SIS001@bt-113; magnet:?xt=urn:btih:9d51d9a9b95dfa679e3899879407d18d217ac54f&dn=[javdb.com]第一會所新片@SIS001@(TERIYAKI)(BT-113)最高級泡姫_長澤あずさ; magnet:?xt=urn:btih:def7e5ed0f6785b7d6c387c1e261698306982da5&dn=[javdb.com][일본] 베이글녀 아가사와 나즈사 노모작 BT-113; magnet:?xt=urn:btih:e4fa234025b95e89715a05a8150dd1b680a9d931&dn=[javdb.com]베이글녀 아가사와 나즈사 노모작 BT-113.wmv; magnet:?xt=urn:btih:fd37737c37533ed0ded4da08df3d63c3741128be&dn=[javdb.com]BT-113
PZD-008 真想跟這樣的女人大玩乳砲挾射 直接在乳溝中盡情中出 長澤梓 顯示原標題,長澤あずさ,2013-03-08,PZD-008,https://javdb.com/v/MmQDR,ドリームチケット,4.34,120 分鍾,magnet:?xt=urn:btih:a27b3510f41fb9e93fba6801bcd4da1b353ed1a3&dn=[javdb.com]PZD-008,magnet:?xt=urn:btih:5f442ea31d25cc62bef25deeb849e37ea4205ccd&dn=[javdb.com]PZD-008-AVI; magnet:?xt=urn:btih:624d06106798eb764201f39f83edd849797475bf&dn=[javdb.com]疯魔舞@www.SexInSex.net@PZD-008; magnet:?xt=urn:btih:6ef969b62e8f2c77452fe6f83947aaf99d490fb9&dn=[javdb.com]HD-PZD-008; magnet:?xt=urn:btih:74f2c8810e38cdc017410b843e25335167e77dce&dn=[javdb.com]PZD-008-AV.wmv; magnet:?xt=urn:btih:7963f29bcbfc5a7810a71d5b16ac3bdd29c2c39e&dn=[javdb.com]PZD-008-AVI; magnet:?xt=urn:btih:8282b6fc8df470c433899185278cdc08d8c5526f&dn=[javdb.com]PZD-008.wmv; magnet:?xt=urn:btih:82a4ba9c4b0f401d43e56222f05923d25ff6af2c&dn=[javdb.com]PZD-008; magnet:?xt=urn:btih:98bfd144b3b9e1ebac6556b86c8568105d345c0a&dn=[javdb.com]【性吧论坛.com】PZD-008 KONNANVNIJI; magnet:?xt=urn:btih:9c64a733741860cc5f4a2f049301ae767afcd2b4&dn=[javdb.com]PZD-008.wmv; magnet:?xt=urn:btih:a27b3510f41fb9e93fba6801bcd4da1b353ed1a3&dn=[javdb.com]PZD-008; magnet:?xt=urn:btih:bdcc8f5beea9acf80ca22adb4f35b3e2e7fcaa41&dn=[javdb.com]第一會所新片@SIS001@(ドリームチケット)(PZD-008)こんな女に挟射したい_谷間マ●コにそのまま中出し_長澤あず; magnet:?xt=urn:btih:e2dc011705ec1a07ce81fc6a7c7c4ddb1592bb7f&dn=[javdb.com]javset.com-PZD-008.WMV
HBAD-211 男ばかりの家庭で50過ぎの親父が若い巨乳女と再婚、息子4兄弟は大興奮！隠れて巨乳義母と発情しまくり,長澤あずさ,2013-03-07,HBAD-211,https://javdb.com/v/d4WA0,ヒビノ,3.97,120 分鍾,magnet:?xt=urn:btih:3f915be9e9cf407e2c1de2fdf14f5850a791ed81&dn=[javdb.com]HBAD-211-AV.avi,magnet:?xt=urn:btih:1cc44b167d0466281f8c11e13368f6e222c6e902&dn=[javdb.com]seducer-@www.sexinsex.net@HBAD-211; magnet:?xt=urn:btih:2c0b871a7f8bac740175c02f635a335eb35f5188&dn=[javdb.com]HBAD-211 年輕的巨乳女再婚，兒子4兄弟大興奮！與巨乳繼母一個勁地發情[中文字幕]; magnet:?xt=urn:btih:3594525e34406863bc7968fb9027800ec4381449&dn=[javdb.com]HBAD-211; magnet:?xt=urn:btih:3f915be9e9cf407e2c1de2fdf14f5850a791ed81&dn=[javdb.com]HBAD-211-AV.avi; magnet:?xt=urn:btih:444352d01884095247ccbae1c9142fa77d17424c&dn=[javdb.com]第一會所新片@SIS001@(BABE)(HBAD-211)男ばかりの家庭で50過ぎの親父が若い巨乳女と再婚、息子4兄弟は大興奮！隠れて巨乳義母と発情しまくり; magnet:?xt=urn:btih:4b66a68352b44575ffe2ad996e28b177bd531080&dn=[javdb.com]im-520@SIS001@HBAD-211; magnet:?xt=urn:btih:506bcbddb92ff4a26f9b98d0f5ec58e0762f492a&dn=[javdb.com]im-520@SIS001@HBAD-211; magnet:?xt=urn:btih:79c655a58e096acbdd8493ef7b85a5a734c8485b&dn=[javdb.com]50.HBAD-211 年輕的巨乳女再婚，兒子4兄弟大興奮！與巨乳繼母一個勁地發情[中文字幕]; magnet:?xt=urn:btih:c278606cef7aa01d5500f34a60a6a3369ac13bb2&dn=[javdb.com]第一會所新片@SIS001@(BABE)(HBAD-211)男ばかりの家庭で50過ぎの親父が若い巨乳女と再婚、息子4兄弟は大興奮！隠れて巨乳義母と発情しまくり
GG-165 表弟的巨乳媳婦 長澤梓 顯示原標題,長澤あずさ,2013-03-07,GG-165,https://javdb.com/v/NwVNG,Glory Quest,4.5,110 分鍾,magnet:?xt=urn:btih:2e6e0b14114034f110a7b8084f31b775f6efd31f&dn=[javdb.com]gg-165-C.torrent,magnet:?xt=urn:btih:043fa93c255096ca6921db3b2560b05b3db3205d&dn=[javdb.com]GG-165; magnet:?xt=urn:btih:0f6b0dff97b88c93c4580e2d07bd5031622313c2&dn=[javdb.com]GG-165.wmv; magnet:?xt=urn:btih:2cef5c4ad7030e1bc1cbb72125587a45d62a67a5&dn=[javdb.com]第一會所新片@SIS001@(GG-165) いとこの巨乳嫁 長澤あずさ; magnet:?xt=urn:btih:2e6e0b14114034f110a7b8084f31b775f6efd31f&dn=[javdb.com]gg-165-C.torrent; magnet:?xt=urn:btih:42966727674af7484db845554e8d4462f2a59c07&dn=[javdb.com]im-520@SIS001@GG-165; magnet:?xt=urn:btih:4e334658b273f242df062eaefee1119d3cdaf8f3&dn=[javdb.com]GG-165.mp4; magnet:?xt=urn:btih:607f1f79942f35204f4e2bb66ff4c513f0333205&dn=[javdb.com]GG-165; magnet:?xt=urn:btih:728fe3dce5ad116554cbadd77e476c2c23ed559d&dn=[javdb.com]GG-165; magnet:?xt=urn:btih:80268574b6ea3f05c7f3eff9bfcd504d1651ecca&dn=[javdb.com]GG-165; magnet:?xt=urn:btih:84427665bd758536a08827f78928c7ebdf32a4c0&dn=[javdb.com][javtorrent.biz]_GG-165; magnet:?xt=urn:btih:88291a310ccff0c9bcb806948cfcd2972ff3cdc5&dn=[javdb.com]GG-165; magnet:?xt=urn:btih:8b78b9c1f0c0500edc240db702c0017acdb5d6b4&dn=[javdb.com]第一會所新片@SIS001@(GLORY_QUEST)(GG-165)いとこの巨乳嫁_長澤あずさ; magnet:?xt=urn:btih:8cbfac0d0f95a150c1c2556b3ebd6e84ce22b3de&dn=[javdb.com]GG-165; magnet:?xt=urn:btih:91c1689ccba7e109904e22be9e7dcf5e5f6dd2f9&dn=[javdb.com]Azusa Nagasawa - Buxom wench bride of the cousin [GG-165]; magnet:?xt=urn:btih:ce4078ab856123ab5ce54d20d58da73f1ad6ecfb&dn=[javdb.com][GG-165] Azusa Nagasawa; magnet:?xt=urn:btih:f820d5c0d76a88df4c809500c1c822d5cd3506f6&dn=[javdb.com]GG-165-AVI
CRC-071 憧れの超人気AV女優『長澤あずさ』を筆おろし風俗『デリヘル 乳輪堂』で発見！,長澤あずさ,2013-02-22,CRC-071,https://javdb.com/v/wqPJz,チェリーズ,4.53,150 分鍾,magnet:?xt=urn:btih:979c79f6307289202f30e580f3ecdba88f954a2d&dn=[javdb.com]crc-071.wmv,magnet:?xt=urn:btih:0296891b6e4adda66586628a4add466efe1391a9&dn=[javdb.com]CRC-071-AVI; magnet:?xt=urn:btih:2257ea954b6abfc80db5866dfcea6ccfe4026651&dn=[javdb.com]【WRE】CRC-071 chongrenoch; magnet:?xt=urn:btih:50c75530ad4d09354194cc24ce204fe75f17c5f0&dn=[javdb.com]Azusa Nagasawa - Discover in a writing brush lowering manners and customs delivery health [CRC-071]; magnet:?xt=urn:btih:53e55430fc5b88d8e9aaa028568a0ad3a76e2ec7&dn=[javdb.com]CRC-071; magnet:?xt=urn:btih:63aca23b0fa30e467aa3ad879760ff5ef21674a6&dn=[javdb.com]第一會所新片@SIS001@(ちぇりーこーく)(CRC-071)憧れの超人気AV女優『長澤あずさ』を筆おろし風俗『デリヘル_乳輪堂』で発見！長澤あずさ; magnet:?xt=urn:btih:69d5be66619121af71190683d992716637fe52cd&dn=[javdb.com]CRC-071; magnet:?xt=urn:btih:979c79f6307289202f30e580f3ecdba88f954a2d&dn=[javdb.com]crc-071.wmv; magnet:?xt=urn:btih:b45f461d35ce05138a7f3e80793e21eaa804bd92&dn=[javdb.com]CRC-071
GOTV-001 若妻お宅訪問 長澤あずさ,長澤あずさ,2013-02-12,GOTV-001,https://javdb.com/v/y3PNW,GOT,4.22,64 分鍾,magnet:?xt=urn:btih:49026617b21e7fdbf64c2cdc23089b5cd46504d3&dn=[javdb.com]GOTV-001.mp4,magnet:?xt=urn:btih:0617d4bce3a060621843274931318800e0e053ae&dn=[javdb.com]第一會所新片@SIS001@(Bejean)(GOTV-001)若妻お宅訪問_長澤あずさ; magnet:?xt=urn:btih:49026617b21e7fdbf64c2cdc23089b5cd46504d3&dn=[javdb.com]GOTV-001.mp4; magnet:?xt=urn:btih:94802bb07fcb18447cae324bb51e6cc59f0a36ea&dn=[javdb.com]GOTV-001; magnet:?xt=urn:btih:e59ed266eddfeed7cc43ad4ec9173475205d9536&dn=[javdb.com]【WRE】GOTV-001 ruoqiozhai
SBVD-0170 Real X/長澤あずさ,長澤あずさ,2013-01-25,SBVD-0170,https://javdb.com/v/B8GZ6,彩文館出版,4.46,70 分鍾,magnet:?xt=urn:btih:855b131dbac0aed9c1267ddb99f326e9101d7e4c&dn=[javdb.com]SBVD-0170.mp4.torrent,magnet:?xt=urn:btih:0b7cf1d053f9a90705fda36e1f75b7151e509b4e&dn=[javdb.com]SBVD-0170-AV.mp4.torrent; magnet:?xt=urn:btih:114aaa3f2381a20fa4cb24cc42b60f2d701bb5b1&dn=[javdb.com]SBVD-0170.torrent; magnet:?xt=urn:btih:1cc6e3ee403effaa7e62dfa6b2aed6c4a9489133&dn=[javdb.com]SBVD-0170.torrent; magnet:?xt=urn:btih:855b131dbac0aed9c1267ddb99f326e9101d7e4c&dn=[javdb.com]SBVD-0170.mp4.torrent; magnet:?xt=urn:btih:9f18244d54d5e30706a9ff52be781fde12527a10&dn=[javdb.com]【sharemovie】【sex8.cc】sbvd-0170 -丰满的青少年女孩桃子馅饼软核.torrent; magnet:?xt=urn:btih:d3bd8a8512b9d1015b27a538db1e2debc8e18690&dn=[javdb.com][SBVD-0170] Real X-Azusa Nagasawa.torrent
TMDI-032 偷情對象是「I罩杯爆乳癡女淫亂人妻」這樣的藝術品 顯示原標題,長澤あずさ,2012-11-23,TMDI-032,https://javdb.com/v/5E2w9,バルタン,4.13,120 分鍾,magnet:?xt=urn:btih:1763f819b9011a361eae788e3a0023635d92482b&dn=[javdb.com]TMDI-032-C.torrent,magnet:?xt=urn:btih:1763f819b9011a361eae788e3a0023635d92482b&dn=[javdb.com]TMDI-032-C.torrent; magnet:?xt=urn:btih:1c993a06d04a59a193f76dca17a676c5f23d3128&dn=[javdb.com]javset.com-TMDI-032.avi; magnet:?xt=urn:btih:27484f87112e5e4e32244e55d8a7ea28f12b16ff&dn=[javdb.com]TMDI-032.avi; magnet:?xt=urn:btih:2a35fb22042c6c80e6af9add76fce4f2f559ceca&dn=[javdb.com]TMDI-032@computerking-123@www.SexInSex; magnet:?xt=urn:btih:386530b72f6a84554960ff75a54efc81fabd5f44&dn=[javdb.com][TMDI-032] Affair With a Lewd Busty Young Wife (Azusa Nagasawa [長澤あずさ]) – BALTAN.avi; magnet:?xt=urn:btih:38db09cbd1af18cbc93ed7182a7cf5b77ca15e71&dn=[javdb.com]TMDI-032 AVI@THMS; magnet:?xt=urn:btih:5116aad97aa4ad44443f083ed9c66953883b08c5&dn=[javdb.com]olo@SIS001@tmdi-032; magnet:?xt=urn:btih:69a93059a708490a6f783e24d0a3211221bc4b5b&dn=[javdb.com]olo@SIS001@tmdi-032; magnet:?xt=urn:btih:7ce3b7d331124763eed9030a8f0c2e426219fdee&dn=[javdb.com]Azusa Nagasawa - Cheating partner is the name of art called Nasty Slut Wife Tits I Cup [TMDI-032]; magnet:?xt=urn:btih:82047316beb0dbdf80501d03f699917ec02e9a1b&dn=[javdb.com]23.tmdi-032; magnet:?xt=urn:btih:99ab11bc9cb3d6942010019c71ab1e690a6d3b9e&dn=[javdb.com]tmdi-032; magnet:?xt=urn:btih:d195319da1856351795e37803af3096e5c6630a8&dn=[javdb.com]chikan@T66Y@TMDI-032; magnet:?xt=urn:btih:fc66918c724856861964cd79ffc0c5b02c060ecd&dn=[javdb.com][TMDI-032] Azusa Nagasawa – I’m Having An Affair With a Lascivious and Lewd Busty Young Wife With An I-Cup Who’s Like a Work of Art; magnet:?xt=urn:btih:fcff78a32be83dc03757a40118f1e9372352c862&dn=[javdb.com]TMDI-032-AVI
HTMS-015 69 （やる！） 長澤あずさ,長澤あずさ,2012-10-13,HTMS-015,https://javdb.com/v/E2BD0,FAプロ・プラチナ,4.53,90 分鍾,magnet:?xt=urn:btih:02b79819fc23e9019c8cf01e4395360da7c2d386&dn=[javdb.com]htms-015.wmv,magnet:?xt=urn:btih:02b79819fc23e9019c8cf01e4395360da7c2d386&dn=[javdb.com]htms-015.wmv; magnet:?xt=urn:btih:054077a2ef360c903fe0efb700f66658ebdc3019&dn=[javdb.com]HTMS-015; magnet:?xt=urn:btih:3f8ef23691c83d13812e45727512ce45367fc553&dn=[javdb.com]htms-015.wmv; magnet:?xt=urn:btih:78bcc03cd02101372bb85455d298dc721040ffce&dn=[javdb.com][Initial D] HTMS-015; magnet:?xt=urn:btih:a7470ff0fedef66bc5d7cbcbcbe839ea393bf706&dn=[javdb.com]Azusa Nagasawa - 69 (do it!) [HTMS-015]; magnet:?xt=urn:btih:d0047a19aa3d65cbff8129186dad2037c85d286c&dn=[javdb.com]htms-015
101012_446 無碼 100cm爆乳のムチムチボディ,長澤あずさ(无码),2012-10-10,101012_446,https://javdb565.com/v/rOzAv,一本道,4.45,53 分鍾,magnet:?xt=urn:btih:7220e76061e7c4c635b8536892db3abe3b9c1d7b&dn=[javdb.com]1pondo-101012_446-HD.torrent,magnet:?xt=urn:btih:19f479bb25f959c0f4c278043288c3295acecfdb&dn=[javdb.com]1pondo-101012_446-HD.torrent; magnet:?xt=urn:btih:23d92e231a20f28dd7142121ad97d5cbb73d1349&dn=[javdb.com][psk.la]1pondo-101012_446-HD; magnet:?xt=urn:btih:3cbcfa83b19e31f88ce59dde055d38db7c9cde8f&dn=[javdb.com]学霸猎艳记@第一会所@1pondo-101012_446-HD; magnet:?xt=urn:btih:68a853280350a167cc4311860fd3d41a53b1ba09&dn=[javdb.com][Uncen]1pondo 101012_446 Azusa Nagasawa – HD720.torrent; magnet:?xt=urn:btih:7220e76061e7c4c635b8536892db3abe3b9c1d7b&dn=[javdb.com]1pondo-101012_446-HD.torrent; magnet:?xt=urn:btih:7eba91170dce4a45b4d4b911b4cc9bd9808c024c&dn=[javdb.com]1pondo-101012_446-HD.torrent; magnet:?xt=urn:btih:88f45d8bd30a0c887f531ae8ccc7a0448f56bdc5&dn=[javdb.com]1pondo-101012_446-HD.avi.torrent; magnet:?xt=urn:btih:8ecdcda324b5c1f6c8dceb50efb3e61d57df70ce&dn=[javdb.com]1pondo-101012_446-HD; magnet:?xt=urn:btih:91e472dcc41643dff4294d4782654bdf56b14358&dn=[javdb.com]101012_446-1pon-whole1_hd.avi.torrent; magnet:?xt=urn:btih:c6c16592b4c9b8b7613cb5b1cd8712d57e128719&dn=[javdb.com]1pondo-101012_446-HD; magnet:?xt=urn:btih:dda4c344b1978046fd7b03bdd34ba6c40e7b09e8&dn=[javdb.com]101012_446 一本道 -長澤「100cm爆乳不禁驚訝」.torrent
ALD-569 史上最強の淫乱アイドル 長澤あずさ 二穴同時挿入・真性生中出し ゴールデンベスト4時間,長澤あずさ,2012-10-07,ALD-569,https://javdb.com/v/QVKdn,桃太郎映像出版,4.1,240 分鍾,magnet:?xt=urn:btih:8773d62d37538d7f4e3db0ff798a1b3d1afba36a&dn=[javdb.com]ALD-569.avi,magnet:?xt=urn:btih:2211761342b4407078d8f84a63d8e995f36d65d3&dn=[javdb.com]ALD-569; magnet:?xt=urn:btih:273ec45de1247ed86a51086cb5e49fe1095a4458&dn=[javdb.com]ald-569_2.wmv; magnet:?xt=urn:btih:37681a65945573fd2a2b074f7285efc7286b7ae2&dn=[javdb.com]ALD-569-MP4; magnet:?xt=urn:btih:8773d62d37538d7f4e3db0ff798a1b3d1afba36a&dn=[javdb.com]ALD-569.avi; magnet:?xt=urn:btih:adefd30f66dfec8b184195c6722c2c7e9c1a292e&dn=[javdb.com]ald-569_1.wmv; magnet:?xt=urn:btih:b6965e92412d80dab05239c8e82b45701476823c&dn=[javdb.com]ALD-569; magnet:?xt=urn:btih:d7d26cac039eb5258c746add2e502b1d243c4d41&dn=[javdb.com]公主殿下@sis001@ald-569_1; magnet:?xt=urn:btih:f4ed04477d058c7712727cbe74fa1b9090653878&dn=[javdb.com]littlefatbee@www.sexinsex.net@ALD-569
GG-110 認真過頭的爆乳家政婦 長澤梓 顯示原標題,長澤あずさ,2012-10-04,GG-110,https://javdb.com/v/XW2be,Glory Quest,4.27,135 分鍾,magnet:?xt=urn:btih:21a7f6fa049b3527fc362242e9dc9870b36b753b&dn=[javdb.com]GG-110-C.torrent,magnet:?xt=urn:btih:0e778462f1f196a5148779f855fac1ce7d4c149e&dn=[javdb.com]84.GG-110(中文字幕); magnet:?xt=urn:btih:11725219cc3a46ed1958f6ef9248fab5f0a9c0bf&dn=[javdb.com]招财小葫芦@第一會所@gg-110; magnet:?xt=urn:btih:11ba513e0ac70c4304f63208b99b3ba801017fa2&dn=[javdb.com]GG-110-AVI; magnet:?xt=urn:btih:21a7f6fa049b3527fc362242e9dc9870b36b753b&dn=[javdb.com]GG-110-C.torrent; magnet:?xt=urn:btih:258449ed6c1a8c78d12c13f44e37f0a884d770e2&dn=[javdb.com]gg-110.avi; magnet:?xt=urn:btih:2e53ebeee0c88a78d6c6c6d78e5113efd1f4b447&dn=[javdb.com]gg-110 {JAVHIT.Com}.avi; magnet:?xt=urn:btih:339836c7804e376a01a40b9a78a21162d43db6c4&dn=[javdb.com]GG-110; magnet:?xt=urn:btih:3d62cd48c0927852aaaf7b7ed1ed0f3985883691&dn=[javdb.com]GG-110.avi; magnet:?xt=urn:btih:41bd7edbe8ccd98d07fb8b6da9edec8d3b44487e&dn=[javdb.com]GG-110 超認真的爆乳女幫傭 - 長澤梓(中文字幕); magnet:?xt=urn:btih:44ec3de544f3c810dcaf5a97ee030bfab099e82b&dn=[javdb.com]javset.com-GG-110.avi; magnet:?xt=urn:btih:4597d52cf72f04faba691b3d66f277fb4699073e&dn=[javdb.com]GG-110.avi; magnet:?xt=urn:btih:4c9859643e3a69e0e0a398aa7b709ef4482907aa&dn=[javdb.com]【sharemovie】【sex8.cc】GG-110 - 彼女の仕事に専念巨乳ハウスキーパー。長澤あずさ; magnet:?xt=urn:btih:4dc10c86aec09d8c6cd407a91df6618790339521&dn=[javdb.com]【WRE】GG-110 zhenmianmuhu; magnet:?xt=urn:btih:69a73d81a8c42cf15eff2b647016a5fccdecb2ed&dn=[javdb.com]GG-110; magnet:?xt=urn:btih:74fee57bc7c79028a36fd2854ec2dbfb7d1b036e&dn=[javdb.com]GG-110(中文字幕); magnet:?xt=urn:btih:7bc79873dc74614c184f5b656ddbe4a6ae0abc01&dn=[javdb.com]gg-110.avi; magnet:?xt=urn:btih:7ffd0d2978216a1bb12c3c1f280a9966694cf431&dn=[javdb.com]happygjs-88@www.sexinsex.net@GG-110 爆乳家政妇 長澤あずさ [中文字幕]; magnet:?xt=urn:btih:8478a80a11d7125e828cd23fa3db3a8e5f5b56f8&dn=[javdb.com]im-520@SIS001@GG-110; magnet:?xt=urn:btih:975ca4ec1c64cf13795774d601d22f778a3c459f&dn=[javdb.com]GG-110-MP4; magnet:?xt=urn:btih:995a3fa0946ac79c106a5b75e52c64af4bc70b65&dn=[javdb.com]GG-110(中文字幕); magnet:?xt=urn:btih:9ff41d563ea4254f179ef158a76c29048e4a4969&dn=[javdb.com]shuangyuboy@第一會所@GG-110; magnet:?xt=urn:btih:abf4b81afb164423b002ca8665d865729138cd75&dn=[javdb.com]GG-110(中文字幕).rmvb; magnet:?xt=urn:btih:c1b987a9e0475c733127a38916cfd93b4c6eeef6&dn=[javdb.com]1002-gg-110; magnet:?xt=urn:btih:cc5a037edbfc7a9201a38771809bf5fec6a3824a&dn=[javdb.com]GG-110.長澤梓.目過ぎる爆乳家政婦 長澤あずさ; magnet:?xt=urn:btih:d4eeb2a5b8a168f233259e6a7817172b4ad15501&dn=[javdb.com]Azusa Nagasawa – Busty Housekeeper Who’s So Devoted to Her Work [GG-110].avi; magnet:?xt=urn:btih:d54f4e0744a5a895a735884ea5a18765684a78de&dn=[javdb.com]GG-110; magnet:?xt=urn:btih:de87550c0daef0e4cc16f9c1ccd79aa1e5c91b1f&dn=[javdb.com]21.gg-110; magnet:?xt=urn:btih:f9700351cea55cdf8a414c83aa926a59537310b5&dn=[javdb.com]GG-110.avi
090612_422 無碼 はだかの履歴書 長澤あずさ,長澤あずさ(无码),2012-09-06,090612_422,https://javdb565.com/v/0k23v,一本道,4.45,63 分鍾,magnet:?xt=urn:btih:faa206dae12299f34f5263d15154d6091d12e0b9&dn=[javdb.com]090612-422-C.torrent,magnet:?xt=urn:btih:038ed2d56e81b0b84e0594944f320c1c08b6b022&dn=[javdb.com]090612_422 HD; magnet:?xt=urn:btih:223f2f99256075e305f27db4c67c719d07923c9b&dn=[javdb.com]1pondo-090612_422-HD.torrent; magnet:?xt=urn:btih:24af28e8ab1ee5efeff513ffcb1fbf8ba290061f&dn=[javdb.com]090612_422 by arsenal-fan.torrent; magnet:?xt=urn:btih:2ba5c7b9581a44b22eb5d1462a7359981bdb04d8&dn=[javdb.com]1pondo-090612_422-HD; magnet:?xt=urn:btih:34436d2f724d001dcd5f0f9c3aad88f5488ac9c2&dn=[javdb.com][1Pondo] 090612_422 はだかの履歴書 長澤あずさ Azusa Nagasawa; magnet:?xt=urn:btih:354942409435ca379540e8c17e2a0df9673ad76c&dn=[javdb.com]005_3xplanet_1pondo  090612_422.avi.torrent; magnet:?xt=urn:btih:41be2555e1182ae1282196d17dc3c3d8c4d3c4d5&dn=[javdb.com]090612_422-1pon-uum96-mp4; magnet:?xt=urn:btih:5672a06c77571bd21e9865946b211214906595fd&dn=[javdb.com]pondo 090612_422 Princess collection  Azusa Nagasawa; magnet:?xt=urn:btih:5f44685075eabe19a301c18eb99524befde8c1ba&dn=[javdb.com]56.090612_422-1pon.torrent; magnet:?xt=urn:btih:684597e7f8b8f88a78032570dcafbf4258cf15e1&dn=[javdb.com]一本道 090612_422 美丽I杯爆乳 長澤 Azusa~裸體履歷書 2人轮流連続插入 3P挑戦最高潮.torrent; magnet:?xt=urn:btih:78a3a1a0cd4c5088de5725e15b83c63d8ca86097&dn=[javdb.com]滑雪板@草榴社区@一本道 090612_422 長澤あずさAzusa~裸體履歷書; magnet:?xt=urn:btih:892ea57885f5b6e04f71e6b779730ef244fa0171&dn=[javdb.com]1pondo-090612_422-HD.torrent; magnet:?xt=urn:btih:99add86113b85e3dca28226ce6e5688c2c0ac59c&dn=[javdb.com][Uncen]1pondo 090612_422 Azusa Nagasawa – HD720; magnet:?xt=urn:btih:bb35a0118ed1f735ba124b798502ced9fdf00461&dn=[javdb.com]1pondo-090612_422-HD.avi; magnet:?xt=urn:btih:c9b132fc3aca2ba6680d3a799d22c7e4b548e20c&dn=[javdb.com][psk.la]1pondo-090612_422-HD; magnet:?xt=urn:btih:d28e4ee01ef786b8d8d899548dd27fecf3327a38&dn=[javdb.com]1pondo-090612_422-HD; magnet:?xt=urn:btih:e68e0d7eae3cebddfcf299579bddfb13fe2338c1&dn=[javdb.com][高화질 노]-[나가사와 아즈사]-[1Pondo-090612_422] Azusa Nagasawa.avi; magnet:?xt=urn:btih:e7124ef7ed3ef4124c8b7be4be7e2216a32ed522&dn=[javdb.com]090612_422.torrent; magnet:?xt=urn:btih:faa206dae12299f34f5263d15154d6091d12e0b9&dn=[javdb.com]090612-422-C.torrent
MIAD-577 撥雲見日的屁眼黑洞 長澤梓 顯示原標題,長澤あずさ,2012-09-01,MIAD-577,https://javdb.com/v/PQzDr,MOODYZ,4.44,120 分鍾,magnet:?xt=urn:btih:2be143d912761301cb7dec85d05271ddf551f6cc&dn=[javdb.com]MIAD-577-C.torrent,magnet:?xt=urn:btih:00f53c9cc53c48382ef05d013135604c5f507f7f&dn=[javdb.com]shuangyuboy@第一會所@[miad-577]ぽっかりアナルブラックホール~長澤あずさ; magnet:?xt=urn:btih:04d0291a758ca9ab030f8949a3343187fa871ceb&dn=[javdb.com]miad-577.wmv; magnet:?xt=urn:btih:176fadb5a6dd2c1d8f8b6830aa3e865664f88cca&dn=[javdb.com]0902-miad-577; magnet:?xt=urn:btih:2be143d912761301cb7dec85d05271ddf551f6cc&dn=[javdb.com]MIAD-577-C.torrent; magnet:?xt=urn:btih:3330805e45f3e652b19837b617a557c15ce0bdac&dn=[javdb.com]MIAD-577.mp4; magnet:?xt=urn:btih:43e86e7032ef6418bb4e8ded3646be5786915d99&dn=[javdb.com]MIAD-577.avi; magnet:?xt=urn:btih:44c4d9f2a387a8c42af50d2c6872230a35685079&dn=[javdb.com]MIAD-577; magnet:?xt=urn:btih:486c8ece2d451a57a0b6eca0ddfc6af01493654b&dn=[javdb.com]MIAD-577.wmv; magnet:?xt=urn:btih:689f5a877085725ee80a4919f0305a628f54db6e&dn=[javdb.com]公主殿下@sis001@miad-577; magnet:?xt=urn:btih:79fe295916fe5f4ff9fce9f358b6d29db4d5111b&dn=[javdb.com]【羌管弄晴】【sex8.cc】MIAD-577後庭黑洞 長澤梓; magnet:?xt=urn:btih:865c45f2812f7de4e3fddd8419d7cf2a71a725b9&dn=[javdb.com]miad-577目瞪口呆後門sex 長澤梓; magnet:?xt=urn:btih:8bbea8d076da3403cea96678afc051c364d010e6&dn=[javdb.com][MOODYZ][miad-577].avi; magnet:?xt=urn:btih:a66c6e268d115adda563076ef70b66dbb5c1aada&dn=[javdb.com]【WRE】MIAD-577 pocukarian; magnet:?xt=urn:btih:b87b9eeb8a2d08fd61f611f56c23cc53fccd22c7&dn=[javdb.com]囍@SexInSex.net@miad-577; magnet:?xt=urn:btih:ea96d1d6b86e030ca1e8fe36bf73972d924b1006&dn=[javdb.com]MIAD-577-MP4; magnet:?xt=urn:btih:eefc9483ac539ba2a3ac15277c2f73b609b71f4f&dn=[javdb.com]MIAD-577-AVI
ALB-179 加班夜想曲 安曇 顯示原標題,長澤あずさ,2012-09-01,ALB-179,https://javdb.com/v/VwerX,胸キュン喫茶,4.52,120 分鍾,magnet:?xt=urn:btih:3d80dd0e00258d9f088d7f41509eff1b8db1694d&dn=[javdb.com][ALB-179] 残業ノクターン あずみ.torrent,magnet:?xt=urn:btih:1a834e8b0131d166bbb768a4d8f7a57f6358eaf8&dn=[javdb.com]ALB-179.wmv.torrent; magnet:?xt=urn:btih:3d80dd0e00258d9f088d7f41509eff1b8db1694d&dn=[javdb.com][ALB-179] 残業ノクターン あずみ.torrent; magnet:?xt=urn:btih:5ce6164cbc122c851f246cdac68a7fee71aeb454&dn=[javdb.com]ALB-179.wmv.torrent; magnet:?xt=urn:btih:6276e1f03d19066456498b89ad625d03003f1f46&dn=[javdb.com]alb-179.wmv.torrent; magnet:?xt=urn:btih:8d32a20e1279e09256947b0cdc0a1a31a401e8a9&dn=[javdb.com]ALB-179.mp4.torrent; magnet:?xt=urn:btih:b8826c3df31ef1acd8ae4178cd5d2ecda2611d08&dn=[javdb.com]ALB-179 加班夜想曲[中文字幕].torrent; magnet:?xt=urn:btih:c1c20d8e5549ff69a6d9026e2987e7be9b8ac158&dn=[javdb.com]ALB-179.wmv.torrent; magnet:?xt=urn:btih:ed28dc24726032444b9460dcc8051bb1e67f5e6b&dn=[javdb.com]ALB-179.torrent
SMA-632 1日だけのスぺシャルご奉仕 ファン中出し感謝祭 アナル編 長澤あずさ,長澤あずさ,2012-07-13,SMA-632,https://javdb.com/v/bA81P,マルクス兄弟,4.04,120 分鍾,magnet:?xt=urn:btih:1028d520680836a1aeef49550775db46e9af7efa&dn=[javdb.com]sma-632.wmv,magnet:?xt=urn:btih:06d81e1099e54352feea714339b2459afd3f7680&dn=[javdb.com]【WRE】SMA-632 1ridafengsh; magnet:?xt=urn:btih:1028d520680836a1aeef49550775db46e9af7efa&dn=[javdb.com]sma-632.wmv; magnet:?xt=urn:btih:4762c7dfd2dfded69f17f9e9ac1c7b50e5007816&dn=[javdb.com]SMA-632.wmv; magnet:?xt=urn:btih:5b7403d16b70df766bd84e545ecc56df83e60a16&dn=[javdb.com]公主殿下@第一會所@sma-632; magnet:?xt=urn:btih:6fd09e218314995c7d97ede02d4d412319a91e8d&dn=[javdb.com]复活126@第一会所@SMA-632; magnet:?xt=urn:btih:75afbd045a77176eab9f43b8bf43f2ec20b85764&dn=[javdb.com]【TXH】SMA-632 1ridakenosu; magnet:?xt=urn:btih:a8acb0e0cb2ef8e933953a5f2a81ef4656a80cf9&dn=[javdb.com]SMA-632 Azusa Nagasawa - Fans Visit; magnet:?xt=urn:btih:afba805cd8be5ce92f01eee0a7454a89f9441bfe&dn=[javdb.com]shuangyuboy@第一會所@[SMA-632]_1日だけのスぺシャルご奉仕_ファン中出し感谢祭_ア; magnet:?xt=urn:btih:b730e8c12b889163a91a9038f52eb26a367e3ac8&dn=[javdb.com]sma-632; magnet:?xt=urn:btih:d061fa39ea05c9461b6c82ea166acdd9765e1690&dn=[javdb.com]sma-632.wmv; magnet:?xt=urn:btih:e8b6157c92c9e9308c4a995ebb5cc7c8d43e4f28&dn=[javdb.com]#_SMA-632
RCT-418 電流アクメ 10 ～2穴アナル中出し電極責めFUCK～ 長澤あずさ,長澤あずさ,2012-07-05,RCT-418,https://javdb.com/v/nebN4,ROCKET,4.29,130 分鍾,"magnet:?xt=urn:btih:d34f84708f9cf0f496cedbc6988125ef69f1a320&dn=[javdb.com]나가사와 아즈사 Azusa Nagasawa (長澤あずさ) RCT-418 진동기, 사카시, 애널 3P.avi.torrent","magnet:?xt=urn:btih:d34f84708f9cf0f496cedbc6988125ef69f1a320&dn=[javdb.com]나가사와 아즈사 Azusa Nagasawa (長澤あずさ) RCT-418 진동기, 사카시, 애널 3P.avi.torrent"
FSET-376 美味口交→吞精與性愛 長澤梓 顯示原標題,長澤あずさ,2012-07-05,FSET-376,https://javdb.com/v/O2JG8,アキノリ,4.5,180 分鍾,magnet:?xt=urn:btih:f673c0ce06f7bfc933579c5988c9f7aa8df8597d&dn=[javdb.com]FSET-376.avi,magnet:?xt=urn:btih:2a6e41411f53192b344bfbda3df4d02de97d14f6&dn=[javdb.com]FSET-376 Azusa Nagasawa - Sex The Blowjob To Cum; magnet:?xt=urn:btih:47a96a96b64454910c983a2541f59284246c6064&dn=[javdb.com]【淫满魔女】FSET-376 YINMAN; magnet:?xt=urn:btih:650875adf1e23dd82252989ce785023d96be3fb0&dn=[javdb.com]FSET-376.mp4; magnet:?xt=urn:btih:91e1a935bdf7b593e32d37a097e4ff320c80a13e&dn=[javdb.com]FSET-376 AVI; magnet:?xt=urn:btih:956cf3a23266521e414021c10ac5ecc760437104&dn=[javdb.com]FSET-376; magnet:?xt=urn:btih:c2ef6d42dee891750fb71fd82b3ff7f46a5cf17f&dn=[javdb.com]公主殿下@第一會所@FSET-376; magnet:?xt=urn:btih:cda4ab38bcc6b30dfe6a16eb8d5741ca42da9fb4&dn=[javdb.com]FSET-376.avi; magnet:?xt=urn:btih:dc5f7cc6ac151e712bdcec9e7f207b2ff29421a6&dn=[javdb.com]Azusa Nagasawa - Sex Then Blowjob To Cum [FSET-376].mp4; magnet:?xt=urn:btih:f673c0ce06f7bfc933579c5988c9f7aa8df8597d&dn=[javdb.com]FSET-376.avi; magnet:?xt=urn:btih:faecb9e2107a9c15f6c9c885ef86ff690ff9a143&dn=[javdb.com]im-520@www.SexInSex.net@FSET-376; magnet:?xt=urn:btih:ff1e4ffe2bd692dcfa78ebaf989c56d4cf121370&dn=[javdb.com]Jav.li_fset-376
WNZ-468 二穴中出しFUCK 長澤あずさ,長澤あずさ,2012-06-15,WNZ-468,https://javdb.com/v/NwVDZ,ワンズファクトリー,4.19,120 分鍾,magnet:?xt=urn:btih:e363245924aaf28adc50eccbc9bae3d4a8e2ffe5&dn=[javdb.com]wnz-468.rar,magnet:?xt=urn:btih:0734fafffe9abc772e2d0b5f8b1ab362823a15d2&dn=[javdb.com]WNZ-468; magnet:?xt=urn:btih:184199455bae26605ec68767463110674972a496&dn=[javdb.com]复活126@第一会所@WNZ-468; magnet:?xt=urn:btih:49bf6a977060255ccddcbe6d92c405e64e38055f&dn=[javdb.com]Azusa Nagasawa - Double Penetration Fuck [WNZ-468].wmv; magnet:?xt=urn:btih:617183f73c5862929afc1167a3ad1f04ed0a73c3&dn=[javdb.com]wnz-468; magnet:?xt=urn:btih:ad2e07e3394e695af4c1d7d8f146f13c106666d9&dn=[javdb.com]WNZ-468.wmv; magnet:?xt=urn:btih:be4b75351bc8bae806c2f8c7c193b6307a1e1928&dn=[javdb.com]WNZ-468 Azusa Nagasawa - Double Penetration Fuck; magnet:?xt=urn:btih:dead9a6c686888e93a59ba922980cf7747e5eb87&dn=[javdb.com]WNZ-468 Azusa Nagasawa - Double Penetration Fuck; magnet:?xt=urn:btih:e363245924aaf28adc50eccbc9bae3d4a8e2ffe5&dn=[javdb.com]wnz-468.rar
KUMD-013 スーパーデジタルモザイク AZUSA 絶叫！！全穴貫通入れっぱなし！！極上SOAP×アナルFUCK×浣腸,長澤あずさ,2012-06-07,KUMD-013,https://javdb.com/v/GMyDJ,桃太郎映像出版,4.52,150 分鍾,magnet:?xt=urn:btih:e46d95f5cb877d85e4719019bb61fe3d147b3a9b&dn=[javdb.com]kumd-013.wmv,magnet:?xt=urn:btih:0583f31baab93a4606dc169295081411d0facfe6&dn=[javdb.com]第一會所新片@SIS001@(DUKE)(KUMD-013)スーパーデジタルモザイク_AZUSA_絶叫！！全穴貫通入れっぱな; magnet:?xt=urn:btih:a1b7c5c1def56882836b18be7ed669b5bf79a258&dn=[javdb.com]Azusa Nagasawa - Highest SOAP X Anal FUCK X Enema [KUMD-013]; magnet:?xt=urn:btih:c24a939c37ca4a58c5f55f5e2f72b7812eb82910&dn=[javdb.com]复活126@第一会所@KUMD-013; magnet:?xt=urn:btih:c7572a0abb670aa59f8469c698d4a7e17f313e9a&dn=[javdb.com]KUMD-013 スーパーデジタルモザイク 絶叫！！全穴貫通入れっぱなし！！極上SOAP×アナルFUCK×浣腸 AZUSA 長澤あずさ; magnet:?xt=urn:btih:e46d95f5cb877d85e4719019bb61fe3d147b3a9b&dn=[javdb.com]kumd-013.wmv
ZONO-065 豐滿的爆乳少妻不善拒絕被人狂幹到爽！ 長澤梓 顯示原標題,長澤あずさ,2012-05-25,ZONO-065,https://javdb.com/v/9DMP6,Fantasista,4.3,120 分鍾,magnet:?xt=urn:btih:5ba0d890f6e56712daf56fa4ec07e7a7e13637b1&dn=[javdb.com]Azusa Nagasawa – Busty Young Wife’s Boobs Get Felt Up and Being So Easy [ZONO-065],magnet:?xt=urn:btih:020a40366884dfc0060c79ab091f3e5e66f620ac&dn=[javdb.com]ZONO-065 AVI; magnet:?xt=urn:btih:0257fa9d4249f572562268bef12e0c0889c9ad5c&dn=[javdb.com]【WRE】ZONO-065 baoruruoao; magnet:?xt=urn:btih:116e6cc0d320a748ef70a21c5854af64b338b3d0&dn=[javdb.com]ZONO-065-MP4; magnet:?xt=urn:btih:1677a439bbbf775849f5c9ba8f4b6a6acda86482&dn=[javdb.com]公主殿下@第一會所@ZONO-065; magnet:?xt=urn:btih:3c6e0b95484a59910281959383bb3463c920552d&dn=[javdb.com]ZONO-065-MP4; magnet:?xt=urn:btih:56a3f24c10eec475579e891c35c94dcd01a0e426&dn=[javdb.com]ZONO-065; magnet:?xt=urn:btih:5ba0d890f6e56712daf56fa4ec07e7a7e13637b1&dn=[javdb.com]Azusa Nagasawa – Busty Young Wife’s Boobs Get Felt Up and Being So Easy [ZONO-065]; magnet:?xt=urn:btih:d415e5a4da61d846cc5de178307eebed6f98a9d5&dn=[javdb.com]Azusa Nagasawa – Busty Young Wife’s Boobs Get Felt Up and Being So Easy [ZONO-065].avi; magnet:?xt=urn:btih:ed601d91c6dddc17e96db8cc8d64dc308024ea6a&dn=[javdb.com]luosheng-920@ZONO-065_FHD
SERO-0127 息子のチ○ポが夢精する瞬間を見た母はもうガマンできない 長澤あずさ,長澤あずさ,2012-05-25,SERO-0127,https://javdb.com/v/8VpnV,EROTICA,4.48,115 分鍾,magnet:?xt=urn:btih:9b33d89180ada2d6c3839c3af4cd12cd168ab90c&dn=[javdb.com]sero-127-C.torrent,magnet:?xt=urn:btih:0f11cfb51be965f20117317958bf29eff9cf5789&dn=[javdb.com]SERO-0127 看见儿子喷精而无法忍耐的淫荡巨乳母亲 长泽梓 中文字幕版本+高清版; magnet:?xt=urn:btih:279d8c90e2f26e00a71b2411599b1ecce076cc49&dn=[javdb.com]+++SERO-0127; magnet:?xt=urn:btih:304417a8da8795471593a20d0481a03c8185afbe&dn=[javdb.com]SERO-0127; magnet:?xt=urn:btih:330c96476b3769e3ece6e735d455f36ca46ee6ae&dn=[javdb.com]sero-0127.avi; magnet:?xt=urn:btih:4c7c88450ea84aa4b6da6030b86b7fa84b83c282&dn=[javdb.com]SERO-0127; magnet:?xt=urn:btih:6cd9bb78c318a8cbe6502026ba7a525535872018&dn=[javdb.com]【WRE】SERO-0127 xizipogam; magnet:?xt=urn:btih:861a496d27dbef63d99cf2049347f68e16eed44b&dn=[javdb.com][SERO-0127] Nagasawa Azusa [Azusa Nagasawa Mother Saw The Moment Of His Son]; magnet:?xt=urn:btih:9330c5b46aa479d23e0aace394a6b79af13d9b46&dn=[javdb.com]SERO-0127; magnet:?xt=urn:btih:955aad6512edfcacfa39d8e2459ac1086efa6862&dn=[javdb.com]SERO-0127 看见儿子喷精而无法忍耐的淫荡巨乳母亲 长泽梓 中文字幕版本+高清版; magnet:?xt=urn:btih:9b33d89180ada2d6c3839c3af4cd12cd168ab90c&dn=[javdb.com]sero-127-C.torrent; magnet:?xt=urn:btih:9f86ae91a15c8314ee023f6a61ab9ca547f0f758&dn=[javdb.com]SERO-0127; magnet:?xt=urn:btih:9fed0aa2ee2cd892cf3a52b21a1066a726ea04ce&dn=[javdb.com]SERO-0127; magnet:?xt=urn:btih:a3df2415baab47d93343a75d6e7830b39eea2907&dn=[javdb.com]SERO-0127; magnet:?xt=urn:btih:ad66711b0eb4f423bf19e7e15bca3d06d710b896&dn=[javdb.com]SERO-0127; magnet:?xt=urn:btih:b2dca584aa4a538c515e401bc3ccf02fd95b981b&dn=[javdb.com]sero-0127.avi; magnet:?xt=urn:btih:b6b30412c33ebbd9abfe6aeb3996c8413cd4b54f&dn=[javdb.com]+++SERO-0127; magnet:?xt=urn:btih:bc22b9a85d5a9544b291e26adb0e7f6f0b2a3cbf&dn=[javdb.com]SERO-0127
DJE-029 ナカダシby女教師 長澤あずさ,長澤あずさ,2012-05-18,DJE-029,https://javdb.com/v/76Zgb,ワープエンタテインメント,4.3,130 分鍾,magnet:?xt=urn:btih:887ec340c8adbc657fd15296da55894eb3f6df57&dn=[javdb.com]DJE-029.wmv,magnet:?xt=urn:btih:00208a4267fa0cb08d3c3086c4ca65bbddaf7b0e&dn=[javdb.com]#_DJE-029; magnet:?xt=urn:btih:049de8ec1fcf0bd33772b31fab3f1a8998843336&dn=[javdb.com]im-520@www.SexInSex.net@DJE-029; magnet:?xt=urn:btih:216bdbc385cc868c81f48bed7249c6ca3c887127&dn=[javdb.com]DJE-029.長澤梓.カダシby女教師 長澤あずさ; magnet:?xt=urn:btih:81286ab5dc0dce64c609b041a1f5e18e0dd46ddb&dn=[javdb.com]DJE-029_1Mbps; magnet:?xt=urn:btih:887ec340c8adbc657fd15296da55894eb3f6df57&dn=[javdb.com]DJE-029.wmv; magnet:?xt=urn:btih:8acbd5526219b6320f90b886a1321f09dfc26525&dn=[javdb.com]DJE-029.wmv; magnet:?xt=urn:btih:9eee0b84a851ec278bd1b66e283284cb7bd39da5&dn=[javdb.com]SIS001@DJE-029; magnet:?xt=urn:btih:a8694d2c6ec1fb827dec895b76dad8cf6265f8b1&dn=[javdb.com]DJE-029 AVI; magnet:?xt=urn:btih:b7913a4c0253ff0b7e9b31018bd14324fd99a36a&dn=[javdb.com]DJE-029; magnet:?xt=urn:btih:e9d3e950f62ddd1b23087d5b12d5d27ba7d39a07&dn=[javdb.com]luosheng-920@DJE-029_HD; magnet:?xt=urn:btih:fba75864664e87d5f67edcf889d7f1452eae677e&dn=[javdb.com]DJE-029
MYWIFE-163 竹沢遥,長澤あずさ,2012-05-13,MYWIFE-163,https://javdb.com/v/VPn3D,N/A,4.0,102 分鍾,magnet:?xt=urn:btih:8b21251f8fe2c77e82d8e8390d1c2116f5de9575&dn=[javdb.com]Mywife No00381 竹沢遥(长泽梓) Haruka Takezawa 罕见的I罩杯，100cm胸围的超巨乳黑丝美人妻,magnet:?xt=urn:btih:8b21251f8fe2c77e82d8e8390d1c2116f5de9575&dn=[javdb.com]Mywife No00381 竹沢遥(长泽梓) Haruka Takezawa 罕见的I罩杯，100cm胸围的超巨乳黑丝美人妻
CETD-019 純白的新娘屁眼處女喪失 在丈夫面前被侵犯！！ I罩杯長澤梓處女屁眼悶騷三穴同時狂插到翻白眼挑戰極限！ 顯示原標題,長澤あずさ,2012-05-13,CETD-019,https://javdb.com/v/ZXZGV,セレブの友,4.47,156 分鍾,magnet:?xt=urn:btih:499b4e6c0506505f7e612774d6538eea6a1a3ea6&dn=[javdb.com]CETD-019.wmv,magnet:?xt=urn:btih:27a1d660f6ae44f63a3f2985e2275c001c4f7c5d&dn=[javdb.com]第一會所新片@SIS001@(セレブの友)(CETD-019)Iカップ100-cm長澤あずさ処女アナル悶絶三穴同時ファック白目を剥いて限界に挑戦！; magnet:?xt=urn:btih:4948e60230a7a7d9b1dab8b212818925f31b1f72&dn=[javdb.com]CETD-019; magnet:?xt=urn:btih:499b4e6c0506505f7e612774d6538eea6a1a3ea6&dn=[javdb.com]CETD-019.wmv; magnet:?xt=urn:btih:88936330a72f2c62ce9b5fdaff9df032fe11d3ca&dn=[javdb.com]CETD-019; magnet:?xt=urn:btih:8eb1b9a3f758c5707b5eaf8ca38c4057b2a580c6&dn=[javdb.com]CETD-019; magnet:?xt=urn:btih:8fa24705e58950ba478c21ed24ec043185b67068&dn=[javdb.com]【WRE】CETD-019 Ikacupu-100; magnet:?xt=urn:btih:97609b95ad193970416a58ec5ebc6a3f7298646f&dn=[javdb.com]CETD-019-AV.wmv; magnet:?xt=urn:btih:a3578da39386da1199cd1463cdad2d8410759567&dn=[javdb.com]CETD-019.wmv
FSET-367 對女友的好朋友中出的我 長澤梓 顯示原標題,長澤あずさ,2012-05-10,FSET-367,https://javdb.com/v/YnYWp,アキノリ,4.31,125 分鍾,magnet:?xt=urn:btih:038f652f97e27ffdb79250ac2303bfc56ccd03e9&dn=[javdb.com]FSET-367-C.torrent,magnet:?xt=urn:btih:038f652f97e27ffdb79250ac2303bfc56ccd03e9&dn=[javdb.com]FSET-367-C.torrent; magnet:?xt=urn:btih:277306cf5267c2d8838d55f0b6c4da0079917dc4&dn=[javdb.com]FSET-367; magnet:?xt=urn:btih:791d3dabd588fb0b718a26552ec8e8285b7bbac3&dn=[javdb.com]Jav.li_FSET-367; magnet:?xt=urn:btih:7a17eb38ac7e438c7950c0a0ca2454ac2dbd41cc&dn=[javdb.com]FSET-367 長澤あずさ-彼女の親友に中出ししちゃった俺 .avi; magnet:?xt=urn:btih:ab2f288581b6b8ec893eca81039c83d2936b640c&dn=[javdb.com]im-520@www.SexInSex.net@FSET-367; magnet:?xt=urn:btih:c44dfbc5df1dec50618fee18dc2e782016db0bc4&dn=[javdb.com]Azusa Nagasawa - I Had to Put in to Her Best Friend [FSET-367].avi; magnet:?xt=urn:btih:ca295cf087591dfb49c0d2a45cd1a5d97529b927&dn=[javdb.com]FSET-367_HD; magnet:?xt=urn:btih:d34b173b86d6ebf91e01ae80103e5fc8bab89397&dn=[javdb.com]FSET-367-MP4; magnet:?xt=urn:btih:fc5ba58d0df530daea04050e175627fafb509e46&dn=[javdb.com]FSET-367 AVI
SMD-55 無碼 S Model 55 : 長澤梓 顯示原標題,長澤あずさ(无码),2012-05-10,SMD-55,https://javdb565.com/v/8XDV5,スーパーモデルメディア,4.28,180 分鍾,magnet:?xt=urn:btih:cb3ca33b6030313d87bc9f495224e07bf41ea0d0&dn=[javdb.com]【YMMV】SMD-55.torrent,"magnet:?xt=urn:btih:3cabd6eea7d9cb494ca3264441685481408ef8da&dn=[javdb.com]学霸猎艳记@第一会所@SMD-55; magnet:?xt=urn:btih:441342f6d9bdf7400190930f15a2e75846d685a2&dn=[javdb.com]guanlong69@第一会所@SMD-55巨乳的中出 长泽梓; magnet:?xt=urn:btih:5636dfe33a99bb59894b163719258b1c32803807&dn=[javdb.com]SMD-55-長澤 Azusa~H罩杯美爆乳 輪姦淫亂29連發; magnet:?xt=urn:btih:57ab097788e5b7bd7c1e39acd3c0200622a0611c&dn=[javdb.com]SMD-55-AVI; magnet:?xt=urn:btih:637872b0489350739ce8e264ad53c7e7d6e33049&dn=[javdb.com]55.SMD-55; magnet:?xt=urn:btih:7b46b31b559c83dc288ed70406a36e9fe785345e&dn=[javdb.com]SMD-55 S Model 55 長澤あずさAzusa~淫亂爆乳惡戲29連發-AVI; magnet:?xt=urn:btih:bd60c295925a010163fb085b0d2ae900fc028f49&dn=[javdb.com]목구멍 Deep Throat (gachig140,Fluid,SMD-55) [떡붕어]; magnet:?xt=urn:btih:cb3ca33b6030313d87bc9f495224e07bf41ea0d0&dn=[javdb.com]【YMMV】SMD-55.torrent; magnet:?xt=urn:btih:d96ce13d0a369de02c4a01009031d97b7e4b2a12&dn=[javdb.com][email protected]@@店长推荐作品 SMD-55 萝莉塔爆乳美女 长泽あずさAzusa~淫乱爆乳恶戏29连发高潮N遍不止 3时间総集编.torrent; magnet:?xt=urn:btih:e071556ab810da5353b31efeb3d430f55575e202&dn=[javdb.com]【MONV】SMD-55 YINMAN; magnet:?xt=urn:btih:e1a926717cb4614794a029ecd6507e6f3dc63aa4&dn=[javdb.com]SMD-55 店長推薦作品 S Model 55 巨乳孃長澤あずさAzusa 淫亂爆乳惡戲29連發.torrent; magnet:?xt=urn:btih:fa724c5ddad249680cceabfda835d9165f508827&dn=[javdb.com]59.SMD-55.torrent"
SMBD-55 無碼 S Model 55 : 長澤梓 (藍光版) 顯示原標題,長澤あずさ(无码),2012-05-04,SMBD-55,https://javdb565.com/v/9dJD5,スーパーモデルメディア,4.59,180 分鍾,magnet:?xt=urn:btih:1e7d7915d319e51418ecae9bad58312868618353&dn=[javdb.com]smbd-55-C.torrent,magnet:?xt=urn:btih:1e7d7915d319e51418ecae9bad58312868618353&dn=[javdb.com]smbd-55-C.torrent; magnet:?xt=urn:btih:368afc451f518ad8fa3dc0ea25291fdad29e2af8&dn=[javdb.com][FHD]SMBD-55; magnet:?xt=urn:btih:4815d33c3e5ae224207e00acf36f90c0f411f04a&dn=[javdb.com]28.SMBD-55; magnet:?xt=urn:btih:99f6f33afd3a967e57abfe462c94280aea9851d4&dn=[javdb.com]SMBD-55 S Model 55-Azusa Nagasawa (Blu-ray) {18iso.com} [1080p].mp4; magnet:?xt=urn:btih:9e9d1098f76ea299dda8aaaee73f87331591cd52&dn=[javdb.com][BD]SMBD-55; magnet:?xt=urn:btih:b3c1411a38138bd7d19ffd47eebde102b6b6adee&dn=[javdb.com]SMBD-55-HD; magnet:?xt=urn:btih:fc27d0e87d8945b5686335024ad55f2c64a7e240&dn=[javdb.com][JAV] [Uncensored] SMBD-55 [1080p]
ZONO-062 EDEN 密室グラマラス AZUSA,長澤あずさ,2012-04-25,ZONO-062,https://javdb.com/v/vDn8n,Fantasista,4.09,120 分鍾,magnet:?xt=urn:btih:1572a79a093ca26e81c873ddc92d1db9832ddfa8&dn=[javdb.com]ZONO-062.torrent,magnet:?xt=urn:btih:1572a79a093ca26e81c873ddc92d1db9832ddfa8&dn=[javdb.com]ZONO-062.torrent
VSPDS-636 奥さん昼間からベランダで中出しSEXしませんか？ 出産後まもない身体は感度炸裂！中出し早漏妻,長澤あずさ,2012-04-21,VSPDS-636,https://javdb.com/v/qDVwM,V＆Rプロダクツ,4.25,120 分鍾,magnet:?xt=urn:btih:c0db48633bfc916810b37235a7e39f90c8729843&dn=[javdb.com]03.VSPDS-636.torrent,magnet:?xt=urn:btih:0c102646b5d2937895ef6012f56f0f4e2781830c&dn=[javdb.com]VSPDS-636.mp4; magnet:?xt=urn:btih:343422014827da70fd4a3853ef6b815b339427e3&dn=[javdb.com]VSPDS-636; magnet:?xt=urn:btih:8bcaa402678e86273551141daa1915c99118da28&dn=[javdb.com]VSPDS-636.torrent; magnet:?xt=urn:btih:c0db48633bfc916810b37235a7e39f90c8729843&dn=[javdb.com]03.VSPDS-636.torrent; magnet:?xt=urn:btih:d5df2b37a7c4ad5ccab60bb7fff3a5f33504db56&dn=[javdb.com]Azusa Nagasawa - Cream Pie Sex on Veranda in the Daytime [VSPDS-636].avi.torrent
042112_322 無碼 ヒメコレ 高級ソープへようこそ19,長澤あずさ(无码),2012-04-21,042112_322,https://javdb565.com/v/M64VJ,一本道,4.43,66 分鍾,magnet:?xt=urn:btih:55536cd41f22e5d020c8e7258977cce9da50a2e5&dn=[javdb.com][7sht.me]042112_322-C,magnet:?xt=urn:btih:06c21a09f3b6336d421c98648107b017bbdedb1d&dn=[javdb.com]1pondo-042112_322-HD.torrent; magnet:?xt=urn:btih:09309777dd15771b12a591107504a8d8dee14baf&dn=[javdb.com]mmklp@第一会所@1Pondo-042112_322] 長澤; magnet:?xt=urn:btih:0ab8fd7e7ad7c84ad5666135157081dfca7c6495&dn=[javdb.com]1pondo-042112_322.torrent; magnet:?xt=urn:btih:133bd120066e3cb8e1e9a112e094dab45d5f8feb&dn=[javdb.com]1pondo-042112_322-HD; magnet:?xt=urn:btih:1e4baee8f2de10dc7b8d40035c407a58d28c9274&dn=[javdb.com]042112_322-1pondo-720P; magnet:?xt=urn:btih:2472161933cfb2af19febbf7f64eaedd3362a3cd&dn=[javdb.com]【淫满魔女】042112_322 歡迎來到高級泡姬會所第19彈.torrent; magnet:?xt=urn:btih:332a1ef63dfc596e6e71de1cb0e3e8f3bce63e40&dn=[javdb.com]1pondo-042112_322-Azusa Nagasawa.HD720p; magnet:?xt=urn:btih:33abd11663810475458d3089b779c95fa9f09c21&dn=[javdb.com][psk.la]042112_322-1pon_hd; magnet:?xt=urn:btih:3c6ba148d2bfc7f4a9837b598a975a12b912a3df&dn=[javdb.com]一本道 1pondo-042112_322 長澤あずさAzusa 驚異103cm美爆乳天國 歡迎來到高級SOP19; magnet:?xt=urn:btih:3d3e0bd6c4770f95809836b21a5461e7c3ae0fc7&dn=[javdb.com]最新一本道 042112_322 長澤Azusa~歡迎來到高級SOP 19~.torrent; magnet:?xt=urn:btih:4e1c745fa468dd3ada82a4e85f2a16e6b130db86&dn=[javdb.com][1Pondo] 042112_322 Princess Collection-Azusa Nagasawa.avi; magnet:?xt=urn:btih:51ae6788dfdc975a9165640f12c9e5a3f0cdb1e2&dn=[javdb.com]1pondo-042112_322-HD; magnet:?xt=urn:btih:55536cd41f22e5d020c8e7258977cce9da50a2e5&dn=[javdb.com][7sht.me]042112_322-C; magnet:?xt=urn:btih:944c1e918838ff4fe5479d20278aa88b2a36da89&dn=[javdb.com]学霸猎艳记@第一会所@1pondo-042112_322-HD.torrent; magnet:?xt=urn:btih:a2a91aba52624c37d0fdd29c1fbfe14ab6837289&dn=[javdb.com]1pondo-042112_322-長澤あずさ.avi; magnet:?xt=urn:btih:b0090fd3b887d396797fc0e1a220e4c5c019075b&dn=[javdb.com]olo@SIS001@1pondo-042112_322; magnet:?xt=urn:btih:ba8efee88546ddb44bca8c8cf89c018a3384f3de&dn=[javdb.com]1pondo-042112_322-HD.avi; magnet:?xt=urn:btih:c1980b0e17cba41fe0c75d906ae9598b6802107b&dn=[javdb.com]042112_322-1pon.-uum96-mp4; magnet:?xt=urn:btih:cb8a62c995eed4c66bf81459a6b555474ecc17eb&dn=[javdb.com]1pondo-042112_322-HD; magnet:?xt=urn:btih:cdd42caa6385cf3aa0fea18a249a0e412d37fc9a&dn=[javdb.com]28.042112_322-1pon.torrent; magnet:?xt=urn:btih:e5346800d4892bff9dfeb1faf0caee13188c9d47&dn=[javdb.com]1pondo-042112_322-HD.torrent; magnet:?xt=urn:btih:fd5021bb02670cf6a87668398db5fbfe4853667e&dn=[javdb.com]【ses23.com】042112_322-1pon
MIGD-450 噴精中出屁眼性愛！ 長澤梓 顯示原標題,長澤あずさ,2012-04-13,MIGD-450,https://javdb.com/v/1BPpd,MOODYZ,4.51,120 分鍾,magnet:?xt=urn:btih:6171351c3c7b8cd0f5ddc353f12bdf329fb01962&dn=[javdb.com]migd-450-C.torrent,magnet:?xt=urn:btih:1efa0b82f745ce9e2f9f4341e113a5d605187dd7&dn=[javdb.com]MIGD-450-AVI; magnet:?xt=urn:btih:1fcb8872c6c4d90c3e95cc7941b27b7535729db6&dn=[javdb.com]MIGD-450 (HD); magnet:?xt=urn:btih:21bbbf74d64cf253607660cd2f431cf668de4e1b&dn=[javdb.com]MIGD-450 (HD); magnet:?xt=urn:btih:2c056a266a08fb92b402d281e58fe8bf38f086e1&dn=[javdb.com]huchen-110@www.SexInSex.net@MIGD-450; magnet:?xt=urn:btih:5fa416f8cfb7f1c722f7a5ad457d7763fbd250e6&dn=[javdb.com]Azusa Nagasawa – Bukkake Nakadashi Anal Fuck! [MIGD-450].avi; magnet:?xt=urn:btih:6171351c3c7b8cd0f5ddc353f12bdf329fb01962&dn=[javdb.com]migd-450-C.torrent; magnet:?xt=urn:btih:80f510655eaa8cd51253e32e0fe02acdc4add6db&dn=[javdb.com]0411-dioguitar-23@18p2p@migd-450; magnet:?xt=urn:btih:88c0d6a48453d202ef8e076fc005bc47928a88ae&dn=[javdb.com]MIGD-450@oldman; magnet:?xt=urn:btih:942aa934bc5e89c7ac187e05dc0fe4b3186eaabc&dn=[javdb.com]MIGD-450.avi; magnet:?xt=urn:btih:98fae011519b79ff4a2335ff7c608de0a78cde8f&dn=[javdb.com]MIGD-450; magnet:?xt=urn:btih:a1f65e2fe8704d9bb5330ea7444afd9a4cd07686&dn=[javdb.com]0411-migd-450; magnet:?xt=urn:btih:a9f6bf49666dc21da84bd392353c8e66190cafbd&dn=[javdb.com]MIGD-450; magnet:?xt=urn:btih:b15576ccf18b6a1ef3eb0acc7be1d31ee686de01&dn=[javdb.com]im-520@www.SexInSex.net@MIGD-450; magnet:?xt=urn:btih:b5f8cfea6295669282fa3cbce3f9b9226ffcb929&dn=[javdb.com]【WRE】MIGD-450 bucukakezh; magnet:?xt=urn:btih:cccf4c9d734528ae81242e290618c722a55c6595&dn=[javdb.com]MIGD-450; magnet:?xt=urn:btih:e55a973ce9f3eae4f67e8d8d768b5d024d467708&dn=[javdb.com]复活126@第一会所@MIGD-450; magnet:?xt=urn:btih:e5d184ed0d0d3896fc34d745e5bc325a6efbc67c&dn=[javdb.com]第一會所新片@SIS001@(MOODYZ)(MIGD-450)ぶっかけ中出しアナルFUCK！_長澤あずさ_Azusa_Nagasawa_1; magnet:?xt=urn:btih:fdccd9a011cd827594b545b83787f3ec689b9c90&dn=[javdb.com]MIGD-450
EKDV-235 長澤梓幫你開苞 顯示原標題,長澤あずさ,2012-04-06,EKDV-235,https://javdb.com/v/2a7My,クリスタル映像,4.44,120 分鍾,magnet:?xt=urn:btih:41a2ee343ffceec5be596fb168a41858c5cfdeab&dn=[javdb.com]Azusa Nagasawa – Azusa’s Cherry Breaking [EKDV-235].avi,magnet:?xt=urn:btih:109cd3ec3801f4aa4be17688c9a6cf38bc9051cb&dn=[javdb.com]0405-ekdv-235; magnet:?xt=urn:btih:112d94f6c145cdf34a4ed75da17c2f7dcb4ede8d&dn=[javdb.com]EKDV-235 AVI; magnet:?xt=urn:btih:22b058941670d9df910204b779cdace4e3358a98&dn=[javdb.com]ekdv-235; magnet:?xt=urn:btih:41a2ee343ffceec5be596fb168a41858c5cfdeab&dn=[javdb.com]Azusa Nagasawa – Azusa’s Cherry Breaking [EKDV-235].avi; magnet:?xt=urn:btih:6c70ea27753609851ebf222c75eb59e731f58437&dn=[javdb.com]【TXH】EKDV-235 zhangzeazu; magnet:?xt=urn:btih:d9a61dc4583be367f544320c106c1cc73e1adaf2&dn=[javdb.com]0405-ekdv-235; magnet:?xt=urn:btih:db9a11a2c9cb0a11c913d0a65e79930fc1cd7f0b&dn=[javdb.com]happygjs-88@www.sexinsex.net@EKDV-235 爆乳美妹長澤梓帮处男开苞 让处男領略性愛的美妙
TT-019 女体液 長澤あずさ,長澤あずさ,2012-03-15,TT-019,https://javdb.com/v/eKGQM,Glory Quest,4.48,120 分鍾,magnet:?xt=urn:btih:475c33b8667cac4716a18c84dbe47532b0bab258&dn=[javdb.com]TT-019.mkv.torrent,magnet:?xt=urn:btih:475c33b8667cac4716a18c84dbe47532b0bab258&dn=[javdb.com]TT-019.mkv.torrent; magnet:?xt=urn:btih:60668ab2526cf7b0a6dba8a59814cb773a57906a&dn=[javdb.com]TT-019 FHD NW R 아즈사나가사와.mp4; magnet:?xt=urn:btih:7d0b5c872e653aabe29570bdc187e130dd2ef096&dn=[javdb.com]TT-019.torrent; magnet:?xt=urn:btih:895e30644909ef54f44453fd067d7d40dbbe7197&dn=[javdb.com]TT-019; magnet:?xt=urn:btih:b1dbd0f9cf451a69055af1ca9d4b8f9ab5100eef&dn=[javdb.com]TT-019.mkv.torrent; magnet:?xt=urn:btih:b6b6372381a2732cb718bc52eec624825a53260c&dn=[javdb.com]TT-019.mkv.torrent.torrent
BDD-07 黒人巨大粗屌 VS 前寫真偶像 長澤梓 24歲 顯示原標題,長澤あずさ,2012-03-10,BDD-07,https://javdb.com/v/65Yyn,グローバルメディアエンタテインメント,4.28,120 分鍾,magnet:?xt=urn:btih:cd1dc4b1360da041b7e59993ced111b0de3d660c&dn=[javdb.com]【TXH】BDD-07 heirenjudama.torrent,magnet:?xt=urn:btih:108e8d72e62879b7f170c6ae9f7aac66a43aec03&dn=[javdb.com]BDD-07; magnet:?xt=urn:btih:1251a4c149a68ef129b822d6dce77501f202cc44&dn=[javdb.com][email protected]@BDD-07.torrent; magnet:?xt=urn:btih:555f0f4b22550336d260508a9acdb5540caeaedc&dn=[javdb.com]【淫满魔女】BDD-07 FGEDFWET; magnet:?xt=urn:btih:6f0dad505bb4dd724f07b10f022136d4b78bd061&dn=[javdb.com]BDD-07 黒人巨大肉棒 VS 原雜志模特 無限制插入 長澤 24歳.torrent; magnet:?xt=urn:btih:8e85d7b0685ff3962c6160bd4cdd333fc3af043a&dn=[javdb.com]Azusa Nagasawa - Black Dude Very Big Dicks vs Former Gravure Idol [BDD-07].avi; magnet:?xt=urn:btih:cc9d19c7d6b4083e50fc7fcf8276510b57bd115c&dn=[javdb.com]【贴心话】【sex8.cc】BDD-07 黒人巨大マラ VS 元グラビアアイドル 長澤あず(中文字幕).torrent; magnet:?xt=urn:btih:cd1dc4b1360da041b7e59993ced111b0de3d660c&dn=[javdb.com]【TXH】BDD-07 heirenjudama.torrent
UKTK-001 生ハメされる受付嬢 1,長澤あずさ,2012-02-25,UKTK-001,https://javdb.com/v/wKqB1,豊彦,4.47,115 分鍾,magnet:?xt=urn:btih:8edbb99d7db32c5c625be837c471845ec04c9c1a&dn=[javdb.com]UKTK-001,magnet:?xt=urn:btih:51358444606e0f3562a0e5b1c644a567bad74995&dn=[javdb.com]UKTK-001; magnet:?xt=urn:btih:8edbb99d7db32c5c625be837c471845ec04c9c1a&dn=[javdb.com]UKTK-001
VGD-097 卑猥なGカップ 長澤あずさ,長澤あずさ,2012-02-25,VGD-097,https://javdb.com/v/Bz8pr,HMJM,4.48,140 分鍾,magnet:?xt=urn:btih:9a66ed172795fb0e2f9f17dc6b36917be8502f3f&dn=[javdb.com]VGD-097 AVI.torrent,magnet:?xt=urn:btih:755f374a1f97a3a7f09b9ef4c744055a85d608b3&dn=[javdb.com]VGD-097 卑猥なGカップ 長澤あずさ[2012-02-25]; magnet:?xt=urn:btih:9a66ed172795fb0e2f9f17dc6b36917be8502f3f&dn=[javdb.com]VGD-097 AVI.torrent; magnet:?xt=urn:btih:b4a6e150e9addee0d019d9b0a61b5ad98b03ed11&dn=[javdb.com]VGD-097.rar.torrent; magnet:?xt=urn:btih:bbd14431487fd0376c22c225efd3f644521d52c0&dn=[javdb.com]VGD-097.avi.torrent
HBAD-175 受不了巨乳媳婦的誘惑，公公忍不住持續進攻 長澤梓 顯示原標題,長澤あずさ,2012-02-23,HBAD-175,https://javdb.com/v/yxryZ,ヒビノ,4.38,120 分鍾,magnet:?xt=urn:btih:551aaa1cefbd0d40f101dec63cd8061ab8e9b382&dn=[javdb.com]HBAD-175-C.torrent,magnet:?xt=urn:btih:1889b7f8c02ea79aa65386aa837ae485e6128222&dn=[javdb.com]【淫满魔女】HBAD-175 DSFWER; magnet:?xt=urn:btih:1fac4be41c03fb35550f4014db86f60112b3273a&dn=[javdb.com]HBAD-175 VI; magnet:?xt=urn:btih:306b2fa29f966cc89f34e730b01271b8ef0318d3&dn=[javdb.com]0223-hbad-175; magnet:?xt=urn:btih:379b332e7133570381bd2818919fc17bd324b569&dn=[javdb.com]HBAD-175 Azusa Nagasawa 시아버지의 계략 [한글자막]; magnet:?xt=urn:btih:4450a8357926dbb627e216667c08c373e05300e1&dn=[javdb.com]hbad-175-ch; magnet:?xt=urn:btih:506a474fc27353967f7d719d96c3eec2f2787864&dn=[javdb.com]123.HBAD-175; magnet:?xt=urn:btih:551aaa1cefbd0d40f101dec63cd8061ab8e9b382&dn=[javdb.com]HBAD-175-C.torrent; magnet:?xt=urn:btih:5c49973073baf1c5c41788375f0e1369cb0e01ef&dn=[javdb.com]xuerui-810405@www.sexinsex.net@HBAD-175; magnet:?xt=urn:btih:613eb5e96a6045db7838c7d33b40e038b3d11495&dn=[javdb.com]HBAD-175 巨乳嫁の躰に我慢できない义父は入れて欲しがるまで攻め続けた 长泽あずさ.rmvb; magnet:?xt=urn:btih:667007d81325c513c127243bce24fa5ac2aeacdb&dn=[javdb.com]07.hbad-175; magnet:?xt=urn:btih:6cf3101118fc958da35016005dee3ddcc31a37fb&dn=[javdb.com]0104-M34-HBAD-175; magnet:?xt=urn:btih:70b9303b46bd8b9a9cfe2aa4252ecb4ceac94b64&dn=[javdb.com]HBAD-175; magnet:?xt=urn:btih:9d03fbd87067eba57cd9a03cd31ab554c25431c4&dn=[javdb.com]【贴心话】【sex8.cc】HBAD-175 巨乳嫁の躰に我慢できない義父は入れて欲し(中文字幕); magnet:?xt=urn:btih:af6b554b14ba1d77d54afc4f5ba638daf7cb27e4&dn=[javdb.com]HBAD-175.長澤梓.巨乳嫁の躰に我慢できない義父は入れて欲しがるまで攻め続けた 長澤あずさ; magnet:?xt=urn:btih:c030a0dd3a0afeaea60ae4217b828544fe6209c2&dn=[javdb.com]【TXH】HBAD-175 jurujianot; magnet:?xt=urn:btih:d2a6bb6efff130a6eccdb44a919c07baa76321ab&dn=[javdb.com]HBAD-175-MP4; magnet:?xt=urn:btih:d3fb578f6cc29ad18eb3eb25777b4a8ac80e11df&dn=[javdb.com][N]hbad-175巨乳嫁躰我慢義父欲sex 長澤; magnet:?xt=urn:btih:e665a809392f8712a0731048ee8945f13ea3b88a&dn=[javdb.com]HBAD-175 HD NW R 아즈사나가사와.mp4; magnet:?xt=urn:btih:f244f260034a048b44178bdbe899452c8858e2ed&dn=[javdb.com]HBAD-175.avi; magnet:?xt=urn:btih:f46f74b528ab624a49357269ab8bca5eba2f534e&dn=[javdb.com]HBAD-175; magnet:?xt=urn:btih:fb2b376e2bc0c343a85b9e828d0dc5bcfdc934ec&dn=[javdb.com]HBAD-175-DVD
SMA-606 旦那の目の前でアナル凌辱されながらアクメ顔を晒す若妻 長澤あずさ,長澤あずさ,2012-02-13,SMA-606,https://javdb.com/v/OX2wv,マルクス兄弟,4.1,120 分鍾,magnet:?xt=urn:btih:2eab633107c18f9227900eac1dc8cada9ed03eda&dn=[javdb.com]SMA-606.avi,magnet:?xt=urn:btih:05ba4f4ae0749bcf623897153bd2c3830a8fc9fb&dn=[javdb.com]SMA-606; magnet:?xt=urn:btih:0890959c46679efdcd2482614951694c7c54d4b2&dn=[javdb.com]sma-606; magnet:?xt=urn:btih:0d890b483fef800859f0da5b4139c7fa4375ea4d&dn=[javdb.com]SMA-606 在先生眼前被淩辱示眾的若妻 長澤あずさ; magnet:?xt=urn:btih:1069d4e77b58e2acc489128de6e7f22898eb7229&dn=[javdb.com]SMA-606 アナル凌辱す若妻 長澤あずさ; magnet:?xt=urn:btih:27a7ae9733524623aee2409988b04d4af2666ffc&dn=[javdb.com]SMA-606 Anal Orgasm While Being Humiliated in Front of Husband; magnet:?xt=urn:btih:2eab633107c18f9227900eac1dc8cada9ed03eda&dn=[javdb.com]SMA-606.avi; magnet:?xt=urn:btih:3eee133198b96142ce0cf8b0a04072142bf452b2&dn=[javdb.com]【TXH】SMA-606 dannanomuno; magnet:?xt=urn:btih:761d27a1e80d7f9b7ed42d4148d82a7ee628096a&dn=[javdb.com]SMA-606; magnet:?xt=urn:btih:7839b2ce1abacb526867632ba80626b6786c7388&dn=[javdb.com]西門吹水 @ www.sexinsex.net @ SMA-606 アナル凌辱す若妻 長澤あずさ; magnet:?xt=urn:btih:79826ba4669ada3f1b2614611a49f21ae953c132&dn=[javdb.com]SMA-606 Anal Orgasm While Being Humiliated in Front of Husband
MDYD-667 強制不穿奶罩生活 長澤梓 顯示原標題,長澤あずさ,2012-02-13,MDYD-667,https://javdb565.com/v/z4Kg7,溜池ゴロー,4.3,120 分鍾,magnet:?xt=urn:btih:9e2ee328a6e1f1aa5ec1fe1339c5fd6d04dd5ec6&dn=[javdb.com]mdyd-667-C.torrent,magnet:?xt=urn:btih:34aee128e3f12ebcbbd6feafc82057c67a4b0dad&dn=[javdb.com]0211-mdyd-667; magnet:?xt=urn:btih:4edd6a31af296767f188f861ce3a207711b8cae0&dn=[javdb.com]MDYD-667; magnet:?xt=urn:btih:5743d419863cc7409f3c39fd4dc57c7ece4d39c8&dn=[javdb.com]【TXH】MDYD-667 qiangzhino; magnet:?xt=urn:btih:94ec641b3b77df18eb34112191264dbd46bdeb26&dn=[javdb.com]MDYD-667; magnet:?xt=urn:btih:9e2ee328a6e1f1aa5ec1fe1339c5fd6d04dd5ec6&dn=[javdb.com]mdyd-667-C.torrent; magnet:?xt=urn:btih:a457dce04fc0a5fb662a7392a54104e225ede78e&dn=[javdb.com]mdyd-667; magnet:?xt=urn:btih:bd7487632aae7c5fd053eb4165cd162a4e9d51f7&dn=[javdb.com]MDYD-667 Forced to Go Daily Without Wearing a Bra; magnet:?xt=urn:btih:cfd35c602cc829011355e21cee1c80f98fb8c639&dn=[javdb.com]MDYD-667 AVI; magnet:?xt=urn:btih:ec3d6d427e77fae8e54035366ac7e86dd84ba9e2&dn=[javdb.com]MDYD-667
WNZ-423 ノーモザイクアナルFUCK 連続アクメ拷問 長澤あずさ,長澤あずさ,2012-02-01,WNZ-423,https://javdb.com/v/nKeXe,ワンズファクトリー,4.3,130 分鍾,magnet:?xt=urn:btih:dd72ccdac2ab86b38c1f7add3708c00c8e184188&dn=[javdb.com]Azusa Nagasawa Continuous Torture Orgasm Anal FUCK (WNZ-423).wmv,magnet:?xt=urn:btih:488af58c9aab21a1e036f858c8e471dc0809b1e2&dn=[javdb.com]复活126@第一会所@WNZ-423; magnet:?xt=urn:btih:535343184706037e2bedaf9a6ba5b50d05df61ba&dn=[javdb.com]xiaose9831@第一会所@WNZ-423; magnet:?xt=urn:btih:55f1109307bd956557077d2c1e4ab025bbc2078d&dn=[javdb.com]xiaose-9831@第一会所@WNZ-423; magnet:?xt=urn:btih:5f6e64b4c9950ab4030d955a12b361c4924c5fc4&dn=[javdb.com]wnz-423; magnet:?xt=urn:btih:8c2fa2d2e3da8eb407555699f207809e155c4dd4&dn=[javdb.com]复活126@第一会所@WNZ-423; magnet:?xt=urn:btih:b39d2043f09327953118a82a092eb35afce91447&dn=[javdb.com]WNZ-423.wmv; magnet:?xt=urn:btih:dd72ccdac2ab86b38c1f7add3708c00c8e184188&dn=[javdb.com]Azusa Nagasawa Continuous Torture Orgasm Anal FUCK (WNZ-423).wmv; magnet:?xt=urn:btih:deee2f2793a59f9f5b595505147073e953967b7d&dn=[javdb.com]WNZ-423.wmv; magnet:?xt=urn:btih:e956f15ca023eea1ad23c0ce36745eef808da72e&dn=[javdb.com]xiaose-9831@第一会所@WNZ-423
MCSR-058 中出人妻不倫之旅 22 顯示原標題,長澤あずさ,2012-01-25,MCSR-058,https://javdb.com/v/7y6NB,ビッグモーカル,4.25,120 分鍾,magnet:?xt=urn:btih:4582fe6af8e6c596ec5ea96ae4a59deb59b82ae1&dn=[javdb.com]MCSR-058,magnet:?xt=urn:btih:192f5db7e2be42c23e7c2fa8be72cd3df48ee319&dn=[javdb.com]38.MCSR-058; magnet:?xt=urn:btih:1944653f1a32a87fbec4d0cac33233b1cc5cdcae&dn=[javdb.com]im-520@www.SexInSex.net@MCSR-058; magnet:?xt=urn:btih:1ef4ae82648af7edfa41351281b96df3313c1573&dn=[javdb.com][susun]mcsr-058 中出し人妻不倫旅行 22; magnet:?xt=urn:btih:2d3edbfb74da7630a13edf68108e0cbbce55ee84&dn=[javdb.com]MCSR-058; magnet:?xt=urn:btih:34cf8b67a9d2f65b74d18f8a327c27cb6b073e87&dn=[javdb.com]MCSR-058; magnet:?xt=urn:btih:370c23cb655dc277daa5da8aeda33b558192a83d&dn=[javdb.com]forum.japanadultvideos.com-MCSR-058; magnet:?xt=urn:btih:3b2df9e1c26e6028b761959a358fdcae9b4d8d0b&dn=[javdb.com]MCSR-058; magnet:?xt=urn:btih:4582fe6af8e6c596ec5ea96ae4a59deb59b82ae1&dn=[javdb.com]MCSR-058; magnet:?xt=urn:btih:45b73aa63fc9887f0e74f6f38fb50bdfa451710b&dn=[javdb.com]MCSR-058 中出し人妻不倫旅行 22 長澤あずさ; magnet:?xt=urn:btih:4e2aba1a2364d6b852d0f990014bba78fb86e97f&dn=[javdb.com]02.mcsr-058; magnet:?xt=urn:btih:53e5fa857fc76e450d5c3a985f2e7152bd9f6603&dn=[javdb.com]0123-mcsr-058; magnet:?xt=urn:btih:571e3790c73e264122d3aabecb3ae8609bc09a32&dn=[javdb.com]MCSR-058; magnet:?xt=urn:btih:757e801d8406ef5108892027a037d05cdea644cf&dn=[javdb.com]【TXH】MCSR-058 zhongchusi; magnet:?xt=urn:btih:85fd692991c41ca6df99988121a5692f9855bc28&dn=[javdb.com]16.mcsr-058; magnet:?xt=urn:btih:a5fe5b218cce6fc981a6d451f1b567814c416ab1&dn=[javdb.com]八神@MCSR-058; magnet:?xt=urn:btih:c15b9d390309b81ff667036a4aba155b9f75386c&dn=[javdb.com]mcsr-058; magnet:?xt=urn:btih:df4ec42024435a8ee446ffc2ca29390fa17a9b72&dn=[javdb.com]MCSR-058
EKDV-219 長澤梓的跟家教來一砲 顯示原標題,長澤あずさ,2012-01-20,EKDV-219,https://javdb.com/v/e8Kyp,クリスタル映像,4.22,120 分鍾,magnet:?xt=urn:btih:3398473a250f8ba814abb4a51495ce8b4c8e6f4b&dn=[javdb.com]EKDV-219-C.torrent,magnet:?xt=urn:btih:07afb6c08276ed770cc81aded61ed41d5f1f7d03&dn=[javdb.com]EKDV-219.長澤梓.長澤あずさの家庭教師でしようよ; magnet:?xt=urn:btih:08b8f457bb24bb40fad21bf1ec519e0f82003776&dn=[javdb.com]EKDV-219.avi; magnet:?xt=urn:btih:1d7258fa020b147377eae768ed7e9c237eed9611&dn=[javdb.com]EKDV-219.HD; magnet:?xt=urn:btih:302d2f95a938d95391b9d7ec859617f1849b02cd&dn=[javdb.com]0118-ekdv-219; magnet:?xt=urn:btih:3398473a250f8ba814abb4a51495ce8b4c8e6f4b&dn=[javdb.com]EKDV-219-C.torrent; magnet:?xt=urn:btih:5a043db7931ab56e8d17eb3f3ca22a0a6702cfbc&dn=[javdb.com]EKDV-219 AVI; magnet:?xt=urn:btih:5ccdfc03858cbf77c7e39f2732011f16afa178ff&dn=[javdb.com]ekdv-219; magnet:?xt=urn:btih:5ecdfbfd073719781ed2d1e52bf4673a1d4a2167&dn=[javdb.com]0118-ekdv-219; magnet:?xt=urn:btih:6943d538d1d74554bd891af49709dcbea208e84b&dn=[javdb.com]EKDV-219; magnet:?xt=urn:btih:699d0924a0893a5b5484d71406f00ad252f05a6d&dn=[javdb.com]EKDV-219; magnet:?xt=urn:btih:958f8e04b304bf851e48b275b86001afabfa49fe&dn=[javdb.com]EKDV-219; magnet:?xt=urn:btih:98667b62d77b0c88e1d061afabbeb9424e95cbac&dn=[javdb.com]EKDV-219; magnet:?xt=urn:btih:9c42d4ec6f49cafafbeabcd145ac587003faece3&dn=[javdb.com]ekdv-219; magnet:?xt=urn:btih:ace46ed0f448c2699f239dac2d11b704bbd40346&dn=[javdb.com]Miss.Azusa.Is.A.Boin.Teacher.EKDV-219.Jav.Censored.DVDRip.XviD-MotTto; magnet:?xt=urn:btih:b4c1e3e733667d21af4be61792b5af049c7a968a&dn=[javdb.com]EKDV-219 長澤あずさの家庭教師でしようよ●.mp4; magnet:?xt=urn:btih:b619fe5a5da78d5133ed8c0ec7728160f9163926&dn=[javdb.com]05.ekdv-219; magnet:?xt=urn:btih:c95d76f0b7f970b164719dd043bcee3f6dc3cf15&dn=[javdb.com]EKDV-219-AVI; magnet:?xt=urn:btih:cb360c8e10f4bf5d1d800de2b87f4dfa534eaaf9&dn=[javdb.com]Miss.Azusa.Is.A.Boin.Teacher.EKDV-219.Jav.Censored.DVDRip.XviD-MotTto; magnet:?xt=urn:btih:d5966aa99a473c73858d2694ceccbd08d63cf6ce&dn=[javdb.com]tanw或yk-3325@EKDV_219; magnet:?xt=urn:btih:e5c92a066b63cc05d9ac634ed94764358337c5f4&dn=[javdb.com]22.ekdv-219; magnet:?xt=urn:btih:e792575f3794fb10412f8731aa84c81062782c10&dn=[javdb.com]ekdv-219 長澤あずさの家庭教師でしようよ; magnet:?xt=urn:btih:fce88a7055ba73a66b4fd1fc761349736ee676be&dn=[javdb.com]EKDV-219 長澤あずさの家庭教師でしようよ
AKHO-026 雪村春樹全集 18 長澤あずさ,長澤あずさ,2012-01-13,AKHO-026,https://javdb.com/v/qADeP,赤ほたるいか/妄想族ブラックレーベル,4.14,120 分鍾,magnet:?xt=urn:btih:fd2aea7166ae7ba9d5b1b349c3e8d41f12d42f7c&dn=[javdb.com]AKHO-026.mp4.torrent,magnet:?xt=urn:btih:fd2aea7166ae7ba9d5b1b349c3e8d41f12d42f7c&dn=[javdb.com]AKHO-026.mp4.torrent
AKND-025 真性中出し 穴女 長澤あずさ,長澤あずさ,2012-01-07,AKND-025,https://javdb.com/v/2maRq,桃太郎映像出版,4.22,160 分鍾,magnet:?xt=urn:btih:657b6a49abab0bb6becb5184673f6b24cc051c8e&dn=[javdb.com]AKND-025 真性中出し 穴女 長澤あずさ,magnet:?xt=urn:btih:2ecfe0adbe5865a2b401c25a22e3fb0fbbbef523&dn=[javdb.com]im-520@www.SexInSex.net@AKND-025; magnet:?xt=urn:btih:3126b7ee02c85fea44e50b9824b26d6b11594388&dn=[javdb.com]AKND-025; magnet:?xt=urn:btih:3713b3842dfdf4cbcd30fa55f428d149ea21ee95&dn=[javdb.com]真性中出し 穴女 長澤あずさAKND-025.rar; magnet:?xt=urn:btih:657b6a49abab0bb6becb5184673f6b24cc051c8e&dn=[javdb.com]AKND-025 真性中出し 穴女 長澤あずさ; magnet:?xt=urn:btih:f355a794fc7cb4e9afd10172520d4c6c21dae9c1&dn=[javdb.com]xiaose-9831@第一会所@AKND-025
WPP-041 豊乳中出し 第四十壱章,長澤あずさ,2012-01-05,WPP-041,https://javdb.com/v/Mbmd1,KI Planning,4.45,115 分鍾,magnet:?xt=urn:btih:8b3beabe7c3effbcd7d73a713e5bfaa38731aec4&dn=[javdb.com]WPP-041.wmv,magnet:?xt=urn:btih:8b3beabe7c3effbcd7d73a713e5bfaa38731aec4&dn=[javdb.com]WPP-041.wmv
NAMA-006 ぶっかけ中出しのできる高級洗体ソープへようこそ 長澤あずさ,長澤あずさ,2012-01-01,NAMA-006,https://javdb.com/v/kK4zz,ナマドル,4.14,120 分鍾,magnet:?xt=urn:btih:839bf33199fccdf21502d7bdb8c1e239a04d2a47&dn=[javdb.com]nama-006,magnet:?xt=urn:btih:839bf33199fccdf21502d7bdb8c1e239a04d2a47&dn=[javdb.com]nama-006
123011_246 無碼 隠しきれない挑発ボディ,長澤あずさ(无码),2011-12-30,123011_246,https://javdb565.com/v/292ZZ,一本道,4.48,61 分鍾,magnet:?xt=urn:btih:137042c1cd94a5e2d95cf5e849c9709a1fdb8dd1&dn=[javdb.com]1pondo-123011_246-HD.torrent,magnet:?xt=urn:btih:137042c1cd94a5e2d95cf5e849c9709a1fdb8dd1&dn=[javdb.com]1pondo-123011_246-HD.torrent; magnet:?xt=urn:btih:14c416174ff3cb68814e13593c63a312fc6fbdd7&dn=[javdb.com]一本道 123011_246; magnet:?xt=urn:btih:2a84fa43d728eb00f8cf6ebce6078048c19928cf&dn=[javdb.com]一本道123011_246-長澤あずさAzusa~ I-CUP 100CM 乳神; magnet:?xt=urn:btih:335db2cb60b2fe6722597c0e0cdcd32ed1367ed1&dn=[javdb.com]30.123011_246-1pon.torrent; magnet:?xt=urn:btih:44eac52f84282acb40bf0f62f194ec008864e9dd&dn=[javdb.com]大吉大利@第一會所@123011_246-1pon-whole1_hd.torrent; magnet:?xt=urn:btih:45f15d2e58b54d11f89f097683f6e81528ce79b0&dn=[javdb.com]123011_246.torrent; magnet:?xt=urn:btih:4e82942f9a82e005aedeed459c07eb17f41f4c78&dn=[javdb.com]1pondo-123011_246-HD; magnet:?xt=urn:btih:4ef062400a37ed238ec8457e9ea42d4aff14f36a&dn=[javdb.com]1pondo-123011_246-HD; magnet:?xt=urn:btih:6cee6f6e35a02f421224b74e35e52d0e8e7a72d4&dn=[javdb.com]18-123011_246-1pon-ALL; magnet:?xt=urn:btih:75db53b47e2d0f6442d98ed3d15eb6f205f12caf&dn=[javdb.com]123011_246 by arsenal-fan; magnet:?xt=urn:btih:89c3c226a4137f984dd394cf65ca012ef91cd849&dn=[javdb.com]1pon 123011_246 Nagasawa Azusa.mp4; magnet:?xt=urn:btih:93592645eb6e6d75960fa286800c800b3d8143ef&dn=[javdb.com]1pondo-123011_246-HD; magnet:?xt=urn:btih:b20d6a4c555cdc1e2311f80d5b73cf0057a2c882&dn=[javdb.com]一本道 123011_246 挑発性欲情爆乳娘 長澤Azusa I-CUP 100CM乳神!.torrent; magnet:?xt=urn:btih:b93d1927977e72d79ec901b6c208e2249715b97c&dn=[javdb.com]1pondo-123011_246-HD; magnet:?xt=urn:btih:cc5e7c24d1bb2421826dcfd78752bdf2c8579fde&dn=[javdb.com]123011_246.torrent; magnet:?xt=urn:btih:ce995d6ba5036886dd1bb6934944664c1bfae3cc&dn=[javdb.com]123011_246 挑発性欲情爆乳娘 長澤Azusa I-CUP 100CM乳神; magnet:?xt=urn:btih:e42c813d96149f4ea14cec4c777caf2b3954cfc1&dn=[javdb.com][psk.la]1pondo-123011_246-HD; magnet:?xt=urn:btih:f8470e930abdcc1def145588a099dda341b73d8b&dn=[javdb.com][Uncen]1pondo 123011_246 Azusa Nagasawa – HD720
120611-879 無碼 キャットウォークポイズン 49,長澤あずさ(无码),2011-12-06,120611-879,https://javdb565.com/v/EvE32,カリビアンコム,4.44,57 分鍾,magnet:?xt=urn:btih:0f71d728fd4184ecb9e3d7b6bf779105fef80d7b&dn=[javdb.com][J-Uncen_Carib-120611-879_HD]---[SS ไม่ตรงนะครับ---แต่ ... .torrent,magnet:?xt=urn:btih:0f71d728fd4184ecb9e3d7b6bf779105fef80d7b&dn=[javdb.com][J-Uncen_Carib-120611-879_HD]---[SS ไม่ตรงนะครับ---แต่ ... .torrent; magnet:?xt=urn:btih:225ea56e8b91fcd3bafbe1c1c7841633f315a5cf&dn=[javdb.com]14.120611-879-carib.torrent; magnet:?xt=urn:btih:2f50edbc053d5d0dcf61393854d3906568237910&dn=[javdb.com]Carib-120611-879-HD; magnet:?xt=urn:btih:31df07b7cd53ffc6166523b6a52a0e1f4b3151cb&dn=[javdb.com][psk.la]Carib-120611-879-HD; magnet:?xt=urn:btih:51256224db437eabbd4cdaa91c7a710368b854bf&dn=[javdb.com]加勒比 Carib-120611-879 萝莉系美少女 100CM不可抗拒的超爆乳威力 長澤あずさAzusa.torrent; magnet:?xt=urn:btih:51e06bbcdd956ed85dec6098abd4f629cac8abba&dn=[javdb.com][Uncen]Caribbeancom 120611-879 Azusa Nagasawa – HD720.torrent; magnet:?xt=urn:btih:80147a84adf209c05dc33064e0d010a5271530d8&dn=[javdb.com]120611-879 加勒比２０１１投票 単品部門勝利-長澤あずさ; magnet:?xt=urn:btih:a64e4acf25ad179a64ea9e081fe629389273f07a&dn=[javdb.com]120611-879; magnet:?xt=urn:btih:c1f39abeed1c7fbb8726dd54ed61b9b510168ae0&dn=[javdb.com]120611-879 by arsenal-fan; magnet:?xt=urn:btih:d2e6841313acce3b329507097448efa163357c1b&dn=[javdb.com]Carib-120611-879-HD; magnet:?xt=urn:btih:e0b00133a39bc59b8cdf95b9a5dd3841672dbbda&dn=[javdb.com]Carib-120611-879-HD
VAGU-018 連續高潮近親相姦～不斷高潮的媽媽～ 長瀬梓 顯示原標題,長澤あずさ,2011-11-19,VAGU-018,https://javdb.com/v/RkdrR,VENUS,4.15,85 分鍾,magnet:?xt=urn:btih:0c888e981fc9f0ff51fd5197f2ee5a6c38e84a70&dn=[javdb.com]VAGU-018-C.torrent,"magnet:?xt=urn:btih:0c888e981fc9f0ff51fd5197f2ee5a6c38e84a70&dn=[javdb.com]VAGU-018-C.torrent; magnet:?xt=urn:btih:0dd87ced071cd1572c7b36c9e84687207e6edf2d&dn=[javdb.com]VAGU-018 AVI; magnet:?xt=urn:btih:23e24bde0de6a662d504882a6708152782611b84&dn=[javdb.com]VAGU-018; magnet:?xt=urn:btih:2479601303ad86fa8b21f70173f14e86b2d29337&dn=[javdb.com]vagu-018-ch; magnet:?xt=urn:btih:311982b7be12b565fef544bc6f242bdf9d154895&dn=[javdb.com]VAGU-018-DVD; magnet:?xt=urn:btih:4c80fe3d7a3da152217da25a461ff1c7d925e204&dn=[javdb.com]VAGU-018 AVI; magnet:?xt=urn:btih:4ff6cee081e61948860e42243d51e56603ff3bd1&dn=[javdb.com][susun]VAGU-018 巨乳淫乱人妻，跟儿子老公搞3P还射进去～长泽あずさ; magnet:?xt=urn:btih:5a0f4cfe318b7e02a3dc3fee62c6eae484612c27&dn=[javdb.com]happygjs-88@www.sexinsex.net@VAGU-018巨乳淫乱人妻,跟儿子老公搞3P还射进去～长泽あずさ; magnet:?xt=urn:btih:76d4f71c28bff039ea9f31244497f5ff6d130613&dn=[javdb.com]Azusa Nagasawa - Incest Mother Continuous Orgasm [VAGU-018].avi; magnet:?xt=urn:btih:816d56cd8e0af1b31c3c6802186ffa1e3953a06e&dn=[javdb.com]VAGU-018 Azusa Nagasawa; magnet:?xt=urn:btih:94a03d11166aaad31ca061f88a3b2ecd0533731d&dn=[javdb.com]VAGU-018 連続アクメ近親相姦～ひたすらイキまくる母～ 長瀬あずさ; magnet:?xt=urn:btih:ae99daeca18c870043929ad7e443d467aa8d07c8&dn=[javdb.com]VAGU-018 AVI; magnet:?xt=urn:btih:cf9d19b385c1dc6acf7fdc0dcfa5e531186d2ed8&dn=[javdb.com]VAGU-018-MP4; magnet:?xt=urn:btih:e48c818a741f885fb5130d0fcb0d04dccadeade6&dn=[javdb.com]huchen-110@www.SexInSex.net@VAGU-018; magnet:?xt=urn:btih:ec6444dd071021ba3d5f343c0eec868e5693c893&dn=[javdb.com]VAGU-018 – 【新作】 連続アクメ近親相姦～ひたすらイキまくる母～ 長澤あずさ.rar; magnet:?xt=urn:btih:ec888c419cbe2917c43fe9d0f1a3eb9aca01e53d&dn=[javdb.com]xuerui-810405@www.sexinsex.net@VAGU-018"
HBAD-166 我年過五十看到繼女的巨乳和成熟的肉體忍不住動手了 長澤梓 顯示原標題,長澤あずさ,2011-11-19,HBAD-166,https://javdb.com/v/mOeqd,ヒビノ,4.23,120 分鍾,magnet:?xt=urn:btih:3b110154c2133d8204c42aed808a0625549d4bad&dn=[javdb.com]hbad-166-C.torrent,magnet:?xt=urn:btih:0e68478f016d276a41425e6a6966d14c0d39dd99&dn=[javdb.com]HBAD-166.長澤梓.俺は50過ぎて連れ子の巨乳で大人びた躰に我慢できなくなって手込めにした 長澤あずさ; magnet:?xt=urn:btih:1c2dfeb8ba23ef6d26dda500218059e5dac0e621&dn=[javdb.com]HBAD-166 AVI; magnet:?xt=urn:btih:2d0d448413e9b172ba771e988307c0de557be8b2&dn=[javdb.com]HBAD-166; magnet:?xt=urn:btih:3b110154c2133d8204c42aed808a0625549d4bad&dn=[javdb.com]hbad-166-C.torrent; magnet:?xt=urn:btih:4c8d0fdd7d1801adcced106dc25a2067c8f7018a&dn=[javdb.com]HBAD-166; magnet:?xt=urn:btih:79df91c9473b2f280d5529a01c3906646beb068e&dn=[javdb.com]HBAD-166 俺は50過ぎて連れ子の巨乳で大人びた躰に我慢できなくなって手込めにした 長澤あずさ; magnet:?xt=urn:btih:afc685ea7274b4a0f709def65cc65b4dce8b6e47&dn=[javdb.com]HBAD-166 俺は50過ぎて連れ子の巨乳で大人びた躰に我慢できなくなって手込めにした 長澤あずさ; magnet:?xt=urn:btih:b6d8df3d68052941243ed71f6ba04743355d6ff8&dn=[javdb.com]【ystylt】【sex8.cc】HBAD-166; magnet:?xt=urn:btih:c862ab4fb89edada189fc878d3d26974bda429ac&dn=[javdb.com]hbad-166-ch; magnet:?xt=urn:btih:cee3bfbce780ea687ae24b31df4936b626a49cf2&dn=[javdb.com]HBAD-166; magnet:?xt=urn:btih:e938910a00d037692eebc8e4fc417a603683bc96&dn=[javdb.com]HBAD-166 AVI; magnet:?xt=urn:btih:f4d22bcfbc03d144430f0fd02bbe3711660ad4d7&dn=[javdb.com]HBAD-166 俺は50過ぎて連れ子の巨乳で大人びた躰に我慢できなくなって手込めにした 長澤あずさ
EKDV-207 無盡的性高潮 子宮腦下垂體 長澤梓 絕頂侵犯 顯示原標題,長澤あずさ,2011-11-18,EKDV-207,https://javdb.com/v/yxrMr,クリスタル映像,4.23,120 分鍾,magnet:?xt=urn:btih:95aeb9f2f21a73ee6945009f50b02ae494991b48&dn=[javdb.com]EKDV-207-C.torrent,magnet:?xt=urn:btih:1755f1f722b46ea70f36fc1eb61dfdea2fd5e75a&dn=[javdb.com]EKDV-207; magnet:?xt=urn:btih:1ac9575544b27bafb774f3cb3459b45596b23579&dn=[javdb.com]shuangyuboy@第一會所@EKDV-207; magnet:?xt=urn:btih:1d7f48f49838dfcd3af1dd2920f9308a71e4ce88&dn=[javdb.com]EKDV-207 NON STOP ORGASM ポルチオエンドルフィン 長澤あずさ 絶頂侵犯; magnet:?xt=urn:btih:2431835f7718bf2d33e048f3f3dbebb263bf336d&dn=[javdb.com]EKDV-207 AVI; magnet:?xt=urn:btih:5e85125fa371525c310f9706ac3a7b3eec16f05d&dn=[javdb.com]EKDV-207 AVI; magnet:?xt=urn:btih:80ee477335ccf3536d89b2aec0ec5e0cb0acf610&dn=[javdb.com]EKDV-207 NON STOP ORGASM ポルチオエンドルフィン 長澤あずさ 絶頂侵犯; magnet:?xt=urn:btih:95aeb9f2f21a73ee6945009f50b02ae494991b48&dn=[javdb.com]EKDV-207-C.torrent; magnet:?xt=urn:btih:a90f2b21ccf2a1c624ce6de6517faaeb61fab30f&dn=[javdb.com][EKDV-207] NON STOP ORGASM ポルチオエンドルフィン 長澤あずさ 絶頂侵犯; magnet:?xt=urn:btih:b9b5bef8d7ea6321472f63d46d4b818a9182312a&dn=[javdb.com]EKDV-207-MP4; magnet:?xt=urn:btih:c3ee62a2721eaa397257ac2f874628d72950b957&dn=[javdb.com][susun]EKDV-207 ポルチオエンドルフィン 長澤あずさ 絶頂侵犯; magnet:?xt=urn:btih:f73e091c021fd5b26ce1576decde989d440291a3&dn=[javdb.com]javset.com-EKDV-207.avi
111511_216 無碼 けしからん爆乳娘と激イカせ3P,長澤あずさ(无码),2011-11-15,111511_216,https://javdb565.com/v/gOz2m,一本道,4.49,64 分鍾,magnet:?xt=urn:btih:53aebdcb3f6a45d9e61bac5c4f25e06ab289c928&dn=[javdb.com]1pondo-111511_216-HD.torrent,magnet:?xt=urn:btih:0da50b27d21858dfa5004e7f3e0b4bc63ec90b51&dn=[javdb.com][Uncen]1pondo 111511_216 Azusa Nagasawa – HD720; magnet:?xt=urn:btih:12e8f8e014a952bce602f56c577e425940fbf1ba&dn=[javdb.com]1pondo-111511_216-HD.torrent; magnet:?xt=urn:btih:37b498608701007c72802877f138444dae709cdf&dn=[javdb.com]111511_216 「けしからん爆乳娘と激イカせ3P」.torrent; magnet:?xt=urn:btih:3b9e04bc35444d2995fa0ec9592eff45a432a919&dn=[javdb.com]111511_216-1pon-divx.avi.torrent; magnet:?xt=urn:btih:53aebdcb3f6a45d9e61bac5c4f25e06ab289c928&dn=[javdb.com]1pondo-111511_216-HD.torrent; magnet:?xt=urn:btih:58bd7e6f0184adfc209ba085bef4399633abc7c5&dn=[javdb.com]学霸猎艳记@第一会所@1pondo-111511_216-HD.torrent; magnet:?xt=urn:btih:8da3f97ff5a6383b257bffeea889dd75ec9f92b4&dn=[javdb.com]学霸猎艳记@第一会所@1pondo-111511_216-HD; magnet:?xt=urn:btih:b8846214fafe10392e24b51b7fb3838907d94967&dn=[javdb.com]1pondo-111511_216-HD; magnet:?xt=urn:btih:c8f1eab40ba76a5f20df29ccdf84fc4b750aea92&dn=[javdb.com][psk.la]1pondo-111511_216-HD; magnet:?xt=urn:btih:d4bc9c0ea527c8aa432bbf7f2d9073bc47243916&dn=[javdb.com]111511_216-1pon-whole1_hd.avi.torrent; magnet:?xt=urn:btih:f134305c931fc65b9f785a5ba9e35edd2d0dec36&dn=[javdb.com]111511_216 by arsenal-fan.torrent
DJE-024 M・ザーメン・トランス 長澤あずさ,長澤あずさ,2011-11-15,DJE-024,https://javdb.com/v/wKqZn,ワープエンタテインメント,4.47,130 分鍾,magnet:?xt=urn:btih:a6faa499da22671d3be250e2655c498b6b29003c&dn=[javdb.com]dje-024-hd,magnet:?xt=urn:btih:a6faa499da22671d3be250e2655c498b6b29003c&dn=[javdb.com]dje-024-hd; magnet:?xt=urn:btih:a4f7a943a15197d239b9de532352725b319f8697&dn=[javdb.com]DJE-024.mp4; magnet:?xt=urn:btih:133afc7a68e43c652a17af276b315d2eac2b6d01&dn=[javdb.com]나가사와 아즈사 Azusa Nagasawa (長澤あずさ) WP-DJE-024 정액 트랜스 얼싸의 모든것.avi; magnet:?xt=urn:btih:dff36a827362152a1b077186872fcdcd509e05fb&dn=[javdb.com]DJE-024_[Non_Break_Hi-classes_Lady_Semen_Trance].avi; magnet:?xt=urn:btih:85e7f5de0be63dcd862162ff59bea41f68332938&dn=[javdb.com][DJE-024] M・ザーメン・トランス 長澤あずさ; magnet:?xt=urn:btih:22333b1c46d14da381187840a0cbd9989ddcc2a2&dn=[javdb.com]DJE-024-AVI
EKDV-200 來跟長澤梓洗泡泡浴吧 顯示原標題,長澤あずさ,2011-10-21,EKDV-200,https://javdb.com/v/GZMR7,クリスタル映像,4.71,120 分鍾,magnet:?xt=urn:btih:0a3e90d5282a73098659ac5d3b3225cd54f054d3&dn=[javdb.com]EKDV-200,magnet:?xt=urn:btih:0a3e90d5282a73098659ac5d3b3225cd54f054d3&dn=[javdb.com]EKDV-200; magnet:?xt=urn:btih:86f23168be31f09ee6c91c1cb540bbb48c305744&dn=[javdb.com]ekdv-200-avi; magnet:?xt=urn:btih:e332dd930b3d96229c866d967227b21b50ace59b&dn=[javdb.com]111020-ekdv-200-avi; magnet:?xt=urn:btih:602e601e08c4259f9cb4fd04a23eb85fd2136db1&dn=[javdb.com]ekdv-200-avi; magnet:?xt=urn:btih:99fe4b04026a43acaeb522a3ac1b0b96079a7ddc&dn=[javdb.com]EKDV-200 Highclass Lady in Soap Land; magnet:?xt=urn:btih:74c197d54454fe6d977daa61ef4b6a6b5f5676d0&dn=[javdb.com]www.0597.me[EKDV-200]
NHDTA-172 家庭内アナル中出しにハマる巨乳嫁 職場の工場で義兄にアナル処女を犯され肛門を開発された義父にパイズリ親孝行 夫の居ぬ間に家族ゴム要らず2穴セックス,長澤あずさ,2011-10-20,NHDTA-172,https://javdb.com/v/Ww1MR,ナチュラルハイ,4.32,120 分鍾,magnet:?xt=urn:btih:1ba8a5e8d094617e4376f3af6433ac73458573c2&dn=[javdb.com]NHDTA-172-C.torrent,magnet:?xt=urn:btih:1ba8a5e8d094617e4376f3af6433ac73458573c2&dn=[javdb.com]NHDTA-172-C.torrent; magnet:?xt=urn:btih:70c6417d5eefbc7593e63c76b99e7ccabd4df9f6&dn=[javdb.com]나가사와 아즈사 Azusa Nagasawa (長澤あずさ) NHDTA-172 공장 여직원에게 뒷터널까지 빼앗는 남자들.avi; magnet:?xt=urn:btih:2fae94a41c79c8ebe9e2291507b2a2e009b1041c&dn=[javdb.com]NHDTA-172.avi; magnet:?xt=urn:btih:32bf2c400fe2d55cbf28e0f4c2461d7ae0636e20&dn=[javdb.com]nhdta-172ch; magnet:?xt=urn:btih:dc66b0963ae3ae0efa7c6874cd74b9d2ffbadb5f&dn=[javdb.com]NHDTA-172; magnet:?xt=urn:btih:ebbd600fc96ab4a72254152d31d371d58dd180eb&dn=[javdb.com]NHDTA-172; magnet:?xt=urn:btih:2599b6b598b2ec82e31c3256fc73f3a849d364ea&dn=[javdb.com]NHDTA-172; magnet:?xt=urn:btih:65af754844900615a07d8e5f3241d90fc2177ba1&dn=[javdb.com]NHDTA-172; magnet:?xt=urn:btih:6aed78ce1c6f91406b5760e888b28e56b125855d&dn=[javdb.com]NHDTA-172
ATOM-042 拘束路線巴士 長澤梓 顯示原標題,長澤あずさ,2011-10-06,ATOM-042,https://javdb.com/v/96DBV,ATOM,4.68,240 分鍾,magnet:?xt=urn:btih:289a7a5c348efc8e86d7d0bc60d2223679fdb971&dn=[javdb.com]ATOM-042.wmv,magnet:?xt=urn:btih:289a7a5c348efc8e86d7d0bc60d2223679fdb971&dn=[javdb.com]ATOM-042.wmv; magnet:?xt=urn:btih:a9a3d6756b6f27ee6818e5352dd019f5855deff4&dn=[javdb.com]ATOM-042.wmv; magnet:?xt=urn:btih:ba216bfae3b9a0bd32fdb0e0f910f289bb92e513&dn=[javdb.com]atom-042; magnet:?xt=urn:btih:0895b004bde1b4f436183897ae5a301221404acb&dn=[javdb.com]ATOM-042
100411_187 無碼 肉付きの良い爆乳女,長澤あずさ(无码),2011-10-04,100411_187,https://javdb565.com/v/mQ9Kv,一本道,4.51,57 分鍾,magnet:?xt=urn:btih:fdfc319b5245fdf0842935740e21a907aa59d5ef&dn=[javdb.com]1pondo-100411_187-HD_dioguitar23.torrent,magnet:?xt=urn:btih:14333d948ae1dd45fcafea6f7632fe54cd07bc78&dn=[javdb.com]色白云@[email protected]最新一本道 100411_187 長澤Azusa~胖瘦剛剛好的爆乳女.torrent; magnet:?xt=urn:btih:2f4b2d163834401018e547c4e952ffb322d5365f&dn=[javdb.com]1pondo-100411_187.torrent; magnet:?xt=urn:btih:477dfd02b8d58358443672d631cde2e57ccf564a&dn=[javdb.com]rflzl@www.SexinSex.net@最新一本道 100411_187 長澤Azusa~胖瘦剛剛好的爆乳女; magnet:?xt=urn:btih:5087a17e208700cd62e6e36a6bfc66fed5eab96b&dn=[javdb.com][Uncen]1pondo 100411_187 Azusa Nagasawa – HD720.torrent; magnet:?xt=urn:btih:5204571b169b8314019485178c46ac6eff2d499c&dn=[javdb.com]hotavxxx.com_100411_187-1pon-whole1_hd.avi.torrent; magnet:?xt=urn:btih:8db58e7e3ec08d0452a248df84205a5c43c648ba&dn=[javdb.com]1pondo-100411_187-HD; magnet:?xt=urn:btih:aaba145074f69346596812063f25e4c57dac2620&dn=[javdb.com]100411_187 by arsenal-fan.torrent; magnet:?xt=urn:btih:fdfc319b5245fdf0842935740e21a907aa59d5ef&dn=[javdb.com]1pondo-100411_187-HD_dioguitar23.torrent
VENU-175 霧氣近親相姦 母子入浴交尾 長澤梓 顯示原標題,長澤あずさ,2011-10-01,VENU-175,https://javdb.com/v/Bz8kM,VENUS,4.24,95 分鍾,magnet:?xt=urn:btih:5199f5edfb1c63a31037a7e5d9e1fe8c0803c08c&dn=[javdb.com]VENU-175.avi,magnet:?xt=urn:btih:5199f5edfb1c63a31037a7e5d9e1fe8c0803c08c&dn=[javdb.com]VENU-175.avi; magnet:?xt=urn:btih:097ab139eb2b79f25911ca63ea9ff8d9a5ed24a5&dn=[javdb.com]VENU-175 AVI; magnet:?xt=urn:btih:6437a1e9d0daa990f74b4929ba073528a2002e6a&dn=[javdb.com]venu-175-ch; magnet:?xt=urn:btih:ced58abb5fe9508b93a8e52913a6018bbf02fd6a&dn=[javdb.com]1064517@VENU-175; magnet:?xt=urn:btih:8477057cfe7a99b642551f847d433ba663875c8b&dn=[javdb.com]SIS贺贺@第一會所@VENU-175; magnet:?xt=urn:btih:33d66515dcf5e15fb2856dec8d5d8043008348c9&dn=[javdb.com]VENU-175 AVI; magnet:?xt=urn:btih:f615022b59835ab8cbc351b87b75a1f3c10dd3d4&dn=[javdb.com]VENU-175 湯けむり近親相姦 母子入浴交尾 長澤あずさ
EKDV-194 スク水H 29,長澤あずさ,2011-09-23,EKDV-194,https://javdb.com/v/de4v8,クリスタル映像,4.55,120 分鍾,magnet:?xt=urn:btih:82ac8afbe4d6fedf66fe7296ea5f467f8393920d&dn=[javdb.com]EKDV-194,magnet:?xt=urn:btih:82ac8afbe4d6fedf66fe7296ea5f467f8393920d&dn=[javdb.com]EKDV-194; magnet:?xt=urn:btih:f2b49680848cfcc053d6fd7fdf838333624f6d67&dn=[javdb.com]EKDV-194; magnet:?xt=urn:btih:0a4ffc6bbdbe6a7d8c7d22d0629af32ca22400a1&dn=[javdb.com][e-kiss] ekdv-194 スク水h 29 再就職長澤あずさ.avi; magnet:?xt=urn:btih:9ba5cb88187b0047f5d3d4d42a4c0fa787fd886f&dn=[javdb.com]EKDV-194; magnet:?xt=urn:btih:93fcf28eb87c909c798de79f92af47e333feef69&dn=[javdb.com]EKDV-194; magnet:?xt=urn:btih:cc2f76a0feb699aa943f050bbe2d192c8025eeb7&dn=[javdb.com]EKDV-194; magnet:?xt=urn:btih:a695db107c765335144f962cc1c963e761acba70&dn=[javdb.com]EKDV-194; magnet:?xt=urn:btih:b8fa80ddae0e6750aca089f718500f9d1b23b4cf&dn=[javdb.com]【娼井空】【sex8.cc】透明泳衣诱惑 EKDV-194 スク水H 29
CWPBD-49 無碼 キャットウォーク ポイズン 49 : 長澤あずさ : Part.1 (HD),長澤あずさ(无码),2011-09-22,CWPBD-49,https://javdb565.com/v/QneY7,キャットウォーク,4.54,N/A,magnet:?xt=urn:btih:fe59ff523b52a07c24f4c51999d761aed1f1dfde&dn=[javdb.com]CWPBD-49-1,magnet:?xt=urn:btih:12d6e13900ca76ba8d53aa0825aa99e28f395d47&dn=[javdb.com][JAV] [Uncensored] CWPBD-49 [1080p]; magnet:?xt=urn:btih:fe59ff523b52a07c24f4c51999d761aed1f1dfde&dn=[javdb.com]CWPBD-49-1
TYOD-126 翻白眼絕頂中出亂交 爽到都翻白眼了。 長澤梓 顯示原標題,長澤あずさ,2011-09-19,TYOD-126,https://javdb.com/v/NQwyr,乱丸,4.3,120 分鍾,magnet:?xt=urn:btih:0fde251c1c135ff6bf1d2a97bc18f0ea717314a9&dn=[javdb.com]TYOD-126.avi,magnet:?xt=urn:btih:0fde251c1c135ff6bf1d2a97bc18f0ea717314a9&dn=[javdb.com]TYOD-126.avi; magnet:?xt=urn:btih:d61560a657fd914414dd694804006530d2610845&dn=[javdb.com]TYOD-126.avi; magnet:?xt=urn:btih:f9f7ac15684c8b93e2bb77681fb5488e2292e2c2&dn=[javdb.com]TYOD-126; magnet:?xt=urn:btih:41497722cce694fee216d23586ecb54c469b9f6c&dn=[javdb.com]TYOD-126 AVI; magnet:?xt=urn:btih:d83a6df898e7393cb30bf4abd02c4a8d575baa0c&dn=[javdb.com]TYOD-126 Good and Solid Climax Cum; magnet:?xt=urn:btih:8fb24639982943a08f29a1deeef85170832dea88&dn=[javdb.com]TYOD-126; magnet:?xt=urn:btih:cb36741eed4aa3e54578b41424758b9131cd0319&dn=[javdb.com]TYOD-126 白目絶頂中出し乱交 白目をむくの。長澤あずさ; magnet:?xt=urn:btih:e7ae3d4dbc34036f6e0bc6203d00df9975f4824d&dn=[javdb.com]TYOD-126 AVI; magnet:?xt=urn:btih:537a3fc2ad015755ae58fee34039b572eae77ab3&dn=[javdb.com]TYOD-126 白目絶頂中出し乱交 白目をむくの。長澤あずさ; magnet:?xt=urn:btih:db5ca5a98828d804362012a57539f1c3de46590a&dn=[javdb.com]【手机欣赏】TYOD-126 BAIMUJUEDI
APAA-126 ハメ撮りで味わう、あずさ・オトコ殺しのSEXテクニック！骨抜きにされてみたい貴方へ…。 あずさ,長澤あずさ,2011-09-13,APAA-126,https://javdb.com/v/GZM9g,Aurora Project Annex,3.83,139 分鍾,magnet:?xt=urn:btih:a54fb1cd51856b207be91dc9c1c89672799e0969&dn=[javdb.com]APAA-126.avi,magnet:?xt=urn:btih:a54fb1cd51856b207be91dc9c1c89672799e0969&dn=[javdb.com]APAA-126.avi; magnet:?xt=urn:btih:3549ba47e649a77c570bc8753fdbc6e45fc2d8c5&dn=[javdb.com]APAA-126; magnet:?xt=urn:btih:f19092fd8381721deb09f43e0ec09819c2f04b60&dn=[javdb.com]APAA-126; magnet:?xt=urn:btih:057e17ad724eded8febaeaf6ee65c7f2c40f6ef0&dn=[javdb.com]APAA-126 Enjoy with Body Massage Sex; magnet:?xt=urn:btih:2070790c328ced2aca8b89deb76aa3f595262038&dn=[javdb.com]APAA-126
AKHO-014 雪村春樹 艶縄集 3 長澤あずさ,長澤あずさ,2011-09-13,AKHO-014,https://javdb.com/v/Ww1Jg,赤ほたるいか/妄想族ブラックレーベル,3.4,120 分鍾,magnet:?xt=urn:btih:7dd1add2f1fbc7e851e238c36a01517d9235ea84&dn=[javdb.com]AKHO-014,magnet:?xt=urn:btih:7dd1add2f1fbc7e851e238c36a01517d9235ea84&dn=[javdb.com]AKHO-014; magnet:?xt=urn:btih:d5450703e3dca2e3163fa77924ab60c56ce64741&dn=[javdb.com]AKHO-014 – 雪村春樹 艶縄集 3 長澤あずさ.rar; magnet:?xt=urn:btih:cc1279741279df7ebda7706b1e36db09428c002e&dn=[javdb.com]AKHO-014.mp4; magnet:?xt=urn:btih:8bab525f23864fbc14a6b164b6c00d73cbaa2fdf&dn=[javdb.com]AKHO-014 - 束缚收集性感丝绳子的光泽。梓长泽雅美; magnet:?xt=urn:btih:0da939c7aff94cd64feeaf308aff2718ce8fbb17&dn=[javdb.com]twwtp@AKHO-014; magnet:?xt=urn:btih:13c0b010b7113ea71363f977f57aae84f40283a0&dn=[javdb.com]AKHO-014; magnet:?xt=urn:btih:74e4d520e88c33d55f7f2ec800159112d7ef309f&dn=[javdb.com]复活126@第一会所@AKHO-014
PSD-440 「女の口は嘘をつく。」 雌女ANTHOLOGY ＃096 長澤あずさ,長澤あずさ,2011-08-05,PSD-440,https://javdb.com/v/96DgE,アウダースジャパン,4.29,215 分鍾,magnet:?xt=urn:btih:5f03045d845564ce23ccaec6e902d33393626d35&dn=[javdb.com][N]PSD-440 雌女ANTHOLOGY ＃096 長澤あずさ,magnet:?xt=urn:btih:5f03045d845564ce23ccaec6e902d33393626d35&dn=[javdb.com][N]PSD-440 雌女ANTHOLOGY ＃096 長澤あずさ; magnet:?xt=urn:btih:45ab1dc29b01e7ed1ea4d18e21a3184159e23374&dn=[javdb.com]PSD-440; magnet:?xt=urn:btih:71961f9be811081efdefdfbcc032c17b87bec0bf&dn=[javdb.com]PSD-440 雌女ANTHOLOGY ＃096 長澤あずさ
PPPD-147 監禁巨乳護士 長澤梓 顯示原標題,長澤あずさ,2011-07-19,PPPD-147,https://javdb.com/v/82VyK,OPPAI,4.4,120 分鍾,magnet:?xt=urn:btih:c1ba219aeea749aea4c6c8db3a7dc18b07192602&dn=[javdb.com]PPPD-147-C.torrent,magnet:?xt=urn:btih:c1ba219aeea749aea4c6c8db3a7dc18b07192602&dn=[javdb.com]PPPD-147-C.torrent; magnet:?xt=urn:btih:5984bb6cf30c3bf42f463b2b47b061c21c03d791&dn=[javdb.com]PPPD-147@oldman; magnet:?xt=urn:btih:49523c3444e50a9c66bc613f37cbd48d69113ffa&dn=[javdb.com]PPPD-147 監禁巨乳ナース 長澤あずさ; magnet:?xt=urn:btih:4509b47db54bfa86c471e10fb1d5b8ee35d00851&dn=[javdb.com][susun]PPPD-147 監禁巨乳ナース 長澤あずさ; magnet:?xt=urn:btih:8c0a61cf5ec5132989bfa2f0d5e619d227391564&dn=[javdb.com]110716-pppd-147-avi; magnet:?xt=urn:btih:c2fbea07218b8119c9e20c3e56d0cb582a1dec7d&dn=[javdb.com]PPPD-147; magnet:?xt=urn:btih:dd8fffca50da15d1e18e6854758e3924d167588e&dn=[javdb.com]PPPD-147 Busty Nurse Imprisoned; magnet:?xt=urn:btih:bb9d40b80259fa9e15a27ab106602a88bc243664&dn=[javdb.com]PPPD-147; magnet:?xt=urn:btih:49f957eafbbb0962a6ad259ba3147f7cc3eab215&dn=[javdb.com]pppd-147 監禁巨乳ナース 長澤あずさ; magnet:?xt=urn:btih:3ba39fb3b9cebec05e2b4204159d6baa20b5c14f&dn=[javdb.com]pppd-147 監禁巨乳ナース 長澤あずさ
MDYD-631 大嫂被小叔肏翻天 長澤梓 顯示原標題,長澤あずさ,2011-07-13,MDYD-631,https://javdb.com/v/Rkdb7,溜池ゴロー,4.33,120 分鍾,"magnet:?xt=urn:btih:09028febe9c8c86b83e3d6d3b149ec1cffb73933&dn=[javdb.com]MDYD-631 나가사와 아즈사(長澤あずさ, Azusa Nagasawa) HEVC 2012-01-24.mp4","magnet:?xt=urn:btih:09028febe9c8c86b83e3d6d3b149ec1cffb73933&dn=[javdb.com]MDYD-631 나가사와 아즈사(長澤あずさ, Azusa Nagasawa) HEVC 2012-01-24.mp4; magnet:?xt=urn:btih:69a4ef3fa2014f368d522ebe7470d4e5bd19d8d1&dn=[javdb.com]Azusa Nagasawa - Bride Defiled by Younger Brother-in-Law MDYD-631; magnet:?xt=urn:btih:9ac9195140635bff2391bf338d3b221c5a9ddbaa&dn=[javdb.com]Azusa Nagasawa - Bride Defiled by Younger Brother-in-Law MDYD-631; magnet:?xt=urn:btih:395cc7e2c05a43d7cc25e76c79b0980f1b08ff84&dn=[javdb.com]MDYD-631; magnet:?xt=urn:btih:b00fdc31e16e5112e6362029ab73cff34a02a8a2&dn=[javdb.com]【HEVC-OMG】MDYD-631 나가사와 아즈사.mkv; magnet:?xt=urn:btih:810b4b1b62ab7cd0c8bb21460550ef079fa85266&dn=[javdb.com]MDYD-631.mp4; magnet:?xt=urn:btih:b8e4cb40c36a93b2b350b90025d15191106a1730&dn=[javdb.com]长泽梓(长泽).-.(MDYD-631) 义弟污兄嫁.mp4; magnet:?xt=urn:btih:852fea5d9db7878de1ca8cced41f50288ebe1f39&dn=[javdb.com][FHD]MDYD-631; magnet:?xt=urn:btih:0279e3091738cecfd7d4af10a6c2fd5ba3d1837d&dn=[javdb.com][susun]MDYD-631 義弟に汚された兄嫁; magnet:?xt=urn:btih:8ec260a4aaea2f0785679deaa401a1d43be6f776&dn=[javdb.com]mdyd-631 義弟に汚された兄嫁 長澤あずさ; magnet:?xt=urn:btih:28b9d2de44a394e9c8ce5013e76a0e2497fccd27&dn=[javdb.com]110709-mdyd-631-avi; magnet:?xt=urn:btih:0711515c301bc77fc02b218c7aea4bec445b56ad&dn=[javdb.com](HD-1080P)(溜池ゴロー)(mdyd-631)義弟に汚された兄嫁 長澤あずさ; magnet:?xt=urn:btih:306c0de0a6ae71dc8b62722820f3e2527dd55293&dn=[javdb.com]mdyd-631-ch; magnet:?xt=urn:btih:4a68cb2b4586404bcd63f3c02a8963e4ec1a03c6&dn=[javdb.com][MDYD-631] 長澤あずさ – 義弟に汚された兄嫁 長澤あずさ; magnet:?xt=urn:btih:bded483f97572272a3e0d14c550cc967f907f585&dn=[javdb.com]MDYD-631; magnet:?xt=urn:btih:8299c8e83f4b934e0f703b8d25ab0a9db38d48d5&dn=[javdb.com]MDYD-631; magnet:?xt=urn:btih:53f233e924f01ac2e1ae320a67c0233eb635d2b1&dn=[javdb.com]59.MDYD-631 義弟に汚された兄嫁; magnet:?xt=urn:btih:ea3b2e5494e377a473fe7fb5bfffb98ca07be459&dn=[javdb.com]59.MDYD-631 義弟に汚された兄嫁; magnet:?xt=urn:btih:75c556920bee1fb22b77b93cb4d7f4b971383fc8&dn=[javdb.com]MDYD-631 Incest Rape The Elder Brother’s Wife; magnet:?xt=urn:btih:4346092d9d5cf4ed5d7eb307a1b657ed1b859d41&dn=[javdb.com]mdyd-631 義弟に汚された兄嫁 長澤あずさ; magnet:?xt=urn:btih:e197b6dce41ebf66a06844ee7950c37959850b2e&dn=[javdb.com]mdyd-631 義弟に汚された兄嫁 長澤あずさ; magnet:?xt=urn:btih:353aecf8faaa10d75479c9273d7c96a02d229141&dn=[javdb.com]mdyd-631 義弟に汚された兄嫁 長澤あずさ; magnet:?xt=urn:btih:501a192dfe478694d6749cfdd83863bcc50ee0bb&dn=[javdb.com]shuangyuboy@第一会所@[mdyd-631]義弟に汚された兄嫁 長澤あずさ; magnet:?xt=urn:btih:e374e9feba4b0d32dbebd47355af942ff3a64d16&dn=[javdb.com]happygjs-88@www.sexinsex.net@MDYD-631 被義弟侵佔的嫂子 長澤あずさ [中文字幕]; magnet:?xt=urn:btih:56823092d7a24440339e6b7d0f8de1fae1dafe17&dn=[javdb.com]NikeのＢ@www.SexInSex.net@(MDYD-631)義弟に汚された兄嫁; magnet:?xt=urn:btih:61477a31699692761b90518b7100c6fed6461f1b&dn=[javdb.com]floralove@www.sexinsex.net@MDYD-631 義弟に汚された兄嫁 長澤あずさ; magnet:?xt=urn:btih:501291a2922922e3eb8b84a9cd7eab2bfaf3af78&dn=[javdb.com]NikeのＢ@www.SexInSex.net@MDYD-631; magnet:?xt=urn:btih:88d30f49f08e8a320b219c19af46e6eb76b7404e&dn=[javdb.com]【贴心话】【sex8.cc】MDYD-631 義弟に汚された兄嫁 長澤あずさ(中文字幕)"
062211_120 無碼 初裏記念！全て見せます、奇跡の爆乳娘。,長澤あずさ(无码),2011-06-22,062211_120,https://javdb565.com/v/56BnB,一本道,4.55,58 分鍾,magnet:?xt=urn:btih:06a1830b5e4e60f0359c5dd8d29170b9f85bb276&dn=[javdb.com]1pondo-062211_120-HD-ALL.torrent,magnet:?xt=urn:btih:01cb7d78bcb68dcfb22ef97b05747c32e36f3be5&dn=[javdb.com]42.062211_120-1pon.torrent; magnet:?xt=urn:btih:0413aa04aa5900fb23f1e9de83e02142969e371f&dn=[javdb.com][psk.la]1pondo-062211_120-HD; magnet:?xt=urn:btih:06a1830b5e4e60f0359c5dd8d29170b9f85bb276&dn=[javdb.com]1pondo-062211_120-HD-ALL.torrent; magnet:?xt=urn:btih:3751aeb33815b94281b74cca9c467231c06596d5&dn=[javdb.com]1pondo-062211_120-HD; magnet:?xt=urn:btih:441290552576d3d19903938a3318a41e25dd348b&dn=[javdb.com]olo@第一会所@1pondo-062211_120; magnet:?xt=urn:btih:443d7b03ce229dab8ad012f879c0e536de315bf6&dn=[javdb.com]062211_120-1pon-str_hd.torrent; magnet:?xt=urn:btih:5d401de558bbab5d2d55caa2a78892a8cdb22dab&dn=[javdb.com]olo@SIS001@1pondo-062211_120; magnet:?xt=urn:btih:5ec50c4bfce64ceffdca554795cfe4ed7a62395b&dn=[javdb.com][email protected]062211_120.torrent; magnet:?xt=urn:btih:653204d6a07bf828819d2bf10ce23450aceb093b&dn=[javdb.com]1pondo-062211_120-HD; magnet:?xt=urn:btih:68831dc4f1272f352882136e09fb576710a49b07&dn=[javdb.com]1pondo-062211_120-HD-AVI; magnet:?xt=urn:btih:821cc4c68ed50dda8984b8ee0d254bde9ace956e&dn=[javdb.com]Azusa Nagasawa - 1pondo-062211_120; magnet:?xt=urn:btih:8c10a3cc9199be3ca5b0281e31121d8be5bff829&dn=[javdb.com]062211_120-1pon-whole1_hd.avi.torrent; magnet:?xt=urn:btih:976676dba11f5fbf3d13e1afd534992a657f8da7&dn=[javdb.com]062211_120 by arsenal-fan.torrent; magnet:?xt=urn:btih:af95091a7f33d2205631253f3936063cbda456b5&dn=[javdb.com]1pondo-062211_120-HD-ALL; magnet:?xt=urn:btih:f762e69310b16c9d23758e1f985b45b7c4fb821f&dn=[javdb.com]0Azusa Nagasawa - 1pondo-062211_120.torrent
MXSPS-159 長澤梓 the BEST 顯示原標題,長澤あずさ,2011-06-16,MXSPS-159,https://javdb.com/v/NQwBN,マキシング,3.5,240 分鍾,magnet:?xt=urn:btih:a8e78d55c0f76c5db06826938a49cdf767032acc&dn=[javdb.com]MXSPS-159 AVI,magnet:?xt=urn:btih:a8e78d55c0f76c5db06826938a49cdf767032acc&dn=[javdb.com]MXSPS-159 AVI; magnet:?xt=urn:btih:9b945dca9ffc8f992bc4986ccc8dfdc5c5566540&dn=[javdb.com][MXSPS-159] 長澤あずさ – 長澤あずさ the BEST; magnet:?xt=urn:btih:91135e77b7649e5401a04be503dce73f4ba900ff&dn=[javdb.com]mxsps-159 長澤あずさ the BEST; magnet:?xt=urn:btih:ad271d2d5d938e74670e51180f096c4ee73b8562&dn=[javdb.com]MXSPS-159
DWD-044 淫亂自宅訪問 長澤梓 顯示原標題,長澤あずさ,2011-05-19,DWD-044,https://javdb.com/v/Aqz0P,Dogma,4.5,140 分鍾,magnet:?xt=urn:btih:aba9878f75eb7b8d017a61404feb12a9c630f376&dn=[javdb.com]DWD-044,magnet:?xt=urn:btih:aba9878f75eb7b8d017a61404feb12a9c630f376&dn=[javdb.com]DWD-044; magnet:?xt=urn:btih:b03050ee78427d083abff1d4de36a3358107b589&dn=[javdb.com]DWD-044 나가사와 아즈사.avi; magnet:?xt=urn:btih:8861a9b2e1271520a6650e815fa3b0307b88cf7b&dn=[javdb.com]DWD-044 나가사와 아즈사-그녀는 바바리 걸이었다. 일반 자택방문서비스.avi; magnet:?xt=urn:btih:c7ab97efe21298ed106cc1fc92eba4669b2ba184&dn=[javdb.com]DWD-044 AVI; magnet:?xt=urn:btih:f28fc07ac9535f10ea104decdc7c5043878f20dc&dn=[javdb.com]DWD-044 AVI; magnet:?xt=urn:btih:49360538190f1b863f5dd818168afc9ff3262910&dn=[javdb.com]11-05-18-dwd-044-avi; magnet:?xt=urn:btih:2f610afcfe4cc4ad34e57eaa92b05defd38d90ea&dn=[javdb.com]DWD-044; magnet:?xt=urn:btih:b5dc6761feea61e94754008d0571677f84631ce8&dn=[javdb.com]DWD-044 淫乱自宅訪問 長澤あずさ; magnet:?xt=urn:btih:c2a1f84f83e0a82e36e928a8eaac0dbfab24132a&dn=[javdb.com]DWD-044; magnet:?xt=urn:btih:6bde7192f70287de93a44b5764db2c1ff6c91aab&dn=[javdb.com]dwd-044 淫乱自宅訪問 長澤梓
MDYD-620 墮落的巨乳少妻～被鄰居侵犯…～ 長澤梓 顯示原標題,長澤あずさ,2011-05-13,MDYD-620,https://javdb.com/v/kK4p6,溜池ゴロー,4.53,100 分鍾,magnet:?xt=urn:btih:5f89977971839d2702c916e0c98f78a41794de1f&dn=[javdb.com][MDYD-620]-아즈사 나가사와..젊은 유부녀-5월.avi,magnet:?xt=urn:btih:5f89977971839d2702c916e0c98f78a41794de1f&dn=[javdb.com][MDYD-620]-아즈사 나가사와..젊은 유부녀-5월.avi; magnet:?xt=urn:btih:58f9353b24911890a9b7c41df735fabc60bc9e5a&dn=[javdb.com]나가사와 아즈사 Azusa Nagasawa (長澤あずさ) MDYD-620 표적이 되어 당하는 그녀.avi; magnet:?xt=urn:btih:933ad85b66724628c57818d7d8888a5fe924634b&dn=[javdb.com][MDYD-620]-아즈사 나가사와..젊은 유부녀-5월.avi; magnet:?xt=urn:btih:cfcd2a6c756fb0f7b6b0d9b33e88ab978496ab62&dn=[javdb.com][FHD]MDYD-620; magnet:?xt=urn:btih:8b69d319236396d120a7ddc346e06c42916b10fb&dn=[javdb.com]MDYD-620; magnet:?xt=urn:btih:6e56b4d0964b8ae720bf2e06192588072a035302&dn=[javdb.com]MDYD620; magnet:?xt=urn:btih:42d540aff02d1ab758c25deaa50a6169ffcf0cc9&dn=[javdb.com]MDYD-620; magnet:?xt=urn:btih:75e35d89bdfee2cb95a512cabde748b0bf08fef7&dn=[javdb.com]MDYD-620; magnet:?xt=urn:btih:cd8bc58a43f23290d0d462e143b86742ec3e1b06&dn=[javdb.com]MDYD-620; magnet:?xt=urn:btih:5ca4be9ff7d3945ea18ad61cfa4543d657dc3976&dn=[javdb.com]MDYD-620; magnet:?xt=urn:btih:9cb29f3b5bb9968afe272b48e977fc1ef0fc099a&dn=[javdb.com]olo@SIS001@MDYD-620; magnet:?xt=urn:btih:83d26baa660cfc4ffe9b1ad83eb73aec499cf6e1&dn=[javdb.com]MDYD-620; magnet:?xt=urn:btih:679dde6bd226b5ad4e5779c2dda0e4676e1600c1&dn=[javdb.com]MDYD-620; magnet:?xt=urn:btih:c74c1a055646d6f1620cf1f0dfa41285869b4012&dn=[javdb.com]MDYD-620; magnet:?xt=urn:btih:9c006b1552ebcfa963c6eac634668ec254092fc2&dn=[javdb.com]zahei5@MDYD-620 堕ちていく巨乳若妻　長澤あずさ　隣人に犯されて; magnet:?xt=urn:btih:d4c4ce63ed05d67286c14f7a6b416b9c114c1038&dn=[javdb.com]MDYD-620 巨乳性奴人妻愛被SM 連隔壁鄰居也可隨便幹~ 長澤あずさ
OPD-022 悩殺★ボイン Icup105cm女子大生 アパート沢尻のあずさ20歳,長澤あずさ,2011-05-07,OPD-022,https://javdb.com/v/0eR8b,桃太郎映像出版,4.0,210 分鍾,magnet:?xt=urn:btih:b5dab953d794b4d3fd081d79afb8747e2a393aa6&dn=[javdb.com]OPD-022小澤瑪利亞-死亡筆記本(中文字幕),magnet:?xt=urn:btih:b5dab953d794b4d3fd081d79afb8747e2a393aa6&dn=[javdb.com]OPD-022小澤瑪利亞-死亡筆記本(中文字幕); magnet:?xt=urn:btih:2e0fce0f096114eb5003c678363365690059eeef&dn=[javdb.com][JAV] [Uncensored] OPD-022 [1080p]; magnet:?xt=urn:btih:f3600ecc3e3f371fd4c2620bd15d6bc7d39d0e70&dn=[javdb.com]OPD-022-HD; magnet:?xt=urn:btih:d3fa14af8e211b94e8ea6e98db72081128de2908&dn=[javdb.com]OPD-022 DVD; magnet:?xt=urn:btih:35f9625ba643a8a3e7282f81676790b771e8832c&dn=[javdb.com]OPD-022 店長推薦作品 Meath Note Miaria Ozawa 死亡筆記本 中文字幕 混血美女小澤瑪利亞; magnet:?xt=urn:btih:ec6013d4d094bfa68634c2928b8045a834d46e87&dn=[javdb.com]shp-0893@天涯海阁@OPD-022; magnet:?xt=urn:btih:7c06c8882c6e10f97639f4dd8b274237de6330a7&dn=[javdb.com]OPD-022; magnet:?xt=urn:btih:222a69a9bcce39006fda74e9a02df26051f3bf12&dn=[javdb.com]OPD-022 Meath Note Vol.15 死亡筆記本15 小澤マリア~女佣制服奉獻 (中文字幕); magnet:?xt=urn:btih:a6571c5ef8afb4d6e7bb8baf40d0ea6a92063962&dn=[javdb.com]38.OPD-022; magnet:?xt=urn:btih:b9a7cf64adc7549d5313b2c0b9166dc116a9fc84&dn=[javdb.com]38.OPD-022; magnet:?xt=urn:btih:f8a1408d25c182b6705b8bd63d263880b5b0ed05&dn=[javdb.com]OPD-022-AVI; magnet:?xt=urn:btih:4aa66bf2988ad7bba0636ffe6a9fb31104630500&dn=[javdb.com]OPD-022-AVI; magnet:?xt=urn:btih:87f8a6737e215099a457b7cb156bd22120742041&dn=[javdb.com]OPD-022 Meath Note Miaria Ozawa 混血美女小澤瑪利亞無碼經典作 死亡筆記本(中文字幕); magnet:?xt=urn:btih:9fa7d7194769b2df8316fce8f614bd7d54d6fc2a&dn=[javdb.com]olo@SIS001@OPD-022; magnet:?xt=urn:btih:2be47ee1a5c94102723dca4dd45bf09dd81e3706&dn=[javdb.com]OPD-022; magnet:?xt=urn:btih:ffa73c0c4157957d1b3d159398ccedadd5d12417&dn=[javdb.com]212121@草榴社區@OPD-022 店長推薦作品 Meath Note Miaria Ozawa 死亡筆記本 混血美女小澤瑪利亞 中文字幕; magnet:?xt=urn:btih:92a7faae3adf33381f2558748e20196c652bbc19&dn=[javdb.com]OPD-022 悩殺★ボイン Icup105cm女子大生 アパート沢尻のあずさ20歳; magnet:?xt=urn:btih:d4637d9033d19597f1e470f7dc98b809301e5dba&dn=[javdb.com]【曰上天空】OPD-022 店長推薦作品 Meath Note Miaria Ozawa 死亡筆記本 中文字幕 混血美女小澤瑪利亞; magnet:?xt=urn:btih:11105aba9556ca13ef637753a8fa3e435a5d8ce2&dn=[javdb.com]OPD-022; magnet:?xt=urn:btih:d836d239de127ca69c00533bab4a7f51cfc69625&dn=[javdb.com]OPD-022 Meath Note Miaria Ozawa 混血美女小澤瑪利亞無碼經典作 死亡筆記本(中文字幕); magnet:?xt=urn:btih:ad1c4b0a1dc2346db3a1770a3d61668f92618d2a&dn=[javdb.com]电动跳蛋@JGP2P@OPD-022 小澤マリア(中文字幕); magnet:?xt=urn:btih:93fe887bd30e2ffebdacc42aa5ff5b4288108cb0&dn=[javdb.com]8400327@草榴社區@OPD-022 Meath Note Miaria Ozawa 混血美女小澤瑪利亞無碼經典作 死亡筆記本(中文字幕); magnet:?xt=urn:btih:8cd2d5dd441a1e61e40b886e94067f1479f67f3d&dn=[javdb.com]8400327@草榴社區@OPD-022 Meath Note Miaria Ozawa 混血美女小澤瑪利亞無碼經典作 死亡筆記本(中文字幕); magnet:?xt=urn:btih:ae810a4fc1e208f8d2372217cb84c1ab7f888604&dn=[javdb.com]AV文檔OPD-022-AVI; magnet:?xt=urn:btih:1924021312648dfe319c586b058f6fe8db4c9a8c&dn=[javdb.com]love-888@D.C.資訊交流網@OPD-022; magnet:?xt=urn:btih:acddeb4956f474e56c8a61aa61c83ca51d9d3b24&dn=[javdb.com]firemajor@www.sexinsex.net@OPD-022 Meath Note-15 小澤マリア(Miaria Ozawa); magnet:?xt=urn:btih:ebbdea647da807d33efcb350d070dae486ac70f1&dn=[javdb.com]firemajor@www.sexinsex.net@OPD-022 小澤マリア(中文字幕); magnet:?xt=urn:btih:a3640740ea5398217c586cffb18b942497a059d9&dn=[javdb.com]【ystylt】【sex8.cc】OPD-022; magnet:?xt=urn:btih:2d6206f09befcc42ae32711c03f9eb3025ce4df8&dn=[javdb.com]firemajor@www.sexinsex.net@OPD-022 Meath Note 小澤マリア(Miaria Ozawa)
SDMT-444 超內向害羞的爆乳女高中生學生會長變成透明人！？ 顯示原標題,長澤あずさ,2011-05-07,SDMT-444,https://javdb.com/v/MbmwP,SOD Create,4.27,115 分鍾,magnet:?xt=urn:btih:d471223e517199c5159a39ab5ceade4b716b264f&dn=[javdb.com]SDMT-444-C.torrent,magnet:?xt=urn:btih:d471223e517199c5159a39ab5ceade4b716b264f&dn=[javdb.com]SDMT-444-C.torrent; magnet:?xt=urn:btih:7861a3a74b9753abb66214f3a11de07f1cc3f7cb&dn=[javdb.com]054_3xplanet_SDMT-444.avi; magnet:?xt=urn:btih:244c35ef89b6d1533b3a778a3e5e7729666df65d&dn=[javdb.com]SDMT-444 AVI@THMS; magnet:?xt=urn:btih:09cd432328c455c562f4951097316df107564d1c&dn=[javdb.com]SDMT-444.avi; magnet:?xt=urn:btih:d27f89af91939f2ef1e3de5004d4bbc8674a9e7d&dn=[javdb.com]sdmt-444.avi; magnet:?xt=urn:btih:cfa55a4202fcbac54ed3857c117163a11c361fd5&dn=[javdb.com](SDMT-444).avi; magnet:?xt=urn:btih:09f74bfbfb8a51746f1b213b103228a62d8fc3d8&dn=[javdb.com]SDMT-444 AVI; magnet:?xt=urn:btih:653c2213c0f6768928adf9c0f7ce21fc031fe090&dn=[javdb.com]sdmt-444 長澤梓 美爆奶學生會長女成為透明人; magnet:?xt=urn:btih:3d47d3a67f8561acbc2f7fa2ede788d8421038c2&dn=[javdb.com]sdmt-444 長澤梓 美爆奶學生會長女成為透明人; magnet:?xt=urn:btih:b77ca3103f7b44adf53930b3138cf9af1b5d96a8&dn=[javdb.com]sdmt-444 長澤梓 美爆奶學生會長女成為透明人; magnet:?xt=urn:btih:50ec97242aa3b6ba2334d3ffe0fe8558b1f580e3&dn=[javdb.com]SDMT-444 長澤梓 美爆奶學生會長女成為透明人; magnet:?xt=urn:btih:2d15a723416decd53c2dd78cb7b52e96da984db5&dn=[javdb.com]SDMT-444; magnet:?xt=urn:btih:851c40b61369161249cba83809ebc3e249e6e9a3&dn=[javdb.com][javtorrent.biz]0813-SDMT-444; magnet:?xt=urn:btih:2cec768390169ab09cdb06569e1eaf62b6bc4b15&dn=[javdb.com]SDMT-444; magnet:?xt=urn:btih:583b7ff3e73c041699860e8873950c90394eced2&dn=[javdb.com]sdmt-444; magnet:?xt=urn:btih:75fbb760bbd4b9e4bc6a1405f4ed128b12f920ac&dn=[javdb.com]sdmt-444 長澤梓 美爆奶學生會長女成為透明人; magnet:?xt=urn:btih:1044c99ab3f15ff3da7aa7020d11f902dc18657d&dn=[javdb.com]sdmt-444-avi; magnet:?xt=urn:btih:b27d1c03421661ee327c68aba5ddd51ac609786c&dn=[javdb.com]11-05-09-sdmt-444-avi; magnet:?xt=urn:btih:53dc9140a219a9184badb007cca03459cff92133&dn=[javdb.com]236302327@www.sexinsex.net@sdmt-444 長澤梓 美爆奶學生會長女成為透明人; magnet:?xt=urn:btih:7b06560707adc6657412d5ae59153badf1bd0801&dn=[javdb.com]静候轮回@www.sexinsex.net@透明人間 美爆乳生徒会長女子校生無忌憚侵犯 長澤あずさ!SDMT-444
JUC-538 年輕義母的完整秘密性教育 Vol.2 長澤梓 顯示原標題,長澤あずさ,2011-05-07,JUC-538,https://javdb.com/v/pk3mB,マドンナ,4.45,120 分鍾,magnet:?xt=urn:btih:5458e2979841f1efddf46fa3ca35b383abea88a8&dn=[javdb.com]JUC-538-中文,magnet:?xt=urn:btih:5458e2979841f1efddf46fa3ca35b383abea88a8&dn=[javdb.com]JUC-538-中文; magnet:?xt=urn:btih:df6bf3412ff34d7449496a0e327bc744509d5849&dn=[javdb.com]JUC-538 Azusa Nagasawa Vol.2 Of Secret Education Of Young Mother; magnet:?xt=urn:btih:f89980ba6ee07b37c2da9697a533eda16c311074&dn=[javdb.com]juc-538-ch; magnet:?xt=urn:btih:0e8aa0b085df483b4408862e74ecda1e45f8e8c3&dn=[javdb.com]JUC-538.avi; magnet:?xt=urn:btih:df79137257719ca0a3724790cfefaeac953bf5c5&dn=[javdb.com]JUC-538.avi; magnet:?xt=urn:btih:ff1a386d619a4249a72160b71bd8b88530a50945&dn=[javdb.com]Juc-538淫荡的大奶继母~ ‘性教育’ 长泽梓.avi; magnet:?xt=urn:btih:cb1e7b081bef2d218199a0041f78a502971adb23&dn=[javdb.com][JUC-538]Incest Secret Mom Azusa Nagasawa.avi; magnet:?xt=urn:btih:83ae109bc779a95416f1b95c6fba9dc645c8340b&dn=[javdb.com]JUC-538 AVI; magnet:?xt=urn:btih:af8c3ee5dbd357fa562f6a24ba949f037dc12916&dn=[javdb.com]JUC-538.長澤梓.義母のマル秘性教育 Vol.2 長澤あずさ; magnet:?xt=urn:btih:4a31a8371a275ac378415f5f757a2c410fd29988&dn=[javdb.com]JUC-538.長澤梓.義母のマル秘性教育 Vol.2 長澤あずさ; magnet:?xt=urn:btih:5b267bb7613aff591f8b69dbd01e60220755c726&dn=[javdb.com]juc-538 若義母のマル秘性教育 Vol.2 長澤あずさ; magnet:?xt=urn:btih:d857d3d2c9d0fe15c8815f7ee5d852c95af6ba40&dn=[javdb.com]juc-538-avi; magnet:?xt=urn:btih:6478b5446b365d709bb00630f7b95463e4031f03&dn=[javdb.com]Juc-538淫荡的大奶继母~ ‘性教育’ 长泽梓; magnet:?xt=urn:btih:b271623003cde85254fc92efeef197a2b7b88a1e&dn=[javdb.com]第一會所新片@SIS001@(Madonna)(JUC-538)若義母のマル秘性教育_Vol; magnet:?xt=urn:btih:06eabfe5a6a245003e2f6bd6fc43c1e62ca79573&dn=[javdb.com]juc-538-ch; magnet:?xt=urn:btih:f88edf9f399f5992f901b26f262ccd7c9f2dfe0c&dn=[javdb.com]JUC-538; magnet:?xt=urn:btih:efeb4782182eb30127a38205efadf243749e5b2e&dn=[javdb.com]juc-538 若義母のマル秘性教育 Vol.2 長澤あずさ; magnet:?xt=urn:btih:043ce1f0eeb15b5a19ca280afc65ba1bcf14676a&dn=[javdb.com]40.JUC-538; magnet:?xt=urn:btih:679bb817451619ca5aed00ac4f4c9f37e354d474&dn=[javdb.com]JUC-538; magnet:?xt=urn:btih:a0389d51f69c7a8b63f89e216efa47377cd0c265&dn=[javdb.com]juc-538 若義母のマル秘性教育 Vol.2 長澤あずさ; magnet:?xt=urn:btih:c4e272fb63b411fb28e1b9ae82c21c5e93cadbd8&dn=[javdb.com]【曰上天空】JUC-538 TIANKONG; magnet:?xt=urn:btih:534e2a7ea0764996706a4f52b2c87d2380f187eb&dn=[javdb.com]JUC-538; magnet:?xt=urn:btih:0e0716ead482d8b7c0bdd8d3ca43c44d90077456&dn=[javdb.com]JUC-538 173; magnet:?xt=urn:btih:7280b3bf04a4be0d907b22d1f2b6bb5e7231a65f&dn=[javdb.com]夜无名@www.sexinsex.net@JUC-538; magnet:?xt=urn:btih:46867f11eb94f6466aa9ff8d8b22bdf1f1289b46&dn=[javdb.com]国米@www.sexinsex.net@juc-538; magnet:?xt=urn:btih:da8808dd2b9a3621720760f74e8942f2c882b760&dn=[javdb.com]xuerui-810405@www.sexinsex.net@JUC-538; magnet:?xt=urn:btih:99ae087bcb9e174b80080577b9674deb53ae1fda&dn=[javdb.com]happygjs-88@www.sexinsex.net@JUC-538 年轻义母的秘密性教育2～長澤あずさ [中文字幕]; magnet:?xt=urn:btih:1b0b18b7e357c68e210c6164d096af9dac7e80bb&dn=[javdb.com]【贴心话】【sex8.cc】JUC-538 若義母のマル秘性教育2 長澤あずさ(中文字幕)
WNZ-322 徹底激爆活塞運動！連續強制高潮！！！ 長澤梓 顯示原標題,長澤あずさ,2011-05-01,WNZ-322,https://javdb.com/v/ZNXnJ,ワンズファクトリー,4.29,120 分鍾,magnet:?xt=urn:btih:ba5281099e4484177567e2299088b741be11d6a1&dn=[javdb.com]WNZ-322.avi,magnet:?xt=urn:btih:ba5281099e4484177567e2299088b741be11d6a1&dn=[javdb.com]WNZ-322.avi; magnet:?xt=urn:btih:e898a0256cf70a40b5f2da4894c5611a4ea97f6b&dn=[javdb.com]狼主@SexInSex@A-WNZ-322; magnet:?xt=urn:btih:ced899269b4717d26146b3c44542e18faddda5e2&dn=[javdb.com]wnz-322 徹底激！連続強制 長澤あずさ; magnet:?xt=urn:btih:1828cb2e78db99b8241d0117bb3ecc039199c3f1&dn=[javdb.com]WNZ-322 AVI; magnet:?xt=urn:btih:035f6d0afa6c6a7197e7a106d240cddfa5a0e198&dn=[javdb.com]wnz-322-avi; magnet:?xt=urn:btih:a573c4971482cdde6421ad2de605c61b0597f7dc&dn=[javdb.com]wnz-322-ch; magnet:?xt=urn:btih:e488ba2e1e651096e301bf6a7a719a15a2257b54&dn=[javdb.com]wnz-322; magnet:?xt=urn:btih:acd825abbca7ae7940e139a498f47b32623ac02c&dn=[javdb.com]wnz-322 徹底激！連続強制 長澤あずさ; magnet:?xt=urn:btih:8d3b34253fa899402a609b8533f48a7b087eaf8d&dn=[javdb.com]happygjs-88@www.sexinsex.net@WNZ-322 彻底激烈的活塞运动！長澤あずさ; magnet:?xt=urn:btih:dbaa656335e8e036841b792a0dfcdf56903c310b&dn=[javdb.com]【hua-88668】【sex8.cc】WNZ-322 徹底激！連続強制 長澤あずさ
NADE-990 おいしいボイン妻 5 長澤あずさ,長澤あずさ,2011-04-22,NADE-990,https://javdb.com/v/YwnJd,なでしこ,4.29,120 分鍾,magnet:?xt=urn:btih:d3ed6c6553c8fdc28968c65440e535ef7ba1df08&dn=[javdb.com]Azusa Nagasawa - Delicious Big Breasts Wife [NADE-990].avi,magnet:?xt=urn:btih:d3ed6c6553c8fdc28968c65440e535ef7ba1df08&dn=[javdb.com]Azusa Nagasawa - Delicious Big Breasts Wife [NADE-990].avi; magnet:?xt=urn:btih:5bc5f0af54ea5d2bb078877614722c6e622b6c0d&dn=[javdb.com]nade-990-avi
PPPD-134 頑固な童貞VS癒しの柔らかIcup ～頑張って筆下ろしさせるビデオ～ 長澤あずさ,長澤あずさ,2011-04-19,PPPD-134,https://javdb.com/v/Ww1JR,OPPAI,4.1,120 分鍾,magnet:?xt=urn:btih:a801dc20b2aaef31fae99eafa7b4c76729ef777c&dn=[javdb.com]pppd-134,magnet:?xt=urn:btih:a801dc20b2aaef31fae99eafa7b4c76729ef777c&dn=[javdb.com]pppd-134; magnet:?xt=urn:btih:d6d83f748e30e0d9abd0743a6f3b511f46e66782&dn=[javdb.com]長澤あずさ-(PPPD-134)-頑固な童貞vs癒しの柔らかicup ～頑張って筆下ろしさせるビデオ.avi; magnet:?xt=urn:btih:7eb47772de344bb25f4a577fdff8505e77764c39&dn=[javdb.com]PPPD-134; magnet:?xt=urn:btih:cb5e83cacc156db7380a15f1df9ee3e6bed8e9a2&dn=[javdb.com]PPPD-134; magnet:?xt=urn:btih:dcbb393d88291247a466dbe182a013bb2ca9544b&dn=[javdb.com]PPPD-134; magnet:?xt=urn:btih:79cf51b775825fa57ee1700698d67a0cf7b2beb3&dn=[javdb.com]PPPD-134
DDB-162 淫語痴女 寸止め・見下し・言葉責め中毒の女 長澤あずさ,長澤あずさ,2011-04-19,DDB-162,https://javdb.com/v/96DgV,Dogma,3.58,125 分鍾,magnet:?xt=urn:btih:f475ea7dcac436e80a92f35fba26fcdcd59d81c3&dn=[javdb.com]DDB-162 Sexual Indecent Talking,magnet:?xt=urn:btih:f475ea7dcac436e80a92f35fba26fcdcd59d81c3&dn=[javdb.com]DDB-162 Sexual Indecent Talking
JAG-065 被幹的女老師 小梓 顯示原標題,長澤あずさ,2011-04-13,JAG-065,https://javdb.com/v/de4wM,ハヤブサ,4.46,120 分鍾,magnet:?xt=urn:btih:4935d91af343363f03189b1bf348db94d6f36ed3&dn=[javdb.com]JAG_065@oldman,magnet:?xt=urn:btih:4935d91af343363f03189b1bf348db94d6f36ed3&dn=[javdb.com]JAG_065@oldman; magnet:?xt=urn:btih:60108e3054498d9d4d8ac562f987801435db4cca&dn=[javdb.com]JAG-065.avi; magnet:?xt=urn:btih:b21e9e4080bc4e299225873aab134a498db38c72&dn=[javdb.com]나가사와 아즈사 Azusa Nagasawa (長澤あずさ) JAG-065 여선생 능욕.avi; magnet:?xt=urn:btih:57e8b531c88f4cfbfea6a81e615073afd1e4f320&dn=[javdb.com]JAG-065 AVI; magnet:?xt=urn:btih:f222f266218b957af23a4f347e47d11af2eeb522&dn=[javdb.com]jag-065-avi; magnet:?xt=urn:btih:cc2742fd870d71c873da5dfdad97ed7d7c9e253c&dn=[javdb.com]jag-065 侵犯られる女教師 長澤あずさ
SVDVD-219 羞恥！強制潮吹 穿著特製情趣內褲在大街上逛 16 長澤梓 顯示原標題,長澤あずさ,2011-03-19,SVDVD-219,https://javdb.com/v/82Vya,サディスティックヴィレッジ,4.36,160 分鍾,magnet:?xt=urn:btih:b3266a9c637ae19ace0c281f9eddf630ffaaaa90&dn=[javdb.com]SVDVD-219.avi,magnet:?xt=urn:btih:b3266a9c637ae19ace0c281f9eddf630ffaaaa90&dn=[javdb.com]SVDVD-219.avi; magnet:?xt=urn:btih:365b44b203b2cd8d7d8a4e0c348c4f56125c55f1&dn=[javdb.com]SVDVD-219 AVI; magnet:?xt=urn:btih:7040db474961cb6786803cbfaff39ec3facd17b4&dn=[javdb.com]svdvd-219-avi; magnet:?xt=urn:btih:aaf0e58c0db938135d88db357bedf90e2c4f8e76&dn=[javdb.com]svdvd-219 羞恥！強制潮吹街中を引き廻せ 16 長澤あずさ; magnet:?xt=urn:btih:6b1ab612611f16f90f0afdc369d5b720ea561c2d&dn=[javdb.com]svdvd-219; magnet:?xt=urn:btih:7cc3f89c37aaf86a9e9e5c3a12cd5345446afffb&dn=[javdb.com]svdvd-219-avi; magnet:?xt=urn:btih:cc5a6aa19b3f92575cd6376dd2d9feb27d1849b9&dn=[javdb.com]svdvd-219 羞恥強制潮吹 街中引廻 16 長澤Azusa; magnet:?xt=urn:btih:432917ca763eacbd12d6f88675ee12a529de9a2f&dn=[javdb.com]SVDVD-219; magnet:?xt=urn:btih:0d803c99b734e2b7d44c5425fd14ea314056d1ca&dn=[javdb.com]【hua-88668】【sex8.cc】SVDVD-219 羞恥！強制潮吹街中を引き廻せ 16 長澤あずさ; magnet:?xt=urn:btih:81c8e21dd78532a4ad03fa757625110f19c082e4&dn=[javdb.com]天桥底下说书的@@www.sexinsex.net@SVDVD-219羞恥！強制潮吹きマシンパンツで街中を引き廻せ 16 長澤あずさ; magnet:?xt=urn:btih:f2149e9292ab8954538958c71c387f517be861b2&dn=[javdb.com]goldpuzjying@www.sexinsex.net@16 長澤あずさ svdvd-219; magnet:?xt=urn:btih:db546ae814c7c4a536444755fbdeb2963f9954a5&dn=[javdb.com]静候轮回@www.sexinsex.net@羞恥!強制潮吹 褲子自慰器刺激你 長澤あずさ!SVDVD-219
KK-007 青春情色劇要不要跟我老姐嘿咻？ 長澤梓 顯示原標題,長澤あずさ,2011-03-17,KK-007,https://javdb.com/v/RkdbR,Glory Quest,4.4,135 分鍾,magnet:?xt=urn:btih:01c9d2901b31d202bf9fbe3410a340010403a794&dn=[javdb.com]KK-007.mkv.torrent,magnet:?xt=urn:btih:01c9d2901b31d202bf9fbe3410a340010403a794&dn=[javdb.com]KK-007.mkv.torrent; magnet:?xt=urn:btih:2268b2fa864b4603e6eaf1cf6dc8a35403edfe71&dn=[javdb.com]Azusa Nagasawa – Blooming Life Erotic Drama – Won’t You Do It With the Older Sister [KK-007].avi.torrent; magnet:?xt=urn:btih:47af9e6b347f5249674cc5790f9f1123c786994e&dn=[javdb.com][Glory Quest] KK-007 ()春エロドラマ オレのアネキとヤラないか？ 長澤あずさ.torrent; magnet:?xt=urn:btih:5a74a0a0de884b5a6ad0f565c80767660dc0868a&dn=[javdb.com][Glory Quest] KK-007 ()春エロドラマ オレのアネキとヤラないか？ 長澤あずさ.torrent; magnet:?xt=urn:btih:5afcc6bfdb07f9a98593197ded164ac192f57b25&dn=[javdb.com]kk-007.torrent; magnet:?xt=urn:btih:a22f342b31bcf793b899dbf1baca0c32dd710b16&dn=[javdb.com][KK-007] Azusa Nagasawa [Be My Youthful Erotic Drama].torrent; magnet:?xt=urn:btih:92c097c8b29ba4980440911bffaf82997187988f&dn=[javdb.com][email protected]@KK-007.torrent
MXGS-313 風俗頻道 25 長澤梓 顯示原標題,長澤あずさ,2011-02-16,MXGS-313,https://javdb.com/v/Bz8vr,マキシング,4.0,130 分鍾,magnet:?xt=urn:btih:a6988442837876ad0f692cbfeea1f8c4b8411813&dn=[javdb.com]MXGS-313.avi,magnet:?xt=urn:btih:a6988442837876ad0f692cbfeea1f8c4b8411813&dn=[javdb.com]MXGS-313.avi; magnet:?xt=urn:btih:915d6a415fa40199c4e5247a698c2afade3cf573&dn=[javdb.com]MXGS-313.avi; magnet:?xt=urn:btih:15aef1f94523bf045e78601a9f87eaf9f3099166&dn=[javdb.com]MXGS-313 AVI; magnet:?xt=urn:btih:775d60ce6ccee5973e84d2e24912de33141d6f53&dn=[javdb.com]mxgs-313-avi; magnet:?xt=urn:btih:5b1f7e04cf18db9ad2655bde6b7894cfd03822a5&dn=[javdb.com]MXGS-313.RI; magnet:?xt=urn:btih:2d2a7c42ed4b624b583b02b90620738743a9d611&dn=[javdb.com]polo-080@www.sexinsex.net@[七周年庆]@MXGS-313
VENU-097 義母相姦 用大屌玩弄玩弄可憐母親 長澤梓 顯示原標題,長澤あずさ,2011-01-19,VENU-097,https://javdb.com/v/mOe0d,VENUS,4.2,80 分鍾,magnet:?xt=urn:btih:0f0bdd7e6810005ecd62dcaff13e51e6b9a0160d&dn=[javdb.com]@VENU-097.mp4,magnet:?xt=urn:btih:0f0bdd7e6810005ecd62dcaff13e51e6b9a0160d&dn=[javdb.com]@VENU-097.mp4; magnet:?xt=urn:btih:9d5ea7ce49aab4eab67e23960b8eb1df2d1e0609&dn=[javdb.com]Azusa Nagasawa – Mother of Pity Who Agonizes a Penis in Different Ways! [VENU-097].avi; magnet:?xt=urn:btih:00e60336edb782e161445c93222ff1ba5c2c1a3d&dn=[javdb.com]34.VENU-097; magnet:?xt=urn:btih:a3cc8f5c87d351488376384b585e1b953f5a9f0d&dn=[javdb.com][susun]VENU-097 義母相姦 憐れな母さん肉棒責めづくし 長澤あずさ; magnet:?xt=urn:btih:8ed8a952831b9164f8382156872dde9d323fd2cf&dn=[javdb.com]VENU-097.RI; magnet:?xt=urn:btih:89951aab908f6e166aad564df2873e3925257157&dn=[javdb.com]43.VENU-097 義母相姦 憐れな母さん肉棒責めづくし 長澤あずさ; magnet:?xt=urn:btih:e4d3a049efe10bf344de4a6a73834a5cc6a0424a&dn=[javdb.com]43.VENU-097 義母相姦 憐れな母さん肉棒責めづくし 長澤あずさ; magnet:?xt=urn:btih:996ee7d3c427e41484b8be1e4b139c85a90f9fac&dn=[javdb.com]VENU-097 Ｓ級熟女 用肉棒來教訓美巨乳後母 長澤梓 中文字幕; magnet:?xt=urn:btih:1e4b024e009b3e49384fee6a62f7b30e40c6e21c&dn=[javdb.com]VENU-097; magnet:?xt=urn:btih:d375c6fc2ec6551ffaf808456c1511e1073e4fbb&dn=[javdb.com]xuerui-810405@www.sexinsex.net@VENU-097; magnet:?xt=urn:btih:a0b13214707e377f3ffec8deacd5e9ef2a758ca3&dn=[javdb.com]roger-92402094@www.sexinsex.net@VENU-097; magnet:?xt=urn:btih:559e6d28d3ba3776dd83ba26c4970d9e25fa33bb&dn=[javdb.com]im-520@www.SexInSex.net@VENU-097; magnet:?xt=urn:btih:7b0e56fe3d543db532f517e05a0d4dce374573d0&dn=[javdb.com]【贴心话】【sex8.cc】VENU-097 義母相 憐れな母さん肉棒責めづくし 長澤あず(中文字幕)
MXGS-299 神臀 長澤梓 顯示原標題,長澤あずさ,2010-12-16,MXGS-299,https://javdb.com/v/0eR80,マキシング,4.34,120 分鍾,magnet:?xt=urn:btih:5e2995d30304854dc4c98383c0013ab6a0ea28e2&dn=[javdb.com]MXGS-299-C.torrent,magnet:?xt=urn:btih:5e2995d30304854dc4c98383c0013ab6a0ea28e2&dn=[javdb.com]MXGS-299-C.torrent; magnet:?xt=urn:btih:90cc132b20c7d7f392285f8eed5addffce88a5ae&dn=[javdb.com][MAXING] Azusa Nagasawa(長澤あずさ) - 神尻 長澤あずさ [MXGS-299][10.12.16].avi; magnet:?xt=urn:btih:eff3a25efabf7e6723b0b358d80a16d7eacc040a&dn=[javdb.com]신이 내린 몸매와 육덕 엉덩이의 여자_[MAXING] MXGS-299 Azusa Nagasawa.avi; magnet:?xt=urn:btih:f1bc6ffc40ae39846db8bcb3adb91324b72510c6&dn=[javdb.com]Azusa Nagasawa - Divine Ass [MXGS-299].avi; magnet:?xt=urn:btih:48d0d4716696eedeb84436addab37f8b40621511&dn=[javdb.com][MAXING] MXGS-299.wmv; magnet:?xt=urn:btih:c5791aca2bcaa95868e0539fba55867aa8d89746&dn=[javdb.com]不辣的皮特@MXGS-299; magnet:?xt=urn:btih:35e0e61df7add32d9fb42de6187bf192ce4a6111&dn=[javdb.com]MXGS-299-avi; magnet:?xt=urn:btih:02060a001080f7021a4a92d90ef6a1ed7d8681df&dn=[javdb.com]MXGS-299 神尻 長澤あずさ(中文字幕); magnet:?xt=urn:btih:dd6f673db7b177f0f5c71972251f5b812a23afb3&dn=[javdb.com]不辣的皮特@MXGS-299; magnet:?xt=urn:btih:b52612785788919de9c6341b2e85078bcb192d19&dn=[javdb.com]1039276@MXGS-299; magnet:?xt=urn:btih:db77325a765608c4a5789f1d19c68ffe95847b14&dn=[javdb.com]stevech@第一会所@MXGS-299; magnet:?xt=urn:btih:e5bf4a342789970da8c4e1ad5e28011ccbc01bd5&dn=[javdb.com]mxgs-299 神尻 長澤あずさ(中文字幕); magnet:?xt=urn:btih:0d3b9cf647f2357bc75c7dd15f7f7ffd30075756&dn=[javdb.com]mxgs-299 神尻 長澤あずさ(中文字幕); magnet:?xt=urn:btih:c84353866679657a94191ab24ac6a7b0511924bf&dn=[javdb.com]04.MXGS-299 神尻 長澤あずさ(中文字幕); magnet:?xt=urn:btih:f3b4567dfbda9ec11fd0f4246a69a16d465ac3c6&dn=[javdb.com]im-520@SIS001@MXGS-299; magnet:?xt=urn:btih:0cb04d9f1eac0441a1dd354c274b624ac6751fab&dn=[javdb.com]struck@SexInSex.net@MXGS-299; magnet:?xt=urn:btih:4a5d6ab49d2584fe9951a410e523c86ad7bb3fd5&dn=[javdb.com]松琳之星@www.sexinsex.net@MXGS-299 神尻長澤あずさ(中文字幕); magnet:?xt=urn:btih:00ab57bd2b217f225a882c0f932a8359520f3fb2&dn=[javdb.com]pietro-716@www.SexInSex.net@MXGS-299; magnet:?xt=urn:btih:0ee83b0f81f11682e30214cbc27e5fd4e19ed7f0&dn=[javdb.com]pietro-716@www.SexInSex.net@MXGS-299
DLD-021 ワリキリ、ハミ乳娘貸し切り。 11,長澤あずさ,2010-12-16,DLD-021,https://javdb.com/v/Mbmw1,プレステージ,3.89,120 分鍾,magnet:?xt=urn:btih:3937af3946e2e28b923531ecce3e2168151fc860&dn=[javdb.com]tanw或yk-3325@DLD_021,"magnet:?xt=urn:btih:3937af3946e2e28b923531ecce3e2168151fc860&dn=[javdb.com]tanw或yk-3325@DLD_021; magnet:?xt=urn:btih:eeed0b0be8618a4caecf59d850667e8a5ef5724e&dn=[javdb.com]dld-021-avi; magnet:?xt=urn:btih:92fee15528636a879fe595eed09f2fd5d37aac0c&dn=[javdb.com]【贴心话】DLD-021 jurunvyouzh; magnet:?xt=urn:btih:62adb6a77fb55f0d99f7fc7ff8758cd5f15ebf84&dn=[javdb.com]ZOT 방에서 서비스중 쩌는가슴녀 섹시한 외모 (강추) DLD-021; magnet:?xt=urn:btih:ccf64eb1bb48cbf0d97e9cee4454d1f4bc914970&dn=[javdb.com]DLD-021; magnet:?xt=urn:btih:1460933ffa17d1433a180b4cb6094072c7e89add&dn=[javdb.com]DLD-021; magnet:?xt=urn:btih:085020d6898afca0c4137c08b6cfcca6932bf5e0&dn=[javdb.com]DLD-021; magnet:?xt=urn:btih:23b657f80d540096ac6daf1bf61951b700c32c1f&dn=[javdb.com]DLD-021; magnet:?xt=urn:btih:de5db56c51097a3e49f1a2af15ae8a31f4f6e5f5&dn=[javdb.com]DLD-021 Azusa Nagasawa ワリキリ、ハミ乳娘貸し切り。 11 ~ Warikiri, Charter Hami Daughter Milk. 11; magnet:?xt=urn:btih:fcc3b24c79bb70b6c47055ac7cd3e782376edc35&dn=[javdb.com]struck@SexInSex.net@DLD-021; magnet:?xt=urn:btih:57e3eab18dd553a9e71ad7f7639c87d6ed5d61bd&dn=[javdb.com]roger-92402094@www.sexinsex.net@DLD-021; magnet:?xt=urn:btih:126e15a060e9cd94c2f8fe06a324c76c1b35e2db&dn=[javdb.com]pietro-716@www.SexInSex.net@DLD-021"
VDD-054 電梯小姐 in… ［脅迫套房］ Elevator Girl Azusa（24） 顯示原標題,長澤あずさ,2010-12-15,VDD-054,https://javdb.com/v/pk3m9,ドリームチケット,4.47,120 分鍾,magnet:?xt=urn:btih:3a4f53411fac8f553d440283fd2655f291bb741b&dn=[javdb.com]VDD-054-C.torrent,magnet:?xt=urn:btih:3a4f53411fac8f553d440283fd2655f291bb741b&dn=[javdb.com]VDD-054-C.torrent; magnet:?xt=urn:btih:8aa550f1ac999e7f4a5a81f7b75d734d54f64f64&dn=[javdb.com]VDD-054 エレベーターガールin… ［脅迫スイートルーム］ Elevator Girl Azusa（24）長澤あずさ.mp4; magnet:?xt=urn:btih:547b03df2e51dd9f9c9b3e82263f3617614f44e0&dn=[javdb.com]1039276@VDD-054; magnet:?xt=urn:btih:8f9c73faec0caa2641ddbb60906ce43e35234e85&dn=[javdb.com]vdd-054 VIVID エレベーターガールin… ［脅迫スイートルーム］ Elevator Girl Azusa（24） 長澤あずさ; magnet:?xt=urn:btih:2330909e5548e72caf77eae6e8a36d1f2bfc4c0d&dn=[javdb.com]VDD-054; magnet:?xt=urn:btih:5b210efcc11f714c1a911cbd23df293d6708b1bf&dn=[javdb.com]struck@www.SexInSex.net@VDD-054
MOMJ-135 被盯上的妻子 長澤梓 顯示原標題,長澤あずさ,2010-12-02,MOMJ-135,https://javdb.com/v/ZNXn8,タカラ映像,4.63,120 分鍾,magnet:?xt=urn:btih:56fad9ab3b606f5f6232de19d64e2931f54f8d2b&dn=[javdb.com]Azusa Nagasawa – Targeted Wife [MOMJ-135].avi,magnet:?xt=urn:btih:56fad9ab3b606f5f6232de19d64e2931f54f8d2b&dn=[javdb.com]Azusa Nagasawa – Targeted Wife [MOMJ-135].avi; magnet:?xt=urn:btih:eb1ea91c067562918ac42ade01beadf19f70a90b&dn=[javdb.com]MOMJ-135; magnet:?xt=urn:btih:749b846a99177621f3b167ecc2205c2015f6a4da&dn=[javdb.com]MOMJ-135; magnet:?xt=urn:btih:3cad436a047819fd5c2210087e60df80813b8e07&dn=[javdb.com][MOMJ-135] Azusa Nagasawa - Intended Wife; magnet:?xt=urn:btih:637d194a4dc515607b58a430e091d32ff565111a&dn=[javdb.com]MOMJ-135.RI; magnet:?xt=urn:btih:8d6d02f4b767da28db7c38a92796c21ffddc562b&dn=[javdb.com]struck@SexInSex.net@MOMJ-135; magnet:?xt=urn:btih:02681fc37a69257a6fb945c71a26cc5da7db92f7&dn=[javdb.com]pietro-716@www.SexInSex.net@MOMJ-135
MAS-018 這女人超淫蕩。MAX No.04 顯示原標題,長澤あずさ,2010-12-02,MAS-018,https://javdb.com/v/YwnJ8,プレステージ,4.37,130 分鍾,magnet:?xt=urn:btih:a577d855bfa72d30e3a34fa99bb2e787e671b392&dn=[javdb.com]MAS-018-C.torrent,magnet:?xt=urn:btih:a577d855bfa72d30e3a34fa99bb2e787e671b392&dn=[javdb.com]MAS-018-C.torrent; magnet:?xt=urn:btih:65adcba446b1d1e7d6841834cc15401d224af2df&dn=[javdb.com]MAS-018.mp4; magnet:?xt=urn:btih:530e8eea15ac8b10f7542c6db8f0106f4c1afd3b&dn=[javdb.com]MAS-018.avi; magnet:?xt=urn:btih:b3535699b21d1aaf45ad0f2bf728ba69e35c53d7&dn=[javdb.com]Azusa Nagasawa - [PRESTIGE][MAS-018]この女の子、ムチャぶります。MAX No.04.avi; magnet:?xt=urn:btih:f50e1b607370603beb0e4cbccc696e6c1b6bd4b9&dn=[javdb.com]MAS-018.mp4; magnet:?xt=urn:btih:816be5a1f949f622c429dec9a6865603a14c3ddd&dn=[javdb.com]tanw或yk-3325@MAS_018; magnet:?xt=urn:btih:1ae511b683f351d6c96460eefd77274a3c7c5097&dn=[javdb.com]MAS-018-HD; magnet:?xt=urn:btih:19887406c1a9dfd418de7758577b65ca0b0f0d92&dn=[javdb.com]mas-018 -日本美女荡妇的欲望。梓长泽雅美; magnet:?xt=urn:btih:c1fb2c82f8b34ec976bb52f8993b593a06694a9a&dn=[javdb.com]MAS-018 AVI; magnet:?xt=urn:btih:9bb22d9dec56d0ab25af3fc039809f7e1fd8a08e&dn=[javdb.com]MAS-018; magnet:?xt=urn:btih:05695895a2350e20c51bbb0d9510b45881d2e1e4&dn=[javdb.com]Beauty.Girl.Max.No.04.MAS-018.Jav.Censored.DVDRip.XviD-MotTto; magnet:?xt=urn:btih:87a5821f29a956b22a42ccd1211570276a4d0b1f&dn=[javdb.com][MAS-018] Beauty Girl Max No.04 - Azusa Nagasawa; magnet:?xt=urn:btih:b339b6eb2d9b90bb688826d4946a44bdb0ab2041&dn=[javdb.com]MAS-018; magnet:?xt=urn:btih:d7e7b2d3819db8119f01d69c1a9de356d4c5dd16&dn=[javdb.com]Azusa Nagasawa-Beauty Girl Max No.04(MAS-018); magnet:?xt=urn:btih:b8ff367179902c4520bef652c83c45a4f033660c&dn=[javdb.com]mas-018 PRESTIGE この女の子、ムチャぶります。MAX No.04; magnet:?xt=urn:btih:7e8d365e83db7147a62cf89f5e8e2a8ecb60f686&dn=[javdb.com]MAS-018; magnet:?xt=urn:btih:bb0024c2700ff3822af07a379ba83c93966cb15d&dn=[javdb.com]MAS-018.RI; magnet:?xt=urn:btih:7c500af7c0803b931599551776035f02e32a8447&dn=[javdb.com]MAS-018; magnet:?xt=urn:btih:202cd25a3f965936b66e8bd349bbf112ede725c2&dn=[javdb.com]风一样的男Ren@www.sexinsex.net@MAS-018; magnet:?xt=urn:btih:eee04bce1ffc8551e806085dca99f796a8e94a5b&dn=[javdb.com]struck@SexInSex.net@MAS-018; magnet:?xt=urn:btih:8fbdc88dfbd6c48c405e1a011897f25579f3a9ef&dn=[javdb.com]pietro-716@www.SexInSex.net@MAS-018
VEMA-036 友人の妻はドスケベ家庭教師 長澤あずさ,長澤あずさ,2010-12-01,VEMA-036,https://javdb.com/v/veDNp,VENUS,4.38,90 分鍾,magnet:?xt=urn:btih:59afd00e04bed92321235a1fc1afe0d871480cb3&dn=[javdb.com]VEMA-036 友人の妻はドスケベ家庭教師 長澤あずさ[2010-12-01],magnet:?xt=urn:btih:59afd00e04bed92321235a1fc1afe0d871480cb3&dn=[javdb.com]VEMA-036 友人の妻はドスケベ家庭教師 長澤あずさ[2010-12-01]
WSS-147 回春◆巨乳サロン 長澤あずさ,長澤あずさ,2010-11-15,WSS-147,https://javdb.com/v/wKq31,ワープエンタテインメント,4.82,130 分鍾,magnet:?xt=urn:btih:6d41e6afe905b9ea099c3c7799b135c28930b040&dn=[javdb.com]wss-147-avi,magnet:?xt=urn:btih:6d41e6afe905b9ea099c3c7799b135c28930b040&dn=[javdb.com]wss-147-avi; magnet:?xt=urn:btih:babac5537ef1fad67d5b7132a4275e567a859c84&dn=[javdb.com]WSS-147.RI; magnet:?xt=urn:btih:629136a23468844031b6330a9a9982c2e922bd33&dn=[javdb.com]WSS-147; magnet:?xt=urn:btih:36fd07b62b695c13d43297b09b140d5426eb7598&dn=[javdb.com]1039276@WSS-147; magnet:?xt=urn:btih:f290bace3b993cfe9307cdec26d32dbdec313c78&dn=[javdb.com][wss-147] 回春巨乳 長澤; magnet:?xt=urn:btih:b58e29c04b799411d94c8b0738f46deac0260cc4&dn=[javdb.com]struck@www.SexInSex.net@WSS-147; magnet:?xt=urn:btih:270118f33e718806fed9471ea8893060091e7d2a&dn=[javdb.com]javset.com-WSS-147.wmv
EBOD-132 女人的身體要選擇純國産外國妞體型的才好。 長澤梓 顯示原標題,長澤あずさ,2010-10-13,EBOD-132,https://javdb.com/v/DR2vJ,E-BODY,4.48,120 分鍾,magnet:?xt=urn:btih:efa9679f6b86643f07e822da1242d32396e1995a&dn=[javdb.com][E-Body]Azusa Nagasawa [女のカラダは純産ガイジン型で選ぶ。](EBOD-132)(2010.10.13).avi,magnet:?xt=urn:btih:efa9679f6b86643f07e822da1242d32396e1995a&dn=[javdb.com][E-Body]Azusa Nagasawa [女のカラダは純産ガイジン型で選ぶ。](EBOD-132)(2010.10.13).avi; magnet:?xt=urn:btih:8059230ee555c5dc392989c7d1072603cd54b331&dn=[javdb.com]giogio-99-ebod-132.avi; magnet:?xt=urn:btih:1ad1356b7b2f738caf7774c446908d549e9a0490&dn=[javdb.com]tanwyk-3325@EBOD_132; magnet:?xt=urn:btih:43e478bbcde0fb74e089226c2ca12bafdbd215c8&dn=[javdb.com]giogio-99-ebod-132; magnet:?xt=urn:btih:368cbed4adfcc9b01defd4d8043eb9129744870a&dn=[javdb.com][EBOD-132] Azusa Nagasawa [Body Of The Woman Chooses In Net Domestic Integrated Foreigners]; magnet:?xt=urn:btih:4332d4bdb849bfcdfbc4ab3e99e16eb346065811&dn=[javdb.com]Azusa_Nagasawa.EBOD-132; magnet:?xt=urn:btih:86187d2cc34bf17e708d6fbb13d4f6932ce59a5a&dn=[javdb.com]EBOD-132; magnet:?xt=urn:btih:d7388b3c32b6aa93949ac3c27ad158fb90941777&dn=[javdb.com]ebod-132; magnet:?xt=urn:btih:eb0e359aad17675ca5b6decdc1a9ce7306977703&dn=[javdb.com]EBOD-132 純國貨豐滿美型體型選出女人 長澤Azusa; magnet:?xt=urn:btih:3fb6a49dbf2bc912e790ee18ffd75c36e35808d3&dn=[javdb.com]EBOD-132; magnet:?xt=urn:btih:e14d914e394c14310dfd654aef33b4ffca5d904c&dn=[javdb.com]judexkwok@www.sexinsex.net@EBOD-132 E-BODY 長澤あずさ; magnet:?xt=urn:btih:021440150a6793ba0d25ce3a688b54ec227f6e36&dn=[javdb.com]NikeのＢ@www.SexInSex.net@[E-BODY]長澤あずさ(EBOD-132); magnet:?xt=urn:btih:c93dec40e60795dea0b33004ec8c835c242ab4b0&dn=[javdb.com]Nike銇锛@www.SexInSex.net@EBOD-132
SUN-34 ボイン大好きしょう太くんのHなイタズラ 長澤あずさ,長澤あずさ,2010-10-07,SUN-34,https://javdb.com/v/4D5NE,Glory Quest,4.11,110 分鍾,magnet:?xt=urn:btih:58f71a45dfbdd5fc1e63f128364b87883af97187&dn=[javdb.com][email protected]@SUN-34ボイン大好きしょう太くんのＨなイタズラ　長澤あずさの介護士編.torrent,magnet:?xt=urn:btih:58f71a45dfbdd5fc1e63f128364b87883af97187&dn=[javdb.com][email protected]@SUN-34ボイン大好きしょう太くんのＨなイタズラ　長澤あずさの介護士編.torrent; magnet:?xt=urn:btih:960d4ecd42ac420345cb92fad82051d5ef3ba23d&dn=[javdb.com]SUN-34.wmv; magnet:?xt=urn:btih:25f7914eb0904392e93f56f779368d9bcf13118e&dn=[javdb.com]SUN-34.wmv; magnet:?xt=urn:btih:c28f3a57ab45af03021415571a1e7035e4146932&dn=[javdb.com][SUN-34] Azusa Nagasawa – Big Tits Loving Shota and Old Man
INU-002 東京ブルドック 02,長澤あずさ,2010-10-07,INU-002,https://javdb.com/v/a8kJ3,プレステージ,4.43,120 分鍾,magnet:?xt=urn:btih:c43eed2f2a67b1d5117a2b0b9b2102f1255e6ba1&dn=[javdb.com]INU-002.avi,magnet:?xt=urn:btih:c43eed2f2a67b1d5117a2b0b9b2102f1255e6ba1&dn=[javdb.com]INU-002.avi; magnet:?xt=urn:btih:37caf99badb10bfe27e9a832444dc027bf323b3a&dn=[javdb.com]inu-002.avi; magnet:?xt=urn:btih:9f0a006d50268f1d71915a152be6a7a4985a8eca&dn=[javdb.com]INU-002 东京同居女孩系列第二篇 巨乳女孩长泽梓; magnet:?xt=urn:btih:62c2b8e6d9571a89631158dd49901a5ee632a88d&dn=[javdb.com]INU-002 东京同居女孩系列第二篇 巨乳女孩长泽梓; magnet:?xt=urn:btih:b245edefb1cfae47a45c6abaf512c2d6ec71a36f&dn=[javdb.com]INU-002 東京ブルドック 02 あずさ; magnet:?xt=urn:btih:a8243c3f890a3e46584e99d8f2cfb05ca1b38f31&dn=[javdb.com]INU-002; magnet:?xt=urn:btih:eb2c36a788f7761a2ccd38793b3439c8f1c65a6f&dn=[javdb.com]INU-002; magnet:?xt=urn:btih:daf650f1ad3f6e16c3d3356ab7be7a7f1facd967&dn=[javdb.com]INU-002; magnet:?xt=urn:btih:a649934bb1c1085939df63ffec8c7600f35010a7&dn=[javdb.com]---jav4u.net.INU-002---.avi
FBD-004 穿衣巨乳 長澤梓 顯示原標題,長澤あずさ,2010-10-05,FBD-004,https://javdb.com/v/xAvBO,ドリームチケット,4.58,120 分鍾,magnet:?xt=urn:btih:513d780ef7f5306ebacfe38a92bf2b0efc3df848&dn=[javdb.com][email protected]@FBD-004.torrent,magnet:?xt=urn:btih:513d780ef7f5306ebacfe38a92bf2b0efc3df848&dn=[javdb.com][email protected]@FBD-004.torrent; magnet:?xt=urn:btih:e90284d228a7c88af877d7b680c3739cf37e216f&dn=[javdb.com]FBD-004.mp4; magnet:?xt=urn:btih:92fd9e53c4477968dda9fe7d17fe465f1420065c&dn=[javdb.com]FBD 004.avi; magnet:?xt=urn:btih:46c5e4e59c838771140b9d24e3c10acf955229b1&dn=[javdb.com]FBD-004
SDDE-231 三溫暖女郎的工作 長澤梓 顯示原標題,長澤あずさ,2010-09-09,SDDE-231,https://javdb.com/v/gy0rE,SOD Create,4.4,100 分鍾,magnet:?xt=urn:btih:68bd522c49c25a247469ce545c0ee3b41153d9d3&dn=[javdb.com][SOD][SDDE-231] サウナレディのお仕事 長澤あずさ(Nagasawa Azusa).avi,magnet:?xt=urn:btih:68bd522c49c25a247469ce545c0ee3b41153d9d3&dn=[javdb.com][SOD][SDDE-231] サウナレディのお仕事 長澤あずさ(Nagasawa Azusa).avi; magnet:?xt=urn:btih:4b75ddfe5f3b448de3b26041b2dc237dd186d154&dn=[javdb.com][FSHF][SDDE-231].AVI; magnet:?xt=urn:btih:3283b1a6248bfe8972c43dcd0a32275f93c78896&dn=[javdb.com]SDDE-231; magnet:?xt=urn:btih:2e073bebdc30eccd1810eb27be9ed1a98ed0709a&dn=[javdb.com]SDDE-231; magnet:?xt=urn:btih:a5b2272f31f72a90d9d8eb351eaba312341faa46&dn=[javdb.com]SDDE-231 サウナレディのお仕事 長澤あずさ; magnet:?xt=urn:btih:6249fc7a7e82ba04ce888c8c633a799702407dc2&dn=[javdb.com][SDDE-231]Azusa.Nagasawa–Sauna.Lady.Occupation; magnet:?xt=urn:btih:87e03033a65f358823e7ff468fa3d26481e71e28&dn=[javdb.com]SDDE-231 Sauna Lady Occupation (Azumi Nagasawa); magnet:?xt=urn:btih:038e5b3a08b6bfae46a2c6cd60971d4865255352&dn=[javdb.com][SDDE-231]Azusa.Nagasawa–Sauna.Lady.Occupation; magnet:?xt=urn:btih:d5b01616ab149e4a4d06362cdacfb6c5553708be&dn=[javdb.com]SDDE-231 サウナレディのお仕事 長澤あずさ; magnet:?xt=urn:btih:0d0ad8108e89638117823f4934bf5fce13d5054d&dn=[javdb.com]SDDE-231.RI
SDMT-171 長澤梓 趕不趕圍著一條毛巾泡男湯呢？ HARD 顯示原標題,長澤あずさ,2010-08-05,SDMT-171,https://javdb.com/v/yxrXZ,SOD Create,4.52,135 分鍾,magnet:?xt=urn:btih:56f5b3c7154a32e10a4fc469169482e9145ef941&dn=[javdb.com]겜플돌 [SOD] SDMT-171 Azusa Nagasawa (10.08.05),magnet:?xt=urn:btih:56f5b3c7154a32e10a4fc469169482e9145ef941&dn=[javdb.com]겜플돌 [SOD] SDMT-171 Azusa Nagasawa (10.08.05); magnet:?xt=urn:btih:6d430ae6c2b483d519605875aef8fc37dbf27a70&dn=[javdb.com]SDMT-171.avi; magnet:?xt=urn:btih:f252c1b921a67f8683e920785e4029eded995c28&dn=[javdb.com][SOD] SDMT-171 長澤あずさ 枚男湯入 2010-08.AVI; magnet:?xt=urn:btih:d022290eee79c9a5664c89dbf7516b41ec19abf3&dn=[javdb.com]SDMT_171; magnet:?xt=urn:btih:e9e4247e5b17f688753d3d7ed4771918f40d7426&dn=[javdb.com]色白云@第一会所@[SDMT-171]長澤あずさちゃん タオル一枚男湯入ってみませんか; magnet:?xt=urn:btih:a29a3398027e29ad4ddba466bace91940d8e847c&dn=[javdb.com]SDMT-171 Azusa Nagasawa - Big boobs lady taking hot bath; magnet:?xt=urn:btih:1b409f2023fdb6ada7a1d4e6b602b2c0f98fffec&dn=[javdb.com]SDMT-171; magnet:?xt=urn:btih:8fc5aa99bec438a36ab0fce073660558913de182&dn=[javdb.com]SDMT_171; magnet:?xt=urn:btih:f1ef0237fcc24df1c0c195e4efb1ac86a673bf23&dn=[javdb.com]SDMT-171; magnet:?xt=urn:btih:bb9a2fc7fee43fb19efc0d025dc2cb6e6ed3a162&dn=[javdb.com]SDMT-171.RI; magnet:?xt=urn:btih:8206ffa6ae424818cb3b16369dfa988d894ea0dd&dn=[javdb.com]SDMT-171 (SOD) 長澤あずさちゃん タオル一枚 男湯入ってみませんか; magnet:?xt=urn:btih:cc3cf8f6bc897b709f49dc84ab60435536922902&dn=[javdb.com]struck@SexInSex.net@SDMT-171; magnet:?xt=urn:btih:982d415fcfc1795f5ee48b3458af503ab9caa150&dn=[javdb.com]rr-307@www.sexinsex.net@(SDMT-171); magnet:?xt=urn:btih:751fcb9b0bea056e1c9cd1a9e7661b12cd22d02c&dn=[javdb.com]pietro-716@www.SexInSex.net@SDMT-171; magnet:?xt=urn:btih:8ce3286bfa2a3edc73738c0dd82c8ecbf09e10ea&dn=[javdb.com]仙人掌寻开心@www.sexinsex.net@(SDMT-171)
SDMT-152 超高級中出泡泡浴女郎 長澤梓 顯示原標題,長澤あずさ,2010-07-08,SDMT-152,https://javdb.com/v/Eb2R4,SOD Create,4.07,115 分鍾,magnet:?xt=urn:btih:2dfc7407bb9fce432ec767462ca186bdfe9b37b8&dn=[javdb.com][10.07.11] [SDMT-152] [SOD] (長澤あずさ) - 超高級中出しソ-プ孃.avi,magnet:?xt=urn:btih:2dfc7407bb9fce432ec767462ca186bdfe9b37b8&dn=[javdb.com][10.07.11] [SDMT-152] [SOD] (長澤あずさ) - 超高級中出しソ-プ孃.avi; magnet:?xt=urn:btih:aaa61c347bbb2b2f1a869a5309586fe0bd72fcb7&dn=[javdb.com][SDMT-152] Azusa Nagasawa - 長澤あずさ 超高級中出しソㅡプ孃 [10.07.11].AVI; magnet:?xt=urn:btih:1af6f4f5a84f8c1fcd7f2b498bbe0da20e80b6df&dn=[javdb.com]SDMT-152; magnet:?xt=urn:btih:f918e42a6b769d4b8a4b0bd073669634b59d7aeb&dn=[javdb.com]SDMT-152.RI; magnet:?xt=urn:btih:7a5bfa62398fcba8b2e1504970bd41e9347922db&dn=[javdb.com]SDMT-152; magnet:?xt=urn:btih:6e38c0b898dc7d888b5b90c1cc080a1f6372290e&dn=[javdb.com]struck@SexInSex.net@SDMT-152; magnet:?xt=urn:btih:21303b18eb198b933f20f43f5558a2a0870c1dea&dn=[javdb.com]roger-92402094@www.sexinsex.net@SDMT-152; magnet:?xt=urn:btih:4102f80459473a25b5108592661804d62bd171d1&dn=[javdb.com]pietro-716@www.SexInSex.net@SDMT-152
RBD-198 老公，原諒我吧…。 長澤梓 淫蕩的上下關係 顯示原標題,長澤あずさ,2010-06-07,RBD-198,https://javdb.com/v/6d5BE,Attackers,4.33,90 分鍾,magnet:?xt=urn:btih:840d696b81ede8122fcebebda17ca5c00676f809&dn=[javdb.com]rbd-198-C.torrent,magnet:?xt=urn:btih:c25ba23bae7a3723679fbf8dd3bb8f2626753a6d&dn=[javdb.com]RBD-198-U.无码破解.torrent; magnet:?xt=urn:btih:840d696b81ede8122fcebebda17ca5c00676f809&dn=[javdb.com]rbd-198-C.torrent; magnet:?xt=urn:btih:0ee8702d9fdd46d4f22c94b19c8ef0d08fce764a&dn=[javdb.com]RBD-198.avi; magnet:?xt=urn:btih:6f1e0cfe4a76aa73942edab5e0adf8b28714ed1f&dn=[javdb.com]나가사와 아즈사 Azusa Nagasawa (長澤あずさ) RBD-198 상사의 집에 갔다가 당하는 유부녀.avi; magnet:?xt=urn:btih:a92666bd7a1a5bdf42c74190f484daa28401cec9&dn=[javdb.com]RBD-198.avi; magnet:?xt=urn:btih:004c88414991aa3db012aeb4416d0c2ed5e33a78&dn=[javdb.com]长泽梓- 许..老公原谅..RBD-198 [attackers].avi; magnet:?xt=urn:btih:19e6b0be169f6191de522bd125c9c950bd224afc&dn=[javdb.com]RBD-198 Azusa Nagasawa; magnet:?xt=urn:btih:b5d67f1f3d70df7f81f4db2f660315e70bcfe009&dn=[javdb.com]RBD-198_HD_1080P; magnet:?xt=urn:btih:e137951e54da6a02e4f850609fe39ded739755f9&dn=[javdb.com]RBD-198 長澤あずさ 淫らな上下関係; magnet:?xt=urn:btih:8c806ce304f99ef25dbcf4e8b009fc9ada77b116&dn=[javdb.com]RBD-198 Azusa Nagasawa - Indecent relationship with boss; magnet:?xt=urn:btih:8e91c97bc4f14d1f52ec525a31562acd8b198819&dn=[javdb.com]RBD_198; magnet:?xt=urn:btih:10e060fc0d24504f690cf83623ad8f87eab256fb&dn=[javdb.com]RBD-198 あなた、許して…。 長澤あずさ 淫らな上下関係; magnet:?xt=urn:btih:7ec3bf2af7a9e7f00040fb9dabebc8b19ff9883e&dn=[javdb.com]RBD-198; magnet:?xt=urn:btih:63999f69fde116b4fcbda79f71ef4c0ed04694c1&dn=[javdb.com]RBD-198.RI; magnet:?xt=urn:btih:b4341488d3b29842d7cdfc1c10dcb2e751ca5bf7&dn=[javdb.com]RBD-198; magnet:?xt=urn:btih:0423113d0927040793a18f97800d700fe7262de0&dn=[javdb.com]朕还在@第一会所@[RBD-198]あなた、許して…。 長澤あずさ 淫らな上下関係; magnet:?xt=urn:btih:e892f3c495789c5e2717a91222a4ae3855d87a6b&dn=[javdb.com]struck@SexInSex.net@RBD-198; magnet:?xt=urn:btih:ec608bd2f7261e4c06a1b173b526b1a447267ea5&dn=[javdb.com]im-520@www.SexInSex.net@RBD-198
RBD-194 漂亮女主播 恥悅的節目開始5秒之前 長澤梓 顯示原標題,長澤あずさ,2010-05-07,RBD-194,https://javdb.com/v/3n5Ga,Attackers,4.06,110 分鍾,magnet:?xt=urn:btih:7143b97db9bfe4eb542bccc582ad69ce1891cbef&dn=[javdb.com]RBD-194-C.torrent,magnet:?xt=urn:btih:7143b97db9bfe4eb542bccc582ad69ce1891cbef&dn=[javdb.com]RBD-194-C.torrent; magnet:?xt=urn:btih:6fad0b161832802cd876b05c53727d56d02b6af0&dn=[javdb.com]▶요청◀ Azusa Nagasawa [RBD-194][10.05.07].avi; magnet:?xt=urn:btih:ba51ba96fea9830581129f69117fa45ff8724122&dn=[javdb.com]Azusa Nagasawa - [Attackers] [RBD-194][10.05.07].AVI; magnet:?xt=urn:btih:2acc409e0e816b87c290aa7d9c0694e19aa2c6ee&dn=[javdb.com]RBD-194; magnet:?xt=urn:btih:8598172699de6c6511ab816e38719e0ce3114e58&dn=[javdb.com]rbd-194-ch; magnet:?xt=urn:btih:7f859a695aabaf61e6f42e6fd3b8719450393f77&dn=[javdb.com]RBD-194; magnet:?xt=urn:btih:2197303eb5a96fd7ce708e03c90d843b49299298&dn=[javdb.com]RBD-194.RI; magnet:?xt=urn:btih:b143f42d09f13ba1b07b1c12d84d10874629957d&dn=[javdb.com]【hua-88668】【sex8.cc】RBD-194 美人キャスター耻悦の本番5秒前 長澤あずさ
SHKD-396 在老公的面前被侵犯- 為了要保護你… 長澤梓 顯示原標題,長澤あずさ,2010-02-07,SHKD-396,https://javdb.com/v/2maWq,Attackers,4.35,120 分鍾,magnet:?xt=urn:btih:26e98a4470227cd0e8de7e2f6639722b31929fc1&dn=[javdb.com]SHKD-396-C.torrent,magnet:?xt=urn:btih:26e98a4470227cd0e8de7e2f6639722b31929fc1&dn=[javdb.com]SHKD-396-C.torrent; magnet:?xt=urn:btih:4137a0f7098c3878be0ca76cfaec55aadb5e94e0&dn=[javdb.com]SHKD-396 .mp4; magnet:?xt=urn:btih:72db718fe69b9fbcc9033e57988428578697db0d&dn=[javdb.com]shkd-396-uncensored.torrent 无码破解; magnet:?xt=urn:btih:b8be4e37c3a9601bad601f5821d9f036c7d1c450&dn=[javdb.com]SHKD-396.mp4; magnet:?xt=urn:btih:187e5f05ac959c9dbe07b56608ee0b1701035c70&dn=[javdb.com]SHKD-396(死夜恶)夫目前犯- 守… 长泽.avi; magnet:?xt=urn:btih:4eda2540b329ddb6b02d66b045f131f7657dbd7f&dn=[javdb.com][Attackers]Azusa Nagasawa [夫の目の前で犯されて- あなたを守るため… 長澤あずさ](SHKD-396)(2010.02.07).avi; magnet:?xt=urn:btih:8e347512b14752624fbacfd02ca4632426b14b70&dn=[javdb.com]Azusa Nagasawa – Raped In Husband’s Presence [SHKD-396].avi; magnet:?xt=urn:btih:3214c79ba2e107126f132fa1edb93385e5ed9c61&dn=[javdb.com]Shkd-396.avi; magnet:?xt=urn:btih:7a572dde0fd2e5e978b112aea3db4b2c136af23c&dn=[javdb.com]SHKD 396.avi; magnet:?xt=urn:btih:2b71aa66ae797245eb14da5335b7141b5c64a45f&dn=[javdb.com]SHKD-396.avi; magnet:?xt=urn:btih:c8f1273a511d6c3856b70ee56853a5eb6992a929&dn=[javdb.com][FHD]SHKD-396; magnet:?xt=urn:btih:d4829564bf284aebf12ea98ba04a188f10da17ad&dn=[javdb.com]SHKD-396 夫の目の前で犯されて- あな; magnet:?xt=urn:btih:26e87fa1d8788c3112e978bd804e3a054deff37a&dn=[javdb.com]SHKD_396; magnet:?xt=urn:btih:6328c5cf9b57fa08d914f8504b33f79a0b711424&dn=[javdb.com]#_SHKD-396; magnet:?xt=urn:btih:33b57aeae4e21c13b5ab70dc53598fe8bc14e922&dn=[javdb.com]SHKD-396; magnet:?xt=urn:btih:b899558018bc85c11976c7444533ce624163c05e&dn=[javdb.com]SHKD-396; magnet:?xt=urn:btih:ab599a9e65998062559bced7fae06a5ef0799693&dn=[javdb.com]SHKD-396; magnet:?xt=urn:btih:83407d424eeba6e0f8765aacb41b86f8446c9dea&dn=[javdb.com]SHKD-396; magnet:?xt=urn:btih:14356bbf683a315fe6faa441c61b2b99663c1ad7&dn=[javdb.com]SHKD-396.RI; magnet:?xt=urn:btih:c37b190e752064d0456d4527101ac909d5d99b4b&dn=[javdb.com]【羽翼的风】SHKD-396; magnet:?xt=urn:btih:563e7d22dc1ce3bbfe0671994e1fc6e5440b7e39&dn=[javdb.com]SHKD-396; magnet:?xt=urn:btih:fcc69b21fa5643f339f92bc58748e29eceee5d76&dn=[javdb.com]SHKD-396.themegaerotic.com.avi; magnet:?xt=urn:btih:cb868544133e6443338000cbf3e4cf18853b51e3&dn=[javdb.com]struck@www.SexInSex.net@Shkd-396; magnet:?xt=urn:btih:0ac0c9fdc5f98cf0951c78a02eb1a8cb3d1a3899&dn=[javdb.com]18619315@www.sexinsex.net@SHKD-396; magnet:?xt=urn:btih:7917869733f319c2b21b0b3ede60b82e2e595874&dn=[javdb.com]im-520@www.SexInSex.net@SHKD-396
SHKD-394 青梅竹馬家教 個人教學的回憶 長澤梓 顯示原標題,長澤あずさ,2010-01-07,SHKD-394,https://javdb.com/v/qADRP,Attackers,4.39,120 分鍾,magnet:?xt=urn:btih:dc850c67a6820cd55efe38b958a3b10f70c7cf2f&dn=[javdb.com]shkd-394-C.torrent,magnet:?xt=urn:btih:dc850c67a6820cd55efe38b958a3b10f70c7cf2f&dn=[javdb.com]shkd-394-C.torrent; magnet:?xt=urn:btih:81784e99d41d3bd598d608a5e9c5ca3cd8927905&dn=[javdb.com][中文字幕]長澤あずさ Azusa Nagasawa - 幼なじみ家庭師 思い出の個人授業 (SHKD-394).avi; magnet:?xt=urn:btih:84b8c05157be9d6081a69bc14a1dbe302453285b&dn=[javdb.com]나가사와 아즈사 Azusa Nagasawa (長澤あずさ) SHKD-394 과외 선생을 성노예로 만드는 부자.avi; magnet:?xt=urn:btih:6bfa79e22f5791fe79d7ef9ef2d23cfefda0daec&dn=[javdb.com]SHKD-394.avi; magnet:?xt=urn:btih:a5909ca50cff57d48ff92d6c4cdacb647bff28ad&dn=[javdb.com]fhm-2888@第一会所@SHKD-394 家庭教师长泽梓; magnet:?xt=urn:btih:305cb7571db7a7c85022aea0ba2bcac40aa7fd54&dn=[javdb.com]SHKD-394; magnet:?xt=urn:btih:91833d3212cdd90d69cb9b0884db388a7ee51c92&dn=[javdb.com]SHKD-394-AVI@Touch-99; magnet:?xt=urn:btih:f6b025f64231d8371ba3a2abcbc51cf2348d1021&dn=[javdb.com]SHKD-394; magnet:?xt=urn:btih:f6c59490253fb7629f28fcaa15dbfc48fa58895a&dn=[javdb.com]SHKD-394.RI; magnet:?xt=urn:btih:21bc7d220de2d9c40a3ec290e7f2d047f83df67a&dn=[javdb.com]SHKD-394 幼なじみ家庭教師 思い出の個人授業 長澤あずさ; magnet:?xt=urn:btih:f3243f62bf80821e201b762c4461f18304bc0600&dn=[javdb.com]SHKD-394; magnet:?xt=urn:btih:aede51761b419a005a612d146fc0690daecf7183&dn=[javdb.com]struck@www.SexInSex.net@SHKD-394; magnet:?xt=urn:btih:c5f90b358875b23169269c0f0d5b3989f28d75c8&dn=[javdb.com]18619315@www.sexinsex.net@shkd-394
SHKD-391 全てが終わってしまうから… 新任ピアノ教師・終わりなき旋律 長澤あずさ,長澤あずさ,2009-12-07,SHKD-391,https://javdb.com/v/r3mXJ,Attackers,4.1,120 分鍾,magnet:?xt=urn:btih:fc587638c1971397f58d4ffefff7d4503ad9958a&dn=[javdb.com]SHKD-391-C.torrent,magnet:?xt=urn:btih:fc587638c1971397f58d4ffefff7d4503ad9958a&dn=[javdb.com]SHKD-391-C.torrent; magnet:?xt=urn:btih:71c9f5ed4ce42ebbd460904c9f98ad587f61e240&dn=[javdb.com]00105_SHKD-391.avi; magnet:?xt=urn:btih:e6a5e4b2712a7ddf6b4b9fde4746daa60e115eeb&dn=[javdb.com]SHKD-391; magnet:?xt=urn:btih:ef4508f8103170bb3c0fb20ee0d209a0d6d6d62b&dn=[javdb.com]SHKD-391 全てが終わってしまうから… 新任ピアノ教師; magnet:?xt=urn:btih:74d591a68783beb4683882394234515feee395b4&dn=[javdb.com]SHKD-391; magnet:?xt=urn:btih:d70d4009fabbc530215f50cddfc73930349a5ec0&dn=[javdb.com]SHKD-391.RI; magnet:?xt=urn:btih:f2669625eb108ad21185e8f3f9b3bcab08409587&dn=[javdb.com]SHKD-391 一切都结束了… 新来的钢琴教師·无法停下的旋律 長澤あずさ.rmvb; magnet:?xt=urn:btih:8cc7a1402e0a6918d4a01b54bd605f0fb8cefbaa&dn=[javdb.com]littlefatbee@www.sexinsex.net@SHKD-391; magnet:?xt=urn:btih:416ca290248f4d21498412c35fb635c4794c1f70&dn=[javdb.com]struck@www.SexInSex.net@SHKD-391; magnet:?xt=urn:btih:e69ba3e799bb13eb5c7b978efa7ff9f6c2b1e83f&dn=[javdb.com]SHKD-391.themegaerotic.com.avi; magnet:?xt=urn:btih:d5862473d9e7a22a3198eb7a841d9bc1d652bdca&dn=[javdb.com]18619315@www.sexinsex.net@shkd-391
SOE-290 極限馬賽克 在自家養的巨乳寵物 長澤梓 顯示原標題,長澤あずさ,2009-10-07,SOE-290,https://javdb.com/v/e8KJp,S1 NO.1 STYLE,4.14,120 分鍾,magnet:?xt=urn:btih:5593ea48eb2e47cc5b21be6deba9f6e9d039bc41&dn=[javdb.com]SOE-290-C.torrent,magnet:?xt=urn:btih:5593ea48eb2e47cc5b21be6deba9f6e9d039bc41&dn=[javdb.com]SOE-290-C.torrent; magnet:?xt=urn:btih:b6b15a83b94bb1999456c39e49d9d10b2833386e&dn=[javdb.com]soe-290; magnet:?xt=urn:btih:4b67063214fdcb304aaf99c4ebd455acbb37114f&dn=[javdb.com]나가사와 아즈사 Azusa Nagasawa (長澤あずさ) SOE-290 하드코어 SM에 눈을 뜬 그녀.avi; magnet:?xt=urn:btih:6f2e79f42b1d8f1f61996e74930a4ca79dc33f1c&dn=[javdb.com]SOE-290; magnet:?xt=urn:btih:4be617477ceaf19b195c7f958d8d2732b23754df&dn=[javdb.com]struck@www.SexInSex.net@SOE-290
SOE-275 極限馬賽克 家教的露胸教學 長澤梓 顯示原標題,長澤あずさ,2009-09-07,SOE-275,https://javdb.com/v/7y6wB,S1 NO.1 STYLE,4.17,120 分鍾,magnet:?xt=urn:btih:f61943a03b1b10cfaedf20b0dc5860724d727cd9&dn=[javdb.com]soe-275-C.torrent,magnet:?xt=urn:btih:f61943a03b1b10cfaedf20b0dc5860724d727cd9&dn=[javdb.com]soe-275-C.torrent; magnet:?xt=urn:btih:395ce43c199f4252d24c0b13c7be1fcedb41c12f&dn=[javdb.com]SOE-275-C.rmvb; magnet:?xt=urn:btih:2cb6d9e918d15b7a162b7884c9e69bb27772f54d&dn=[javdb.com]Azusa Nagasawa (長澤あずさ) - [S1] ギリモザ 家庭敎師の胸チラ授業 長澤あずさ (SOE-275).avi; magnet:?xt=urn:btih:84f677bf77108978b2977c9d793ce13784145676&dn=[javdb.com]soe-275_hdMP4; magnet:?xt=urn:btih:28decc0fbed0809b8deb2445039d87b0e7b8f38d&dn=[javdb.com]SOE-275; magnet:?xt=urn:btih:7f284ff016f66ff33f5e0f34a4456c2ce390b665&dn=[javdb.com]struck@www.SexInSex.net@SOE-275
SOE-268 極限馬賽克 爆乳妹穿角色扮演服裝幹砲！ 長澤梓 顯示原標題,長澤あずさ,2009-08-19,SOE-268,https://javdb.com/v/P9Qr9,S1 NO.1 STYLE,4.46,230 分鍾,magnet:?xt=urn:btih:d4e5efa1e8924cf08f0cd9aa34f280b2d2116641&dn=[javdb.com]Azusa Nagasawa – Big Breasts Costumes Pako Pako! [SOE-268],magnet:?xt=urn:btih:d4e5efa1e8924cf08f0cd9aa34f280b2d2116641&dn=[javdb.com]Azusa Nagasawa – Big Breasts Costumes Pako Pako! [SOE-268]; magnet:?xt=urn:btih:8932b121fd9e04ee5ebdb3fc476a5dcc8df2c4c6&dn=[javdb.com]SOE-268; magnet:?xt=urn:btih:052a23c7bc450412ad5eecf384f85430eea1de5c&dn=[javdb.com]soe-268; magnet:?xt=urn:btih:74a9151d05b6df4f43df8a09a7db72aadd097e19&dn=[javdb.com]struck@www.SexInSex.net@SOE-268
SOE-251 ギリモザ バコバコ乱交 長澤あずさ,長澤あずさ,2009-07-19,SOE-251,https://javdb.com/v/nKeve,S1 NO.1 STYLE,4.63,120 分鍾,magnet:?xt=urn:btih:62930af06072863667da790eedd25b4e0f449cbe&dn=[javdb.com]Azusa Nagasawa – Bako Bako Orgy [SOE-251].avi,magnet:?xt=urn:btih:62930af06072863667da790eedd25b4e0f449cbe&dn=[javdb.com]Azusa Nagasawa – Bako Bako Orgy [SOE-251].avi; magnet:?xt=urn:btih:46a32d6614f9e2ff97b1e5d9c35c712cb9cad1f1&dn=[javdb.com]SOE-251.avi; magnet:?xt=urn:btih:ebe1bcf0f8503ebec8a2f5387597ad44fa544839&dn=[javdb.com]SOE-251(by Rory); magnet:?xt=urn:btih:7097372c44305d992c0d3a2d2b15638cea68b66a&dn=[javdb.com]SOE-251; magnet:?xt=urn:btih:5c4103c64f8aeace7e88a4f92f98bccb94f9dd7a&dn=[javdb.com]struck@www.SexInSex.net@SOE-251
SOE-235 ギリモザ あずさの乳がデカすぎて。 長澤あずさ,長澤あずさ,2009-06-19,SOE-235,https://javdb.com/v/OX2gv,S1 NO.1 STYLE,4.31,120 分鍾,magnet:?xt=urn:btih:932fbd4b5a82230b5d94fcf6d5d1bd764c8b73ef&dn=[javdb.com]SOE-235.avi,magnet:?xt=urn:btih:932fbd4b5a82230b5d94fcf6d5d1bd764c8b73ef&dn=[javdb.com]SOE-235.avi; magnet:?xt=urn:btih:8af5115fa78a2d4464faa0b4d0df2a0e02862ec7&dn=[javdb.com]SOE_235; magnet:?xt=urn:btih:ff6813b377a5b751196fba326a94c260dcc68a6b&dn=[javdb.com]SOE-235(by Rory); magnet:?xt=urn:btih:c8eec498fe020aaeed5933f610de8a2611e936c2&dn=[javdb.com]SOE-235; magnet:?xt=urn:btih:bc3027d1cc91fee2f89aa4ccb2896a3ad450f322&dn=[javdb.com]SOE-235; magnet:?xt=urn:btih:8fc967107ed127dafb963340ea104fcc9cdbee1f&dn=[javdb.com]struck@www.SexInSex.net@SOE-235
SOE-221 極限馬賽克 失禁羞恥性高潮 長澤梓 顯示原標題,長澤あずさ,2009-05-19,SOE-221,https://javdb.com/v/Kk4Gb,S1 NO.1 STYLE,3.73,120 分鍾,magnet:?xt=urn:btih:0f15c04033bf24841716088d3ea084c75724b5de&dn=[javdb.com]SOE_221,magnet:?xt=urn:btih:0f15c04033bf24841716088d3ea084c75724b5de&dn=[javdb.com]SOE_221; magnet:?xt=urn:btih:a18a69a157b8b10a0f4f49fd4ed15ec31c648b56&dn=[javdb.com][09.05.19] [SOE-221] [S1] (長澤あずさ) - ギリモザ 失禁羞恥エクスタシ.avi; magnet:?xt=urn:btih:ad803e4c5fa2c09cd77622ebebeab5a2147e9b0f&dn=[javdb.com]SOE-221.avi; magnet:?xt=urn:btih:36bdf10b63e76c86484dd529d83496eb6265e8a1&dn=[javdb.com]Azusa Nagasawa - Shameful Ecstasy Incontinence [SOE-221].avi; magnet:?xt=urn:btih:73eafa0ed6445d7a6a2b97235ef5b5487c5c6e19&dn=[javdb.com]SOE_221[sogclub No.3]; magnet:?xt=urn:btih:0832848b9e07aebfa7cb622e5a09b54e08e7def9&dn=[javdb.com]SOE-221; magnet:?xt=urn:btih:12ecb49fafb500b25af754dc5e85e7409481ffde&dn=[javdb.com]SOE-221; magnet:?xt=urn:btih:4c66180a83145e1e7975ddb5293c98ff18a9c894&dn=[javdb.com]struck@www.SexInSex.net@SOE-221
SOE-205 極限馬賽克 尖叫！爆炸性愛 長澤梓 顯示原標題,長澤あずさ,2009-04-19,SOE-205,https://javdb.com/v/z4KD7,S1 NO.1 STYLE,4.0,120 分鍾,magnet:?xt=urn:btih:0b4fcf369e9e199dcd387251e5dd87e82f2e8560&dn=[javdb.com][email protected]@SOE-205.torrent,magnet:?xt=urn:btih:0b4fcf369e9e199dcd387251e5dd87e82f2e8560&dn=[javdb.com][email protected]@SOE-205.torrent
SOE-189 ギリモザ 無限絶頂！激イカセFUCK 長澤あずさ,長澤あずさ,2009-03-19,SOE-189,https://javdb.com/v/J02WB,S1 NO.1 STYLE,4.29,120 分鍾,magnet:?xt=urn:btih:3ea411ef70b3a43c7226bfa5882208af8946c990&dn=[javdb.com]Azusa Nagasawa – Endless Climax Ultra Ecstasy Fuck [SOE-189].avi,magnet:?xt=urn:btih:3ea411ef70b3a43c7226bfa5882208af8946c990&dn=[javdb.com]Azusa Nagasawa – Endless Climax Ultra Ecstasy Fuck [SOE-189].avi; magnet:?xt=urn:btih:cc1cf44826451978f4f665e3e59017cad7fcb1da&dn=[javdb.com]【淫满魔女】SOE-189 YINMAN; magnet:?xt=urn:btih:6762da473860c33628b2ab6744d202ca077411e4&dn=[javdb.com]SOE-189; magnet:?xt=urn:btih:ab57298b735d8a2db5c10cef77ac60a3ddf26c5a&dn=[javdb.com]struck@www.SexInSex.net@SOE-189
SOE-172 ギリモザ 6つのコスチュームでパコパコ！ 長澤あずさ,長澤あずさ,2009-02-19,SOE-172,https://javdb.com/v/V4wpq,S1 NO.1 STYLE,4.0,120 分鍾,magnet:?xt=urn:btih:1bfcd1feeb35712cb63341048a70e6cb10f56a70&dn=[javdb.com]SOE-172,magnet:?xt=urn:btih:1bfcd1feeb35712cb63341048a70e6cb10f56a70&dn=[javdb.com]SOE-172; magnet:?xt=urn:btih:fd524be3c9c31a058a67a43600a964942a0c7e35&dn=[javdb.com]SOE-172; magnet:?xt=urn:btih:44d6d0bd943d502dcd9bb3826133b50aba51adbc&dn=[javdb.com]【SEX8.cc】(SOE-172)
SOE-152 ギリモザ ネットリ濃厚セックス 長澤あずさ,長澤あずさ,2009-01-19,SOE-152,https://javdb.com/v/QNVgG,S1 NO.1 STYLE,3.86,120 分鍾,magnet:?xt=urn:btih:e4a9a9cdca0c81e92293347f1a731d095424fcdf&dn=[javdb.com]Azusa Nagasawa - Thick Sex [SOE-152],magnet:?xt=urn:btih:e4a9a9cdca0c81e92293347f1a731d095424fcdf&dn=[javdb.com]Azusa Nagasawa - Thick Sex [SOE-152]; magnet:?xt=urn:btih:dcd41c4539cd35ea82ea2e11bde2c8f5e902b4b6&dn=[javdb.com]struck@www.SexInSex.net@SOE-152
SOE-131 了解×ギリモザ 新人ギリモザ 長澤あずさ,長澤あずさ,2008-12-19,SOE-131,https://javdb.com/v/XeWvP,S1 NO.1 STYLE,4.22,120 分鍾,magnet:?xt=urn:btih:bfa2cb7f953ccce992f53793b56d14132b64b9d5&dn=[javdb.com]SOE-131.avi,magnet:?xt=urn:btih:bfa2cb7f953ccce992f53793b56d14132b64b9d5&dn=[javdb.com]SOE-131.avi; magnet:?xt=urn:btih:f08150b9e96dd1e32197066c2f2f3dda64f50c12&dn=[javdb.com][SOE-131] new face Minimal Mosaic Nagasawa Azusa (2008); magnet:?xt=urn:btih:a2c6911b8a3c21a07b537d59a9f9b91f61281e3b&dn=[javdb.com]SOE-131; magnet:?xt=urn:btih:695697fa64d3f6d563733b810c20f85ad7e2ac44&dn=[javdb.com]SOE-131; magnet:?xt=urn:btih:e2c06e33e87c77b3c4b2128508bf2fed64b76bb3&dn=[javdb.com]SOE-131; magnet:?xt=urn:btih:0f8c08a16518153c65182f52d3e4701ccf1eb0cb&dn=[javdb.com]struck@www.SexInSex.net@SOE-131
MMND-035 『AV無理2』 長澤あずさ,長澤あずさ,2008-08-01,MMND-035,https://javdb.com/v/bKAde,未満,4.33,120 分鍾,magnet:?xt=urn:btih:50299256c547b6433fd8ed63fdfc67b2f13aa5be&dn=[javdb.com]MMND-035,magnet:?xt=urn:btih:50299256c547b6433fd8ed63fdfc67b2f13aa5be&dn=[javdb.com]MMND-035; magnet:?xt=urn:btih:dbbe9713e374f895d342d8781f72414f81b9dabd&dn=[javdb.com]MMND-035; magnet:?xt=urn:btih:5ec6f097fb34f03bd25a8bb342acef40b709a559&dn=[javdb.com]MMND-035; magnet:?xt=urn:btih:199c0da5071b2396ea50c9414cd4abf62a312843&dn=[javdb.com]DivX+nike(MMND-035); magnet:?xt=urn:btih:72e2280c8987d650d7a7350a3e9a4cb8590d0d1a&dn=[javdb.com][52-iv.net原创发布]MMND-035; magnet:?xt=urn:btih:5a9dd62da8051583e2b999d62fdce2d0f86a6d72&dn=[javdb.com]MMND-035-www.youiv.net.avi; magnet:?xt=urn:btih:e9e21b114b392029ecdbeac39d8fb30d73aeffe2&dn=[javdb.com]struck@SexInSex.net@MMND-035
嗯… 无法访问此页面,長澤あずさ,N/A,N/A,https://javdb.com/v/z4Kg7,N/A,N/A,N/A,,
